URL,title,current_word_count,indexed_status,clicks,impressions,CTR,average_position,top_query,query_overlap,current_classification,recommended_next_action,confidence,evidence_source
"https://thesamachardaily.in/articles/business/7-essential-hr-software-features-you-cant-ignore/","HR Leaders Urged to Adopt Seven Core Software Features for Efficiency","129","INDEXABLE (LIVE)","UNAVAILABLE","UNAVAILABLE","UNAVAILABLE","UNAVAILABLE","INSUFFICIENT_DATA","NONE","B — TARGETED ENRICHMENT CANDIDATE","SOURCE_VERIFICATION_THEN_ENRICH","HIGH","PHASE_6C_AUDIT / REPOSITORY_EVIDENCE"
"https://thesamachardaily.in/articles/business/arizona-home-lost-to-hoa-foreclosure-over-977-debt-owner-claims/","Arizona Home Lost to HOA Foreclosure Over $977 Debt, Owner Claims","53","INDEXABLE (LIVE)","UNAVAILABLE","UNAVAILABLE","UNAVAILABLE","UNAVAILABLE","INSUFFICIENT_DATA","NONE","A — KEEP AS IS","PRESERVE_LOW_PRIORITY","HIGH","PHASE_6C_AUDIT / REPOSITORY_EVIDENCE"
"https://thesamachardaily.in/articles/business/asian-lng-demand-set-to-fall-310-as-prices-surge-after-qatarenergy-halt/","Asian LNG Demand Set to Fall 3‑10% as Prices Surge After QatarEnergy Halt","116","INDEXABLE (LIVE)","UNAVAILABLE","UNAVAILABLE","UNAVAILABLE","UNAVAILABLE","INSUFFICIENT_DATA","NONE","B — TARGETED ENRICHMENT CANDIDATE","SOURCE_VERIFICATION_THEN_ENRICH","HIGH","PHASE_6C_AUDIT / REPOSITORY_EVIDENCE"
"https://thesamachardaily.in/articles/business/bank-strike-hits-assam-demands-fiveday-week-pension-overhaul-pli-repeal/","Bank strike hits Assam, demands five‑day week, pension overhaul, PLI repeal","77","INDEXABLE (LIVE)","UNAVAILABLE","UNAVAILABLE","UNAVAILABLE","UNAVAILABLE","INSUFFICIENT_DATA","NONE","B — TARGETED ENRICHMENT CANDIDATE","SOURCE_VERIFICATION_THEN_ENRICH","HIGH","PHASE_6C_AUDIT / REPOSITORY_EVIDENCE"
"https://thesamachardaily.in/articles/business/bengalurus-paid-parking-plan-20-roads-set-for-rollout-3-crore-annual-revenue-expected/","Bengaluru launches paid parking on 20 central roads, targeting ₹3 cr annual revenue","146","INDEXABLE (LIVE)","UNAVAILABLE","UNAVAILABLE","UNAVAILABLE","UNAVAILABLE","INSUFFICIENT_DATA","NONE","B — TARGETED ENRICHMENT CANDIDATE","SOURCE_VERIFICATION_THEN_ENRICH","HIGH","PHASE_6C_AUDIT / REPOSITORY_EVIDENCE"
"https://thesamachardaily.in/articles/business/boomers-flock-to-five-high-yield-dividend-stocks-claim-no-yield-traps/","Boomers Flock to Five High-Yield Dividend Stocks, Claim No Yield Traps","78","INDEXABLE (LIVE)","UNAVAILABLE","UNAVAILABLE","UNAVAILABLE","UNAVAILABLE","INSUFFICIENT_DATA","NONE","B — TARGETED ENRICHMENT CANDIDATE","SOURCE_VERIFICATION_THEN_ENRICH","HIGH","PHASE_6C_AUDIT / REPOSITORY_EVIDENCE"
"https://thesamachardaily.in/articles/business/butterhands-adds-second-gurugram-outlet-with-new-caf-at-dlf-summit-plaza/","ButterHands adds second Gurugram outlet with new café at DLF Summit Plaza","85","INDEXABLE (LIVE)","UNAVAILABLE","UNAVAILABLE","UNAVAILABLE","UNAVAILABLE","INSUFFICIENT_DATA","NONE","B — TARGETED ENRICHMENT CANDIDATE","SOURCE_VERIFICATION_THEN_ENRICH","HIGH","PHASE_6C_AUDIT / REPOSITORY_EVIDENCE"
"https://thesamachardaily.in/articles/business/cbic-to-push-msmes-into-emi-scheme-as-enrolments-stay-under-1000/","CBIC to push MSMEs into EMI scheme as enrolments stay under 1,000","107","INDEXABLE (LIVE)","UNAVAILABLE","UNAVAILABLE","UNAVAILABLE","UNAVAILABLE","INSUFFICIENT_DATA","NONE","B — TARGETED ENRICHMENT CANDIDATE","SOURCE_VERIFICATION_THEN_ENRICH","HIGH","PHASE_6C_AUDIT / REPOSITORY_EVIDENCE"
"https://thesamachardaily.in/articles/business/chatham-county-weighs-new-parking-plan-requirement-for-shortterm-rentals/","Chatham County weighs new parking plan requirement for short‑term rentals","88","INDEXABLE (LIVE)","UNAVAILABLE","UNAVAILABLE","UNAVAILABLE","UNAVAILABLE","INSUFFICIENT_DATA","NONE","B — TARGETED ENRICHMENT CANDIDATE","SOURCE_VERIFICATION_THEN_ENRICH","HIGH","PHASE_6C_AUDIT / REPOSITORY_EVIDENCE"
"https://thesamachardaily.in/articles/business/cipla-pharma-license-cancellation-fda-withdraws-order-after-hc-raps-it-for-going-over/","India's FDA pulls Cipla license cancellation after High Court rebuke","121","INDEXABLE (LIVE)","UNAVAILABLE","UNAVAILABLE","UNAVAILABLE","UNAVAILABLE","INSUFFICIENT_DATA","NONE","B — TARGETED ENRICHMENT CANDIDATE","LATER_PHASE_BACKLOG","MEDIUM","PHASE_6C_AUDIT / REPOSITORY_EVIDENCE"
"https://thesamachardaily.in/articles/business/comso-demands-transparent-st-representation-in-mrb-officer-recruitment/","CoMSO demands transparent ST representation in MRB officer recruitment","84","INDEXABLE (LIVE)","UNAVAILABLE","UNAVAILABLE","UNAVAILABLE","UNAVAILABLE","INSUFFICIENT_DATA","NONE","C — INVESTIGATE SEARCH INTENT","MANUAL_EDITORIAL_REVIEW","LOW","PHASE_6C_AUDIT / REPOSITORY_EVIDENCE"
"https://thesamachardaily.in/articles/business/crude-oil-us-tariffs-on-russian-oil-and-west-asia-tensions-set-to-steer-indian-equiti/","Crude oil, US tariffs on Russian oil and West Asia tensions set to steer Indian equities this week","92","INDEXABLE (LIVE)","UNAVAILABLE","UNAVAILABLE","UNAVAILABLE","UNAVAILABLE","INSUFFICIENT_DATA","NONE","B — TARGETED ENRICHMENT CANDIDATE","SOURCE_VERIFICATION_THEN_ENRICH","HIGH","PHASE_6C_AUDIT / REPOSITORY_EVIDENCE"
"https://thesamachardaily.in/articles/business/dare-biosciences-hc-wainwright-conference-presentation-now-ondemand/","Dare Bioscience’s H.C. Wainwright Conference Presentation Now On‑Demand","83","INDEXABLE (LIVE)","UNAVAILABLE","UNAVAILABLE","UNAVAILABLE","UNAVAILABLE","INSUFFICIENT_DATA","NONE","B — TARGETED ENRICHMENT CANDIDATE","SOURCE_VERIFICATION_THEN_ENRICH","HIGH","PHASE_6C_AUDIT / REPOSITORY_EVIDENCE"
"https://thesamachardaily.in/articles/business/delaware-is-quietly-stealing-floridas-retirees-and-the-tax-math-explains-why/","Delaware Attracts Florida Retirees as Tax Advantages Prompt Relocation","147","INDEXABLE (LIVE)","UNAVAILABLE","UNAVAILABLE","UNAVAILABLE","UNAVAILABLE","INSUFFICIENT_DATA","NONE","B — TARGETED ENRICHMENT CANDIDATE","LATER_PHASE_BACKLOG","MEDIUM","PHASE_6C_AUDIT / REPOSITORY_EVIDENCE"
"https://thesamachardaily.in/articles/business/dolby-vision-tv-revenue-projected-at-27b-in-2025-over-67b-by-2032/","Dolby Vision TV Revenue Projected at $27B in 2025, Over $67B by 2032","81","INDEXABLE (LIVE)","UNAVAILABLE","UNAVAILABLE","UNAVAILABLE","UNAVAILABLE","INSUFFICIENT_DATA","NONE","B — TARGETED ENRICHMENT CANDIDATE","SOURCE_VERIFICATION_THEN_ENRICH","HIGH","PHASE_6C_AUDIT / REPOSITORY_EVIDENCE"
"https://thesamachardaily.in/articles/business/dow-jones-futures-point-to-near-51700-as-wall-street-opens-monday/","Dow Jones Futures Point to Near 51,700 as Wall Street Opens Monday","60","INDEXABLE (LIVE)","UNAVAILABLE","UNAVAILABLE","UNAVAILABLE","UNAVAILABLE","INSUFFICIENT_DATA","NONE","B — TARGETED ENRICHMENT CANDIDATE","SOURCE_VERIFICATION_THEN_ENRICH","HIGH","PHASE_6C_AUDIT / REPOSITORY_EVIDENCE"
"https://thesamachardaily.in/articles/business/dra-snaps-up-10acre-chennai-plot-for-rs-159-cr-eyes-rs-1200-cr-housing-venture/","DRA snaps up 10‑acre Chennai plot for Rs 159 cr, eyes Rs 1,200 cr housing venture","79","INDEXABLE (LIVE)","UNAVAILABLE","UNAVAILABLE","UNAVAILABLE","UNAVAILABLE","INSUFFICIENT_DATA","NONE","B — TARGETED ENRICHMENT CANDIDATE","SOURCE_VERIFICATION_THEN_ENRICH","HIGH","PHASE_6C_AUDIT / REPOSITORY_EVIDENCE"
"https://thesamachardaily.in/articles/business/ecb-calls-on-online-and-mobile-merchants-to-join-digital-euro-pilot/","ECB Calls on Online and Mobile Merchants to Join Digital Euro Pilot","66","INDEXABLE (LIVE)","UNAVAILABLE","UNAVAILABLE","UNAVAILABLE","UNAVAILABLE","INSUFFICIENT_DATA","NONE","B — TARGETED ENRICHMENT CANDIDATE","SOURCE_VERIFICATION_THEN_ENRICH","HIGH","PHASE_6C_AUDIT / REPOSITORY_EVIDENCE"
"https://thesamachardaily.in/articles/business/experts-press-fda-for-clear-safety-and-access-rules-on-psychedelic-drugs/","Experts Press FDA for Clear Safety and Access Rules on Psychedelic Drugs","81","INDEXABLE (LIVE)","UNAVAILABLE","UNAVAILABLE","UNAVAILABLE","UNAVAILABLE","INSUFFICIENT_DATA","NONE","B — TARGETED ENRICHMENT CANDIDATE","SOURCE_VERIFICATION_THEN_ENRICH","HIGH","PHASE_6C_AUDIT / REPOSITORY_EVIDENCE"
"https://thesamachardaily.in/articles/business/fed-to-announce-fomc-rate-decision-at-2-pm-et-90-odds-of-25bp-hike/","Fed to Announce FOMC Rate Decision at 2 PM ET; 90% Odds of 25‑bp Hike","72","INDEXABLE (LIVE)","UNAVAILABLE","UNAVAILABLE","UNAVAILABLE","UNAVAILABLE","INSUFFICIENT_DATA","NONE","B — TARGETED ENRICHMENT CANDIDATE","SOURCE_VERIFICATION_THEN_ENRICH","HIGH","PHASE_6C_AUDIT / REPOSITORY_EVIDENCE"
"https://thesamachardaily.in/articles/business/fortunex-spac-strikes-deal-with-tech-driven-wt-realty-platform/","FortuneX SPAC Strikes Deal with Tech-Driven WT Realty Platform","60","INDEXABLE (LIVE)","UNAVAILABLE","UNAVAILABLE","UNAVAILABLE","UNAVAILABLE","INSUFFICIENT_DATA","NONE","A — KEEP AS IS","PRESERVE_LOW_PRIORITY","HIGH","PHASE_6C_AUDIT / REPOSITORY_EVIDENCE"
"https://thesamachardaily.in/articles/business/friendship-dynamics-some-adults-stay-shallow-after-being-the-goto-support/","Friendship dynamics: Some adults stay shallow after being the go‑to support","81","INDEXABLE (LIVE)","UNAVAILABLE","UNAVAILABLE","UNAVAILABLE","UNAVAILABLE","INSUFFICIENT_DATA","NONE","B — TARGETED ENRICHMENT CANDIDATE","SOURCE_VERIFICATION_THEN_ENRICH","HIGH","PHASE_6C_AUDIT / REPOSITORY_EVIDENCE"
"https://thesamachardaily.in/articles/business/gasoline-set-to-lift-us-consumer-prices-in-august-as-wholesale-inflation-climbs/","Gasoline set to lift US consumer prices in August as wholesale inflation climbs","90","INDEXABLE (LIVE)","UNAVAILABLE","UNAVAILABLE","UNAVAILABLE","UNAVAILABLE","INSUFFICIENT_DATA","NONE","B — TARGETED ENRICHMENT CANDIDATE","SOURCE_VERIFICATION_THEN_ENRICH","HIGH","PHASE_6C_AUDIT / REPOSITORY_EVIDENCE"
"https://thesamachardaily.in/articles/business/global-public-debt-hits-wwii-high-imf-warns-of-further-rise/","Global public debt hits WWII high, IMF warns of further rise","123","INDEXABLE (LIVE)","UNAVAILABLE","UNAVAILABLE","UNAVAILABLE","UNAVAILABLE","INSUFFICIENT_DATA","NONE","B — TARGETED ENRICHMENT CANDIDATE","LATER_PHASE_BACKLOG","MEDIUM","PHASE_6C_AUDIT / REPOSITORY_EVIDENCE"
"https://thesamachardaily.in/articles/business/green-modular-cloud-couch-hits-450-down-100-targeting-renters/","Green Modular Cloud Couch Hits $450, Down $100, Targeting Renters","66","INDEXABLE (LIVE)","UNAVAILABLE","UNAVAILABLE","UNAVAILABLE","UNAVAILABLE","INSUFFICIENT_DATA","NONE","B — TARGETED ENRICHMENT CANDIDATE","SOURCE_VERIFICATION_THEN_ENRICH","HIGH","PHASE_6C_AUDIT / REPOSITORY_EVIDENCE"
"https://thesamachardaily.in/articles/business/how-much-were-the-top-7-most-expensive-home-sales-in-windsor-last-week/","Windsor sees $822,000 single‑family home lead list of seven priciest sales last week","99","INDEXABLE (LIVE)","UNAVAILABLE","UNAVAILABLE","UNAVAILABLE","UNAVAILABLE","INSUFFICIENT_DATA","NONE","B — TARGETED ENRICHMENT CANDIDATE","SOURCE_VERIFICATION_THEN_ENRICH","HIGH","PHASE_6C_AUDIT / REPOSITORY_EVIDENCE"
"https://thesamachardaily.in/articles/business/ibio-reports-wider-fy-26-loss-as-ibio-600-phase-1-for-obesity-progresses/","iBio Posts Wider FY ’26 Net Loss as IBIO‑600 Obesity Phase 1 Advances","144","INDEXABLE (LIVE)","UNAVAILABLE","UNAVAILABLE","UNAVAILABLE","UNAVAILABLE","INSUFFICIENT_DATA","NONE","B — TARGETED ENRICHMENT CANDIDATE","LATER_PHASE_BACKLOG","MEDIUM","PHASE_6C_AUDIT / REPOSITORY_EVIDENCE"
"https://thesamachardaily.in/articles/business/inflation-outlook-and-real-rates-squeeze-indian-equities-raising-cost-concerns/","Inflation Outlook and Real Rates Squeeze Indian Equities, Raising Cost Concerns","38","INDEXABLE (LIVE)","UNAVAILABLE","UNAVAILABLE","UNAVAILABLE","UNAVAILABLE","INSUFFICIENT_DATA","NONE","A — KEEP AS IS","PRESERVE_LOW_PRIORITY","HIGH","PHASE_6C_AUDIT / REPOSITORY_EVIDENCE"
"https://thesamachardaily.in/articles/business/jersey-city-council-to-hear-controversial-canal-crossing-tax-abatements-and-garden-la/","Jersey City Council to Hear Controversial Canal Crossing Tax Abatements and Garden Land Vote Wednesday","94","INDEXABLE (LIVE)","UNAVAILABLE","UNAVAILABLE","UNAVAILABLE","UNAVAILABLE","INSUFFICIENT_DATA","NONE","B — TARGETED ENRICHMENT CANDIDATE","SOURCE_VERIFICATION_THEN_ENRICH","HIGH","PHASE_6C_AUDIT / REPOSITORY_EVIDENCE"
"https://thesamachardaily.in/articles/business/jetblue-offers-72-roundtrip-baltimoreorlando-fare-taxes-included/","jetBlue offers $72 round‑trip Baltimore‑Orlando fare, taxes included","65","INDEXABLE (LIVE)","UNAVAILABLE","UNAVAILABLE","UNAVAILABLE","UNAVAILABLE","INSUFFICIENT_DATA","NONE","B — TARGETED ENRICHMENT CANDIDATE","SOURCE_VERIFICATION_THEN_ENRICH","HIGH","PHASE_6C_AUDIT / REPOSITORY_EVIDENCE"
"https://thesamachardaily.in/articles/business/juror-claims-feminist-agenda-drove-lindsay-clancy-verdict-in-massachusetts-trial/","Juror Claims Feminist Agenda Drove Lindsay Clancy Verdict in Massachusetts Trial","146","INDEXABLE (LIVE)","UNAVAILABLE","UNAVAILABLE","UNAVAILABLE","UNAVAILABLE","INSUFFICIENT_DATA","NONE","B — TARGETED ENRICHMENT CANDIDATE","LATER_PHASE_BACKLOG","MEDIUM","PHASE_6C_AUDIT / REPOSITORY_EVIDENCE"
"https://thesamachardaily.in/articles/business/market-technology-acquisition-corp-enables-separate-trading-of-shares-and-warrants-st/","Market Technology Acquisition Corp Enables Separate Trading of Shares and Warrants Starting Sept 17","63","INDEXABLE (LIVE)","UNAVAILABLE","UNAVAILABLE","UNAVAILABLE","UNAVAILABLE","INSUFFICIENT_DATA","NONE","B — TARGETED ENRICHMENT CANDIDATE","SOURCE_VERIFICATION_THEN_ENRICH","HIGH","PHASE_6C_AUDIT / REPOSITORY_EVIDENCE"
"https://thesamachardaily.in/articles/business/microcap-stocks-surge-541-in-august-as-nifty-slips-124/","Microcap stocks surge 5.41% in August as Nifty slips 1.24%","104","INDEXABLE (LIVE)","UNAVAILABLE","UNAVAILABLE","UNAVAILABLE","UNAVAILABLE","INSUFFICIENT_DATA","NONE","B — TARGETED ENRICHMENT CANDIDATE","SOURCE_VERIFICATION_THEN_ENRICH","HIGH","PHASE_6C_AUDIT / REPOSITORY_EVIDENCE"
"https://thesamachardaily.in/articles/business/moon-water-find-sparks-city-dreams-but-scientists-warn-of-scarcity/","Moon water find sparks city dreams, but scientists warn of scarcity","83","INDEXABLE (LIVE)","UNAVAILABLE","UNAVAILABLE","UNAVAILABLE","UNAVAILABLE","INSUFFICIENT_DATA","NONE","B — TARGETED ENRICHMENT CANDIDATE","SOURCE_VERIFICATION_THEN_ENRICH","HIGH","PHASE_6C_AUDIT / REPOSITORY_EVIDENCE"
"https://thesamachardaily.in/articles/business/new-report-blames-fed-regulators-for-silicon-valley-bank-collapse-says-official/","New Report Blames Fed Regulators for Silicon Valley Bank Collapse, Says Official","100","INDEXABLE (LIVE)","UNAVAILABLE","UNAVAILABLE","UNAVAILABLE","UNAVAILABLE","INSUFFICIENT_DATA","NONE","B — TARGETED ENRICHMENT CANDIDATE","SOURCE_VERIFICATION_THEN_ENRICH","HIGH","PHASE_6C_AUDIT / REPOSITORY_EVIDENCE"
"https://thesamachardaily.in/articles/business/orion180-insurance-prices-ipo-at-12-per-share-20-million-shares-offered/","Orion180 Insurance Prices IPO at $12 per Share, 20 Million Shares Offered","40","INDEXABLE (LIVE)","UNAVAILABLE","UNAVAILABLE","UNAVAILABLE","UNAVAILABLE","INSUFFICIENT_DATA","NONE","A — KEEP AS IS","PRESERVE_LOW_PRIORITY","HIGH","PHASE_6C_AUDIT / REPOSITORY_EVIDENCE"
"https://thesamachardaily.in/articles/business/paul-tudor-jones-warns-investors-of-stock-outlook-through-2036-bofa-data-concurs/","Paul Tudor Jones warns investors of stock outlook through 2036, BofA data concurs","38","INDEXABLE (LIVE)","UNAVAILABLE","UNAVAILABLE","UNAVAILABLE","UNAVAILABLE","INSUFFICIENT_DATA","NONE","A — KEEP AS IS","PRESERVE_LOW_PRIORITY","HIGH","PHASE_6C_AUDIT / REPOSITORY_EVIDENCE"
"https://thesamachardaily.in/articles/business/phillip-frost-spends-4-million-on-safe-pro-group-shares-draws-whalewatchalerts-notice/","Phillip Frost spends $4 million on Safe Pro Group shares, draws WhaleWatchAlerts notice","82","INDEXABLE (LIVE)","UNAVAILABLE","UNAVAILABLE","UNAVAILABLE","UNAVAILABLE","INSUFFICIENT_DATA","NONE","B — TARGETED ENRICHMENT CANDIDATE","SOURCE_VERIFICATION_THEN_ENRICH","HIGH","PHASE_6C_AUDIT / REPOSITORY_EVIDENCE"
"https://thesamachardaily.in/articles/business/refurbished-hamilton-beach-17l-glass-kettle-sells-for-2999/","Refurbished Hamilton Beach 1.7L Glass Kettle Sells for $29.99","51","INDEXABLE (LIVE)","UNAVAILABLE","UNAVAILABLE","UNAVAILABLE","UNAVAILABLE","INSUFFICIENT_DATA","NONE","A — KEEP AS IS","PRESERVE_LOW_PRIORITY","HIGH","PHASE_6C_AUDIT / REPOSITORY_EVIDENCE"
"https://thesamachardaily.in/articles/business/ripple-targets-13-trillion-corporate-treasury-market-for-stablecoin-expansion/","Ripple Targets $13 Trillion Corporate Treasury Market for Stablecoin Expansion","81","INDEXABLE (LIVE)","UNAVAILABLE","UNAVAILABLE","UNAVAILABLE","UNAVAILABLE","INSUFFICIENT_DATA","NONE","B — TARGETED ENRICHMENT CANDIDATE","SOURCE_VERIFICATION_THEN_ENRICH","HIGH","PHASE_6C_AUDIT / REPOSITORY_EVIDENCE"
"https://thesamachardaily.in/articles/business/robbins-llp-alerts-investors-to-fuelcell-energy-class-action-for-junesept-2026-purcha/","Robbins LLP Alerts Investors to FuelCell Energy Class Action for June‑Sept 2026 Purchases","64","INDEXABLE (LIVE)","UNAVAILABLE","UNAVAILABLE","UNAVAILABLE","UNAVAILABLE","INSUFFICIENT_DATA","NONE","B — TARGETED ENRICHMENT CANDIDATE","SOURCE_VERIFICATION_THEN_ENRICH","HIGH","PHASE_6C_AUDIT / REPOSITORY_EVIDENCE"
"https://thesamachardaily.in/articles/business/shufti-unveils-global-bank-account-verification-merging-ownership-and-identity-checks/","Shufti Unveils Global Bank Account Verification, Merging Ownership and Identity Checks","75","INDEXABLE (LIVE)","UNAVAILABLE","UNAVAILABLE","UNAVAILABLE","UNAVAILABLE","INSUFFICIENT_DATA","NONE","B — TARGETED ENRICHMENT CANDIDATE","SOURCE_VERIFICATION_THEN_ENRICH","HIGH","PHASE_6C_AUDIT / REPOSITORY_EVIDENCE"
"https://thesamachardaily.in/articles/business/six-months-of-war-drive-fuel-uncertainty-in-ny/","Iran Conflict's Six-Month Oil Disruption Fuels Price Uncertainty Across New York","143","INDEXABLE (LIVE)","UNAVAILABLE","UNAVAILABLE","UNAVAILABLE","UNAVAILABLE","INSUFFICIENT_DATA","NONE","B — TARGETED ENRICHMENT CANDIDATE","SOURCE_VERIFICATION_THEN_ENRICH","HIGH","PHASE_6C_AUDIT / REPOSITORY_EVIDENCE"
"https://thesamachardaily.in/articles/business/sizewell-a-sends-15000-t-of-concrete-to-sizewell-c-slashing-emissions-and-traffic/","Sizewell A sends 15,000 t of concrete to Sizewell C, slashing emissions and traffic","78","INDEXABLE (LIVE)","UNAVAILABLE","UNAVAILABLE","UNAVAILABLE","UNAVAILABLE","INSUFFICIENT_DATA","NONE","B — TARGETED ENRICHMENT CANDIDATE","SOURCE_VERIFICATION_THEN_ENRICH","HIGH","PHASE_6C_AUDIT / REPOSITORY_EVIDENCE"
"https://thesamachardaily.in/articles/business/spinnova-signs-nonbinding-loi-to-acquire-portuguese-yarn-maker-tearfil-15-m-bridge-lo/","Spinnova signs non‑binding LOI to acquire Portuguese yarn maker Tearfil, €1.5 m bridge loan included","88","INDEXABLE (LIVE)","UNAVAILABLE","UNAVAILABLE","UNAVAILABLE","UNAVAILABLE","INSUFFICIENT_DATA","NONE","B — TARGETED ENRICHMENT CANDIDATE","SOURCE_VERIFICATION_THEN_ENRICH","HIGH","PHASE_6C_AUDIT / REPOSITORY_EVIDENCE"
"https://thesamachardaily.in/articles/business/squarepoint-ops-llc-adds-14-million-position-in-ishares-midcap-etf-ijh/","Squarepoint Ops LLC Adds $1.4 Million Position in iShares Mid‑Cap ETF IJH","79","INDEXABLE (LIVE)","UNAVAILABLE","UNAVAILABLE","UNAVAILABLE","UNAVAILABLE","INSUFFICIENT_DATA","NONE","B — TARGETED ENRICHMENT CANDIDATE","SOURCE_VERIFICATION_THEN_ENRICH","HIGH","PHASE_6C_AUDIT / REPOSITORY_EVIDENCE"
"https://thesamachardaily.in/articles/business/stripes-attempted-takeover-of-paypal-has-collapsedagain/","Stripe and Private‑Equity Partner Walk Away from $53 B PayPal Deal","122","INDEXABLE (LIVE)","UNAVAILABLE","UNAVAILABLE","UNAVAILABLE","UNAVAILABLE","INSUFFICIENT_DATA","NONE","A — KEEP AS IS","PRESERVE_LOW_PRIORITY","HIGH","PHASE_6C_AUDIT / REPOSITORY_EVIDENCE"
"https://thesamachardaily.in/articles/business/uk-air-traffic-control-suffers-second-outage-this-month-sparking-airline-warnings/","UK air traffic control suffers second outage this month, sparking airline warnings","60","INDEXABLE (LIVE)","UNAVAILABLE","UNAVAILABLE","UNAVAILABLE","UNAVAILABLE","INSUFFICIENT_DATA","NONE","B — TARGETED ENRICHMENT CANDIDATE","SOURCE_VERIFICATION_THEN_ENRICH","HIGH","PHASE_6C_AUDIT / REPOSITORY_EVIDENCE"
"https://thesamachardaily.in/articles/business/us-bond-selloff-pushes-borrowing-costs-higher-hits-consumers-and-firms-globally/","US bond selloff pushes borrowing costs higher, hits consumers and firms globally","71","INDEXABLE (LIVE)","UNAVAILABLE","UNAVAILABLE","UNAVAILABLE","UNAVAILABLE","INSUFFICIENT_DATA","NONE","B — TARGETED ENRICHMENT CANDIDATE","SOURCE_VERIFICATION_THEN_ENRICH","HIGH","PHASE_6C_AUDIT / REPOSITORY_EVIDENCE"
"https://thesamachardaily.in/articles/business/us-stocks-climb-as-tech-leads-dow-up-058-sp-105-nasdaq-164/","US Stocks Climb as Tech Leads; Dow Up 0.58%, S&P +1.05%, Nasdaq +1.64%","94","INDEXABLE (LIVE)","UNAVAILABLE","UNAVAILABLE","UNAVAILABLE","UNAVAILABLE","INSUFFICIENT_DATA","NONE","B — TARGETED ENRICHMENT CANDIDATE","SOURCE_VERIFICATION_THEN_ENRICH","HIGH","PHASE_6C_AUDIT / REPOSITORY_EVIDENCE"
"https://thesamachardaily.in/articles/business/us-treasury-yields-edge-below-494-as-oil-gains-3-bonds-recover-losses/","US Treasury Yields Edge Below 4.94% as Oil Gains $3, Bonds Recover Losses","146","INDEXABLE (LIVE)","UNAVAILABLE","UNAVAILABLE","UNAVAILABLE","UNAVAILABLE","INSUFFICIENT_DATA","NONE","B — TARGETED ENRICHMENT CANDIDATE","LATER_PHASE_BACKLOG","MEDIUM","PHASE_6C_AUDIT / REPOSITORY_EVIDENCE"
"https://thesamachardaily.in/articles/business/uttarakhand-cabinet-raises-mbbs-intern-stipend-to-25000-adds-243-athlete-posts/","Uttarakhand Cabinet Raises MBBS Intern Stipend to ₹25,000, Adds 243 Athlete Posts","72","INDEXABLE (LIVE)","UNAVAILABLE","UNAVAILABLE","UNAVAILABLE","UNAVAILABLE","INSUFFICIENT_DATA","NONE","B — TARGETED ENRICHMENT CANDIDATE","SOURCE_VERIFICATION_THEN_ENRICH","HIGH","PHASE_6C_AUDIT / REPOSITORY_EVIDENCE"
"https://thesamachardaily.in/articles/business/vicor-secures-new-hampshire-sites-to-build-chip-fab-2-and-fab-3/","Vicor Secures New Hampshire Sites to Build ChiP Fab-2 and Fab-3","88","INDEXABLE (LIVE)","UNAVAILABLE","UNAVAILABLE","UNAVAILABLE","UNAVAILABLE","INSUFFICIENT_DATA","NONE","B — TARGETED ENRICHMENT CANDIDATE","SOURCE_VERIFICATION_THEN_ENRICH","HIGH","PHASE_6C_AUDIT / REPOSITORY_EVIDENCE"
"https://thesamachardaily.in/articles/india/4yearold-meet-trees-shatters-kamal-haasan-record-becomes-indias-youngest-national-awa/","4‑Year‑Old Meet Trees Shatters Kamal Haasan Record, Becomes India's Youngest National Award Winner","53","INDEXABLE (LIVE)","UNAVAILABLE","UNAVAILABLE","UNAVAILABLE","UNAVAILABLE","INSUFFICIENT_DATA","NONE","A — KEEP AS IS","MAINTAIN_SHORT_NEWS","HIGH","PHASE_6C_AUDIT / REPOSITORY_EVIDENCE"
"https://thesamachardaily.in/articles/india/81yearold-modi-schoolmate-regains-land-after-meeting-prime-minister-bjp-mla-firm-with/","81‑Year‑Old Modi Schoolmate Regains Land After Meeting Prime Minister, BJP MLA Firm Withdraws Claim","89","INDEXABLE (LIVE)","UNAVAILABLE","UNAVAILABLE","UNAVAILABLE","UNAVAILABLE","INSUFFICIENT_DATA","NONE","A — KEEP AS IS","MAINTAIN_SHORT_NEWS","HIGH","PHASE_6C_AUDIT / REPOSITORY_EVIDENCE"
"https://thesamachardaily.in/articles/india/actress-hina-khan-urges-eco-friendly-ganpati-idols-in-meeting-with-maharashtra-govern/","Actress Hina Khan Urges Eco-Friendly Ganpati Idols in Meeting with Maharashtra Governor","65","INDEXABLE (LIVE)","UNAVAILABLE","UNAVAILABLE","UNAVAILABLE","UNAVAILABLE","INSUFFICIENT_DATA","NONE","A — KEEP AS IS","MAINTAIN_SHORT_NEWS","HIGH","PHASE_6C_AUDIT / REPOSITORY_EVIDENCE"
"https://thesamachardaily.in/articles/india/actress-samantha-ruth-prabhu-dons-gold-kanjivaram-at-traditional-baby-shower/","Actress Samantha Ruth Prabhu dons gold Kanjivaram at traditional baby shower","82","INDEXABLE (LIVE)","UNAVAILABLE","UNAVAILABLE","UNAVAILABLE","UNAVAILABLE","INSUFFICIENT_DATA","NONE","A — KEEP AS IS","MAINTAIN_SHORT_NEWS","HIGH","PHASE_6C_AUDIT / REPOSITORY_EVIDENCE"
"https://thesamachardaily.in/articles/india/ar-rahman-urges-filmmakers-to-spotlight-kashmirs-peace-and-natural-splendor/","A.R. Rahman urges filmmakers to spotlight Kashmir’s peace and natural splendor","115","INDEXABLE (LIVE)","UNAVAILABLE","UNAVAILABLE","UNAVAILABLE","UNAVAILABLE","INSUFFICIENT_DATA","NONE","A — KEEP AS IS","MAINTAIN_SHORT_NEWS","HIGH","PHASE_6C_AUDIT / REPOSITORY_EVIDENCE"
"https://thesamachardaily.in/articles/india/balcony-privacy-woes-in-indian-apartments-six-plants-offer-a-natural-screen/","Balcony privacy woes in Indian apartments? Six plants offer a natural screen","91","INDEXABLE (LIVE)","UNAVAILABLE","UNAVAILABLE","UNAVAILABLE","UNAVAILABLE","INSUFFICIENT_DATA","NONE","A — KEEP AS IS","MAINTAIN_SHORT_NEWS","HIGH","PHASE_6C_AUDIT / REPOSITORY_EVIDENCE"
"https://thesamachardaily.in/articles/india/banaganapalle-mangoes-deccans-golden-benishan-traced-to-historic-orchards/","Banaganapalle Mangoes: Deccan’s Golden Benishan Traced to Historic Orchards","66","INDEXABLE (LIVE)","UNAVAILABLE","UNAVAILABLE","UNAVAILABLE","UNAVAILABLE","INSUFFICIENT_DATA","NONE","A — KEEP AS IS","MAINTAIN_SHORT_NEWS","HIGH","PHASE_6C_AUDIT / REPOSITORY_EVIDENCE"
"https://thesamachardaily.in/articles/india/bdls-asraam-assembly-integration-and-testing-facility-now-fully-operational/","BDL’s ASRAAM Assembly, Integration and Testing Facility Now Fully Operational","65","INDEXABLE (LIVE)","UNAVAILABLE","UNAVAILABLE","UNAVAILABLE","UNAVAILABLE","INSUFFICIENT_DATA","NONE","A — KEEP AS IS","MAINTAIN_SHORT_NEWS","HIGH","PHASE_6C_AUDIT / REPOSITORY_EVIDENCE"
"https://thesamachardaily.in/articles/india/bengaluru-police-seize-illegal-mobile-phones-in-jail-arrest-nine/","Bengaluru Police Seize Illegal Mobile Phones in Jail, Arrest Nine","83","INDEXABLE (LIVE)","UNAVAILABLE","UNAVAILABLE","UNAVAILABLE","UNAVAILABLE","INSUFFICIENT_DATA","NONE","A — KEEP AS IS","MAINTAIN_SHORT_NEWS","HIGH","PHASE_6C_AUDIT / REPOSITORY_EVIDENCE"
"https://thesamachardaily.in/articles/india/bjp-and-congress-spar-over-brics-declaration-each-citing-nehrus-legacy/","BJP and Congress spar over BRICS declaration, each citing Nehru's legacy","93","INDEXABLE (LIVE)","UNAVAILABLE","UNAVAILABLE","UNAVAILABLE","UNAVAILABLE","INSUFFICIENT_DATA","NONE","A — KEEP AS IS","MAINTAIN_SHORT_NEWS","HIGH","PHASE_6C_AUDIT / REPOSITORY_EVIDENCE"
"https://thesamachardaily.in/articles/india/bjp-chief-nitin-nabin-expresses-displeasure-over-3-delhi-mps-visiting-sajjan-kumars-r/","BJP chief Nitin Nabin rebukes three Delhi MPs for visiting Sajjan Kumar’s home","112","INDEXABLE (LIVE)","UNAVAILABLE","UNAVAILABLE","UNAVAILABLE","UNAVAILABLE","INSUFFICIENT_DATA","NONE","A — KEEP AS IS","MAINTAIN_SHORT_NEWS","HIGH","PHASE_6C_AUDIT / REPOSITORY_EVIDENCE"
"https://thesamachardaily.in/articles/india/bjp-launches-fiveday-karnataka-padayatra-to-contest-twostanza-vande-mataram-limit/","BJP launches five‑day Karnataka padayatra to contest two‑stanza Vande Mataram limit","75","INDEXABLE (LIVE)","UNAVAILABLE","UNAVAILABLE","UNAVAILABLE","UNAVAILABLE","INSUFFICIENT_DATA","NONE","B — TARGETED ENRICHMENT CANDIDATE","SOURCE_VERIFICATION_THEN_ENRICH","HIGH","PHASE_6C_AUDIT / REPOSITORY_EVIDENCE"
"https://thesamachardaily.in/articles/india/bjp-mla-payal-shankar-slams-telangana-govt-over-fee-dues-land-disputes/","BJP MLA Payal Shankar slams Telangana govt over fee dues, land disputes","104","INDEXABLE (LIVE)","UNAVAILABLE","UNAVAILABLE","UNAVAILABLE","UNAVAILABLE","INSUFFICIENT_DATA","NONE","A — KEEP AS IS","MAINTAIN_SHORT_NEWS","HIGH","PHASE_6C_AUDIT / REPOSITORY_EVIDENCE"
"https://thesamachardaily.in/articles/india/bjps-nitin-nabin-calls-for-nationwide-ashirvaad-ka-diya-on-pm-modis-birthday/","BJP’s Nitin Nabin Calls for Nationwide ‘Ashirvaad Ka Diya’ on PM Modi’s Birthday","121","INDEXABLE (LIVE)","UNAVAILABLE","UNAVAILABLE","UNAVAILABLE","UNAVAILABLE","INSUFFICIENT_DATA","NONE","A — KEEP AS IS","MAINTAIN_SHORT_NEWS","HIGH","PHASE_6C_AUDIT / REPOSITORY_EVIDENCE"
"https://thesamachardaily.in/articles/india/borders-and-belonging/","Filmmaker Gurvinder Singh on 'Rehmat' and his enduring ties to Punjab","138","INDEXABLE (LIVE)","UNAVAILABLE","UNAVAILABLE","UNAVAILABLE","UNAVAILABLE","INSUFFICIENT_DATA","NONE","A — KEEP AS IS","MAINTAIN_SHORT_NEWS","HIGH","PHASE_6C_AUDIT / REPOSITORY_EVIDENCE"
"https://thesamachardaily.in/articles/india/canada-sees-cepa-talks-with-india-wrapping-up-by-yearend-trade-minister-says/","Canada sees CEPA talks with India wrapping up by year‑end, trade minister says","50","INDEXABLE (LIVE)","UNAVAILABLE","UNAVAILABLE","UNAVAILABLE","UNAVAILABLE","INSUFFICIENT_DATA","NONE","A — KEEP AS IS","MAINTAIN_SHORT_NEWS","HIGH","PHASE_6C_AUDIT / REPOSITORY_EVIDENCE"
"https://thesamachardaily.in/articles/india/china-expels-pla-commander-who-led-troops-against-india-in-doklam-galwan/","China strips former Western Theatre chief Zhao Zongqi of Party membership","124","INDEXABLE (LIVE)","UNAVAILABLE","UNAVAILABLE","UNAVAILABLE","UNAVAILABLE","INSUFFICIENT_DATA","NONE","A — KEEP AS IS","MAINTAIN_SHORT_NEWS","HIGH","PHASE_6C_AUDIT / REPOSITORY_EVIDENCE"
"https://thesamachardaily.in/articles/india/cjp-founder-dipke-urges-maharashtra-to-engage-jarange-warns-against-forceful-action/","CJP founder Dipke urges Maharashtra to engage Jarange, warns against forceful action","91","INDEXABLE (LIVE)","UNAVAILABLE","UNAVAILABLE","UNAVAILABLE","UNAVAILABLE","INSUFFICIENT_DATA","NONE","A — KEEP AS IS","MAINTAIN_SHORT_NEWS","HIGH","PHASE_6C_AUDIT / REPOSITORY_EVIDENCE"
"https://thesamachardaily.in/articles/india/coca-cola-india-launches-festive-season-beverage-drive-to-reach-consumers/","Coca-Cola India Launches Festive-Season Beverage Drive to Reach Consumers","82","INDEXABLE (LIVE)","UNAVAILABLE","UNAVAILABLE","UNAVAILABLE","UNAVAILABLE","INSUFFICIENT_DATA","NONE","B — TARGETED ENRICHMENT CANDIDATE","SOURCE_VERIFICATION_THEN_ENRICH","HIGH","PHASE_6C_AUDIT / REPOSITORY_EVIDENCE"
"https://thesamachardaily.in/articles/india/colombo-security-conclave-wraps-three-day-tabletop-drill-at-visakhapatnam-naval-base/","Colombo Security Conclave Wraps Three-Day Tabletop Drill at Visakhapatnam Naval Base","42","INDEXABLE (LIVE)","UNAVAILABLE","UNAVAILABLE","UNAVAILABLE","UNAVAILABLE","INSUFFICIENT_DATA","NONE","A — KEEP AS IS","PRESERVE_LOW_PRIORITY","HIGH","PHASE_6C_AUDIT / REPOSITORY_EVIDENCE"
"https://thesamachardaily.in/articles/india/complex-social-challenges-demand-multisector-collaboration-pratham-shows/","Complex Social Challenges Demand Multi‑Sector Collaboration, Pratham Shows","95","INDEXABLE (LIVE)","UNAVAILABLE","UNAVAILABLE","UNAVAILABLE","UNAVAILABLE","INSUFFICIENT_DATA","NONE","A — KEEP AS IS","MAINTAIN_SHORT_NEWS","HIGH","PHASE_6C_AUDIT / REPOSITORY_EVIDENCE"
"https://thesamachardaily.in/articles/india/congress-and-bjp-clash-over-brics-summit-declarations-diplomatic-impact/","Congress and BJP Clash Over BRICS Summit Declaration's Diplomatic Impact","54","INDEXABLE (LIVE)","UNAVAILABLE","UNAVAILABLE","UNAVAILABLE","UNAVAILABLE","INSUFFICIENT_DATA","NONE","B — TARGETED ENRICHMENT CANDIDATE","SOURCE_VERIFICATION_THEN_ENRICH","HIGH","PHASE_6C_AUDIT / REPOSITORY_EVIDENCE"
"https://thesamachardaily.in/articles/india/congress-mulls-response-after-nsui-loses-all-dusu-central-seats/","Congress Mulls Response After NSUI Loses All DUSU Central Seats","59","INDEXABLE (LIVE)","UNAVAILABLE","UNAVAILABLE","UNAVAILABLE","UNAVAILABLE","INSUFFICIENT_DATA","NONE","A — KEEP AS IS","MAINTAIN_SHORT_NEWS","HIGH","PHASE_6C_AUDIT / REPOSITORY_EVIDENCE"
"https://thesamachardaily.in/articles/india/congresss-udit-raj-urges-indiachina-talks-on-aksai-chin-ladakh-arunachal-and-trade/","Congress’s Udit Raj urges India‑China talks on Aksai Chin, Ladakh, Arunachal and trade","146","INDEXABLE (LIVE)","UNAVAILABLE","UNAVAILABLE","UNAVAILABLE","UNAVAILABLE","INSUFFICIENT_DATA","NONE","A — KEEP AS IS","MAINTAIN_SHORT_NEWS","HIGH","PHASE_6C_AUDIT / REPOSITORY_EVIDENCE"
"https://thesamachardaily.in/articles/india/deeptech-draws-574-million-in-2026-capturing-84-of-indias-vc-capital/","Deeptech draws $574 million in 2026, capturing 84% of India's VC capital","80","INDEXABLE (LIVE)","UNAVAILABLE","UNAVAILABLE","UNAVAILABLE","UNAVAILABLE","INSUFFICIENT_DATA","NONE","A — KEEP AS IS","MAINTAIN_SHORT_NEWS","HIGH","PHASE_6C_AUDIT / REPOSITORY_EVIDENCE"
"https://thesamachardaily.in/articles/india/delhi-govt-to-inaugurate-slew-of-civic-infra-projects-during-pm-modis-birthday-celebr/","Delhi govt to inaugurate dozens of civic projects on PM Modi’s birthday","148","INDEXABLE (LIVE)","UNAVAILABLE","UNAVAILABLE","UNAVAILABLE","UNAVAILABLE","INSUFFICIENT_DATA","NONE","A — KEEP AS IS","MAINTAIN_SHORT_NEWS","HIGH","PHASE_6C_AUDIT / REPOSITORY_EVIDENCE"
"https://thesamachardaily.in/articles/india/delhi-high-court-threatens-to-freeze-dusu-results-over-campus-violence-summons-du-pol/","Delhi High Court threatens to freeze DUSU results over campus violence, summons DU, police","97","INDEXABLE (LIVE)","UNAVAILABLE","UNAVAILABLE","UNAVAILABLE","UNAVAILABLE","INSUFFICIENT_DATA","NONE","A — KEEP AS IS","MAINTAIN_SHORT_NEWS","HIGH","PHASE_6C_AUDIT / REPOSITORY_EVIDENCE"
"https://thesamachardaily.in/articles/india/delhis-roll-revision-omits-4757-lakh-voters-karnataka-elite-flagged-for-verification/","Delhi’s Roll Revision Omits 47.57 Lakh Voters; Karnataka Elite Flagged for Verification","119","INDEXABLE (LIVE)","UNAVAILABLE","UNAVAILABLE","UNAVAILABLE","UNAVAILABLE","INSUFFICIENT_DATA","NONE","A — KEEP AS IS","MAINTAIN_SHORT_NEWS","HIGH","PHASE_6C_AUDIT / REPOSITORY_EVIDENCE"
"https://thesamachardaily.in/articles/india/dhruv-vikram-steps-into-stunt-double-role-for-mythris-jackie-no-retakes-allowed/","Dhruv Vikram steps into stunt double role for Mythri’s ‘Jackie – No Retakes Allowed’","143","INDEXABLE (LIVE)","UNAVAILABLE","UNAVAILABLE","UNAVAILABLE","UNAVAILABLE","INSUFFICIENT_DATA","NONE","A — KEEP AS IS","MAINTAIN_SHORT_NEWS","HIGH","PHASE_6C_AUDIT / REPOSITORY_EVIDENCE"
"https://thesamachardaily.in/articles/india/digitalisation-boosts-indian-welfare-transfers-raises-exclusion-concerns-study-finds/","Digitalisation Boosts Indian Welfare Transfers, Raises Exclusion Concerns, Study Finds","80","INDEXABLE (LIVE)","UNAVAILABLE","UNAVAILABLE","UNAVAILABLE","UNAVAILABLE","INSUFFICIENT_DATA","NONE","A — KEEP AS IS","MAINTAIN_SHORT_NEWS","HIGH","PHASE_6C_AUDIT / REPOSITORY_EVIDENCE"
"https://thesamachardaily.in/articles/india/dotasra-accuses-bjp-of-fencing-independents-following-sikar-civic-polls/","Dotasra Accuses BJP of Fencing Independents Following Sikar Civic Polls","100","INDEXABLE (LIVE)","UNAVAILABLE","UNAVAILABLE","UNAVAILABLE","UNAVAILABLE","INSUFFICIENT_DATA","NONE","A — KEEP AS IS","MAINTAIN_SHORT_NEWS","HIGH","PHASE_6C_AUDIT / REPOSITORY_EVIDENCE"
"https://thesamachardaily.in/articles/india/dragon-fruit-surges-in-indian-kitchens-offering-lowcalorie-fibrerich-nutrition/","Dragon fruit surges in Indian kitchens, offering low‑calorie, fibre‑rich nutrition","95","INDEXABLE (LIVE)","UNAVAILABLE","UNAVAILABLE","UNAVAILABLE","UNAVAILABLE","INSUFFICIENT_DATA","NONE","A — KEEP AS IS","MAINTAIN_SHORT_NEWS","HIGH","PHASE_6C_AUDIT / REPOSITORY_EVIDENCE"
"https://thesamachardaily.in/articles/india/ed-raid-recovers-gold-watches-harish-rawat-steps-down-from-congress-posts/","ED raid recovers gold, watches; Harish Rawat steps down from Congress posts","65","INDEXABLE (LIVE)","UNAVAILABLE","UNAVAILABLE","UNAVAILABLE","UNAVAILABLE","INSUFFICIENT_DATA","NONE","A — KEEP AS IS","MAINTAIN_SHORT_NEWS","HIGH","PHASE_6C_AUDIT / REPOSITORY_EVIDENCE"
"https://thesamachardaily.in/articles/india/ed-says-rs-1413160-cr-asset-recovery-wont-shield-vijay-mallya-from-moneylaundering-ca/","ED says Rs 14,131.60 cr asset recovery won’t shield Vijay Mallya from money‑laundering case","123","INDEXABLE (LIVE)","UNAVAILABLE","UNAVAILABLE","UNAVAILABLE","UNAVAILABLE","INSUFFICIENT_DATA","NONE","A — KEEP AS IS","MAINTAIN_SHORT_NEWS","HIGH","PHASE_6C_AUDIT / REPOSITORY_EVIDENCE"
"https://thesamachardaily.in/articles/india/ed-sheeran-labels-gaza-conflict-catastrophic-and-unjustifiable-at-philadelphia-show/","Ed Sheeran Labels Gaza Conflict ‘Catastrophic and Unjustifiable’ at Philadelphia Show","52","INDEXABLE (LIVE)","UNAVAILABLE","UNAVAILABLE","UNAVAILABLE","UNAVAILABLE","INSUFFICIENT_DATA","NONE","A — KEEP AS IS","MAINTAIN_SHORT_NEWS","HIGH","PHASE_6C_AUDIT / REPOSITORY_EVIDENCE"
"https://thesamachardaily.in/articles/india/epstein-files-doj-risks-contempt-as-todd-blanche-cites-wrong-law-in-federal-register/","DOJ Faces Contempt Risk After Mis‑citing Law in Epstein Files Filing","148","INDEXABLE (LIVE)","UNAVAILABLE","UNAVAILABLE","UNAVAILABLE","UNAVAILABLE","INSUFFICIENT_DATA","NONE","A — KEEP AS IS","MAINTAIN_SHORT_NEWS","HIGH","PHASE_6C_AUDIT / REPOSITORY_EVIDENCE"
"https://thesamachardaily.in/articles/india/exbengaluru-resident-cites-traffic-hard-water-bad-roads-yet-misses-one-thing-about-th/","Ex‑Bengaluru resident cites traffic, hard water, bad roads, yet misses one thing about the city","63","INDEXABLE (LIVE)","UNAVAILABLE","UNAVAILABLE","UNAVAILABLE","UNAVAILABLE","INSUFFICIENT_DATA","NONE","A — KEEP AS IS","MAINTAIN_SHORT_NEWS","HIGH","PHASE_6C_AUDIT / REPOSITORY_EVIDENCE"
"https://thesamachardaily.in/articles/india/filatex-india-surges-125-to-record-high-on-strong-volume-eyes-100-target/","Filatex India surges 12.5% to record high on strong volume, eyes 100 target","109","INDEXABLE (LIVE)","UNAVAILABLE","UNAVAILABLE","UNAVAILABLE","UNAVAILABLE","INSUFFICIENT_DATA","NONE","A — KEEP AS IS","MAINTAIN_SHORT_NEWS","HIGH","PHASE_6C_AUDIT / REPOSITORY_EVIDENCE"
"https://thesamachardaily.in/articles/india/final-fight-for-maratha-quota-manoj-jarange-begins-11th-hunger-strike-rejects-govts-k/","Manoj Jarange launches 11th hunger strike, rejects govt's Kunbi certificate claim on Maratha quota","140","INDEXABLE (LIVE)","UNAVAILABLE","UNAVAILABLE","UNAVAILABLE","UNAVAILABLE","INSUFFICIENT_DATA","NONE","A — KEEP AS IS","MAINTAIN_SHORT_NEWS","HIGH","PHASE_6C_AUDIT / REPOSITORY_EVIDENCE"
"https://thesamachardaily.in/articles/india/five-baby-orangutans-found-in-odisha-forest-highlight-growing-wildlife-trafficking/","Five Baby Orangutans Found in Odisha Forest Highlight Growing Wildlife Trafficking","95","INDEXABLE (LIVE)","UNAVAILABLE","UNAVAILABLE","UNAVAILABLE","UNAVAILABLE","INSUFFICIENT_DATA","NONE","A — KEEP AS IS","MAINTAIN_SHORT_NEWS","HIGH","PHASE_6C_AUDIT / REPOSITORY_EVIDENCE"
"https://thesamachardaily.in/articles/india/five-everyday-foods-packed-with-vitamin-b12-one-likely-already-in-your-fridge/","Five Everyday Foods Packed with Vitamin B12, One Likely Already in Your Fridge","114","INDEXABLE (LIVE)","UNAVAILABLE","UNAVAILABLE","UNAVAILABLE","UNAVAILABLE","INSUFFICIENT_DATA","NONE","A — KEEP AS IS","MAINTAIN_SHORT_NEWS","HIGH","PHASE_6C_AUDIT / REPOSITORY_EVIDENCE"
"https://thesamachardaily.in/articles/india/forgotten-trailblazers-sulochana-and-pramilas-pioneering-bollywood-legacy/","Forgotten Trailblazers: Sulochana and Pramila’s Pioneering Bollywood Legacy","51","INDEXABLE (LIVE)","UNAVAILABLE","UNAVAILABLE","UNAVAILABLE","UNAVAILABLE","INSUFFICIENT_DATA","NONE","A — KEEP AS IS","MAINTAIN_SHORT_NEWS","HIGH","PHASE_6C_AUDIT / REPOSITORY_EVIDENCE"
"https://thesamachardaily.in/articles/india/ganesh-chaturthi-sparks-debate-over-elephant-faced-deity-worship/","Ganesh Chaturthi Sparks Debate Over Elephant-Faced Deity Worship","79","INDEXABLE (LIVE)","UNAVAILABLE","UNAVAILABLE","UNAVAILABLE","UNAVAILABLE","INSUFFICIENT_DATA","NONE","A — KEEP AS IS","MAINTAIN_SHORT_NEWS","HIGH","PHASE_6C_AUDIT / REPOSITORY_EVIDENCE"
"https://thesamachardaily.in/articles/india/gangster-kala-jathedi-returns-to-tihar-jail-after-sonipat-parole/","Gangster Kala Jathedi Returns to Tihar Jail After Sonipat Parole","63","INDEXABLE (LIVE)","UNAVAILABLE","UNAVAILABLE","UNAVAILABLE","UNAVAILABLE","INSUFFICIENT_DATA","NONE","A — KEEP AS IS","MAINTAIN_SHORT_NEWS","HIGH","PHASE_6C_AUDIT / REPOSITORY_EVIDENCE"
"https://thesamachardaily.in/articles/india/haiwaan-opens-to-tepid-response-nets-3-crore-on-day-one-despite-star-cast/","Haiwaan opens to tepid response, nets ₹3 crore on day one despite star cast","47","INDEXABLE (LIVE)","UNAVAILABLE","UNAVAILABLE","UNAVAILABLE","UNAVAILABLE","INSUFFICIENT_DATA","NONE","A — KEEP AS IS","MAINTAIN_SHORT_NEWS","HIGH","PHASE_6C_AUDIT / REPOSITORY_EVIDENCE"
"https://thesamachardaily.in/articles/india/hammer-unveils-wave-2-20w-rms-tws-speaker-with-dual-66mm-drivers-rgb-light-bluetooth/","HAMMER Unveils Wave 2: 20W RMS TWS Speaker with Dual 66mm Drivers, RGB Light, Bluetooth 6.0","77","INDEXABLE (LIVE)","UNAVAILABLE","UNAVAILABLE","UNAVAILABLE","UNAVAILABLE","INSUFFICIENT_DATA","NONE","A — KEEP AS IS","MAINTAIN_SHORT_NEWS","HIGH","PHASE_6C_AUDIT / REPOSITORY_EVIDENCE"
"https://thesamachardaily.in/articles/india/hindi-diwas-in-mandi-showcases-student-talent-and-languages-growing-digital-role/","Hindi Diwas in Mandi Showcases Student Talent and Language’s Growing Digital Role","101","INDEXABLE (LIVE)","UNAVAILABLE","UNAVAILABLE","UNAVAILABLE","UNAVAILABLE","INSUFFICIENT_DATA","NONE","A — KEEP AS IS","MAINTAIN_SHORT_NEWS","HIGH","PHASE_6C_AUDIT / REPOSITORY_EVIDENCE"
"https://thesamachardaily.in/articles/india/hockey-india-announces-50-lakh-cash-award-for-womens-hockey-team-on-historic-5th-plac/","Hockey India grants ₹50 lakh to women’s team for historic World Cup fifth‑place finish","113","INDEXABLE (LIVE)","UNAVAILABLE","UNAVAILABLE","UNAVAILABLE","UNAVAILABLE","INSUFFICIENT_DATA","NONE","A — KEEP AS IS","MAINTAIN_SHORT_NEWS","HIGH","PHASE_6C_AUDIT / REPOSITORY_EVIDENCE"
"https://thesamachardaily.in/articles/india/hyderabad-man-defrauded-of-rs-35-crore-in-extended-dating-app-scam/","Hyderabad Man Defrauded of Rs 3.5 Crore in Extended Dating App Scam","54","INDEXABLE (LIVE)","UNAVAILABLE","UNAVAILABLE","UNAVAILABLE","UNAVAILABLE","INSUFFICIENT_DATA","NONE","A — KEEP AS IS","MAINTAIN_SHORT_NEWS","HIGH","PHASE_6C_AUDIT / REPOSITORY_EVIDENCE"
"https://thesamachardaily.in/articles/india/hyderabad-swelters-as-monsoon-heat-spikes-power-demand-past-4000mw/","Hyderabad swelters as monsoon heat spikes power demand past 4,000MW","141","INDEXABLE (LIVE)","UNAVAILABLE","UNAVAILABLE","UNAVAILABLE","UNAVAILABLE","INSUFFICIENT_DATA","NONE","A — KEEP AS IS","MAINTAIN_SHORT_NEWS","HIGH","PHASE_6C_AUDIT / REPOSITORY_EVIDENCE"
"https://thesamachardaily.in/articles/india/imd-flags-deep-depression-likely-over-bay-of-bengal-odisha-alert-issued/","IMD Flags Deep Depression Likely Over Bay of Bengal, Odisha Alert Issued","63","INDEXABLE (LIVE)","UNAVAILABLE","UNAVAILABLE","UNAVAILABLE","UNAVAILABLE","INSUFFICIENT_DATA","NONE","A — KEEP AS IS","MAINTAIN_SHORT_NEWS","HIGH","PHASE_6C_AUDIT / REPOSITORY_EVIDENCE"
"https://thesamachardaily.in/articles/india/india-accelerates-into-highgrowth-phase-of-global-electric-vehicle-market/","India Accelerates Into High‑Growth Phase of Global Electric Vehicle Market","69","INDEXABLE (LIVE)","UNAVAILABLE","UNAVAILABLE","UNAVAILABLE","UNAVAILABLE","INSUFFICIENT_DATA","NONE","B — TARGETED ENRICHMENT CANDIDATE","SOURCE_VERIFICATION_THEN_ENRICH","HIGH","PHASE_6C_AUDIT / REPOSITORY_EVIDENCE"
"https://thesamachardaily.in/articles/india/india-launches-18th-brics-summit-at-new-delhis-bharat-mandapam-on-sept-12/","India Launches 18th BRICS Summit at New Delhi’s Bharat Mandapam on Sept 12","89","INDEXABLE (LIVE)","UNAVAILABLE","UNAVAILABLE","UNAVAILABLE","UNAVAILABLE","INSUFFICIENT_DATA","NONE","B — TARGETED ENRICHMENT CANDIDATE","SOURCE_VERIFICATION_THEN_ENRICH","HIGH","PHASE_6C_AUDIT / REPOSITORY_EVIDENCE"
"https://thesamachardaily.in/articles/india/india-leads-swedish-business-climate-survey-tops-40-global-markets/","India Leads Swedish Business Climate Survey, Tops 40+ Global Markets","85","INDEXABLE (LIVE)","UNAVAILABLE","UNAVAILABLE","UNAVAILABLE","UNAVAILABLE","INSUFFICIENT_DATA","NONE","A — KEEP AS IS","MAINTAIN_SHORT_NEWS","HIGH","PHASE_6C_AUDIT / REPOSITORY_EVIDENCE"
"https://thesamachardaily.in/articles/india/india-lifts-2000-upi-fee-exemption-reopens-mdr-for-select-merchants/","India lifts ₹2,000 UPI fee exemption, reopens MDR for select merchants","86","INDEXABLE (LIVE)","UNAVAILABLE","UNAVAILABLE","UNAVAILABLE","UNAVAILABLE","INSUFFICIENT_DATA","NONE","A — KEEP AS IS","MAINTAIN_SHORT_NEWS","HIGH","PHASE_6C_AUDIT / REPOSITORY_EVIDENCE"
"https://thesamachardaily.in/articles/india/india-news-relief-as-stranded-maharashtra-citizens-return-from-flood-hit-nepal-expres/","Maharashtra Citizens Rescued from Nepal Floods Praise State and Centre for Swift Action","118","INDEXABLE (LIVE)","UNAVAILABLE","UNAVAILABLE","UNAVAILABLE","UNAVAILABLE","INSUFFICIENT_DATA","NONE","A — KEEP AS IS","MAINTAIN_SHORT_NEWS","HIGH","PHASE_6C_AUDIT / REPOSITORY_EVIDENCE"
"https://thesamachardaily.in/articles/india/india-pushes-for-shared-brics-satellite-network-at-2026-summit/","India pushes for shared BRICS satellite network at 2026 summit","58","INDEXABLE (LIVE)","UNAVAILABLE","UNAVAILABLE","UNAVAILABLE","UNAVAILABLE","INSUFFICIENT_DATA","NONE","B — TARGETED ENRICHMENT CANDIDATE","SOURCE_VERIFICATION_THEN_ENRICH","HIGH","PHASE_6C_AUDIT / REPOSITORY_EVIDENCE"
"https://thesamachardaily.in/articles/india/india-renegotiates-mauritius-singapore-cyprus-treaties-to-reclaim-capital-gains-tax/","India renegotiates Mauritius, Singapore, Cyprus treaties to reclaim capital gains tax","96","INDEXABLE (LIVE)","UNAVAILABLE","UNAVAILABLE","UNAVAILABLE","UNAVAILABLE","INSUFFICIENT_DATA","NONE","B — TARGETED ENRICHMENT CANDIDATE","SOURCE_VERIFICATION_THEN_ENRICH","HIGH","PHASE_6C_AUDIT / REPOSITORY_EVIDENCE"
"https://thesamachardaily.in/articles/india/india-u-19-defeats-australia-by-7-runs-in-rain-affected-thriller-at-rajkot/","India U-19 Defeats Australia by 7 Runs in Rain-Affected Thriller at Rajkot","79","INDEXABLE (LIVE)","UNAVAILABLE","UNAVAILABLE","UNAVAILABLE","UNAVAILABLE","INSUFFICIENT_DATA","NONE","A — KEEP AS IS","MAINTAIN_SHORT_NEWS","HIGH","PHASE_6C_AUDIT / REPOSITORY_EVIDENCE"
"https://thesamachardaily.in/articles/india/india-us-yudh-abhyas-2026-kicks-off-with-joint-drills-and-indigenous-rampur-hounds/","India-US Yudh Abhyas 2026 Kicks Off with Joint Drills and Indigenous Rampur Hounds","105","INDEXABLE (LIVE)","UNAVAILABLE","UNAVAILABLE","UNAVAILABLE","UNAVAILABLE","INSUFFICIENT_DATA","NONE","A — KEEP AS IS","MAINTAIN_SHORT_NEWS","HIGH","PHASE_6C_AUDIT / REPOSITORY_EVIDENCE"
"https://thesamachardaily.in/articles/india/indian-origin-anila-baby-arrested-in-california-for-murders-of-two-malayali-friends/","Indian-origin Anila Baby arrested in California for murders of two Malayali friends","38","INDEXABLE (LIVE)","UNAVAILABLE","UNAVAILABLE","UNAVAILABLE","UNAVAILABLE","INSUFFICIENT_DATA","NONE","A — KEEP AS IS","PRESERVE_LOW_PRIORITY","HIGH","PHASE_6C_AUDIT / REPOSITORY_EVIDENCE"
"https://thesamachardaily.in/articles/india/indian-parents-turn-to-vedic-scriptures-for-distinctive-baby-boy-names/","Indian Parents Turn to Vedic Scriptures for Distinctive Baby Boy Names","97","INDEXABLE (LIVE)","UNAVAILABLE","UNAVAILABLE","UNAVAILABLE","UNAVAILABLE","INSUFFICIENT_DATA","NONE","A — KEEP AS IS","MAINTAIN_SHORT_NEWS","HIGH","PHASE_6C_AUDIT / REPOSITORY_EVIDENCE"
"https://thesamachardaily.in/articles/india/indias-fighter-jet-engine-quest-stalls-after-four-decades/","India’s Fighter Jet Engine Quest Stalls After Four Decades","59","INDEXABLE (LIVE)","UNAVAILABLE","UNAVAILABLE","UNAVAILABLE","UNAVAILABLE","INSUFFICIENT_DATA","NONE","A — KEEP AS IS","MAINTAIN_SHORT_NEWS","HIGH","PHASE_6C_AUDIT / REPOSITORY_EVIDENCE"
"https://thesamachardaily.in/articles/india/indias-stateowned-refineries-face-supply-uncertainty-amid-middle-east-disruptions/","India’s State‑Owned Refineries Face Supply Uncertainty Amid Middle East Disruptions","90","INDEXABLE (LIVE)","UNAVAILABLE","UNAVAILABLE","UNAVAILABLE","UNAVAILABLE","INSUFFICIENT_DATA","NONE","A — KEEP AS IS","MAINTAIN_SHORT_NEWS","HIGH","PHASE_6C_AUDIT / REPOSITORY_EVIDENCE"
"https://thesamachardaily.in/articles/india/isl-appoints-karan-yadav-as-ceo-ushering-in-clubled-governance-model/","ISL appoints Karan Yadav as CEO, ushering in club‑led governance model","58","INDEXABLE (LIVE)","UNAVAILABLE","UNAVAILABLE","UNAVAILABLE","UNAVAILABLE","INSUFFICIENT_DATA","NONE","A — KEEP AS IS","MAINTAIN_SHORT_NEWS","HIGH","PHASE_6C_AUDIT / REPOSITORY_EVIDENCE"
"https://thesamachardaily.in/articles/india/joint-meeting-with-hamali-unions-soon-on-wage-hike/","Hamali Unions to Meet Government Over Rs 28‑to‑Rs 40 Wage Hike Demand","107","INDEXABLE (LIVE)","UNAVAILABLE","UNAVAILABLE","UNAVAILABLE","UNAVAILABLE","INSUFFICIENT_DATA","NONE","A — KEEP AS IS","MAINTAIN_SHORT_NEWS","HIGH","PHASE_6C_AUDIT / REPOSITORY_EVIDENCE"
"https://thesamachardaily.in/articles/india/karnataka-cm-pushes-lidar-survey-to-map-western-ghats-opposes-kasturirangan-esa-draft/","Karnataka CM pushes LiDAR survey to map Western Ghats, opposes Kasturirangan ESA draft","100","INDEXABLE (LIVE)","UNAVAILABLE","UNAVAILABLE","UNAVAILABLE","UNAVAILABLE","INSUFFICIENT_DATA","NONE","A — KEEP AS IS","MAINTAIN_SHORT_NEWS","HIGH","PHASE_6C_AUDIT / REPOSITORY_EVIDENCE"
"https://thesamachardaily.in/articles/india/karnataka-high-court-sda-recruitment-2026-deadline-hits-today-20-posts-open/","Karnataka High Court SDA Recruitment 2026 Deadline Hits Today, 20 Posts Open","97","INDEXABLE (LIVE)","UNAVAILABLE","UNAVAILABLE","UNAVAILABLE","UNAVAILABLE","INSUFFICIENT_DATA","NONE","A — KEEP AS IS","MAINTAIN_SHORT_NEWS","HIGH","PHASE_6C_AUDIT / REPOSITORY_EVIDENCE"
"https://thesamachardaily.in/articles/india/karnataka-man-rides-twowheeler-with-six-kids-five-in-metal-basket-video-sparks-outrag/","Karnataka Man Rides Two‑Wheeler with Six Kids, Five in Metal Basket, Video Sparks Outrage","61","INDEXABLE (LIVE)","UNAVAILABLE","UNAVAILABLE","UNAVAILABLE","UNAVAILABLE","INSUFFICIENT_DATA","NONE","A — KEEP AS IS","MAINTAIN_SHORT_NEWS","HIGH","PHASE_6C_AUDIT / REPOSITORY_EVIDENCE"
"https://thesamachardaily.in/articles/india/karnataka-sit-raids-ten-sites-in-six-states-over-dodderi-fake-drug-ring/","Karnataka SIT raids ten sites in six states over Dodderi fake drug ring","88","INDEXABLE (LIVE)","UNAVAILABLE","UNAVAILABLE","UNAVAILABLE","UNAVAILABLE","INSUFFICIENT_DATA","NONE","A — KEEP AS IS","MAINTAIN_SHORT_NEWS","HIGH","PHASE_6C_AUDIT / REPOSITORY_EVIDENCE"
"https://thesamachardaily.in/articles/india/keerthy-suresh-flaunts-tamilkerala-pride-at-tiff-2026-highlighting-south-indian-grand/","Keerthy Suresh Flaunts Tamil‑Kerala Pride at TIFF 2026, Highlighting South Indian Grandeur","72","INDEXABLE (LIVE)","UNAVAILABLE","UNAVAILABLE","UNAVAILABLE","UNAVAILABLE","INSUFFICIENT_DATA","NONE","A — KEEP AS IS","MAINTAIN_SHORT_NEWS","HIGH","PHASE_6C_AUDIT / REPOSITORY_EVIDENCE"
"https://thesamachardaily.in/articles/india/maharashtra-exam-date-shift-upends-careers-marriages-finances/","Maharashtra Exam Date Shift Upends Careers, Marriages, Finances","88","INDEXABLE (LIVE)","UNAVAILABLE","UNAVAILABLE","UNAVAILABLE","UNAVAILABLE","INSUFFICIENT_DATA","NONE","A — KEEP AS IS","MAINTAIN_SHORT_NEWS","HIGH","PHASE_6C_AUDIT / REPOSITORY_EVIDENCE"
"https://thesamachardaily.in/articles/india/maharashtra-fda-suspends-olympia-coffee-house-licence-over-hygiene-violations/","Maharashtra FDA Suspends Olympia Coffee House Licence Over Hygiene Violations","52","INDEXABLE (LIVE)","UNAVAILABLE","UNAVAILABLE","UNAVAILABLE","UNAVAILABLE","INSUFFICIENT_DATA","NONE","A — KEEP AS IS","MAINTAIN_SHORT_NEWS","HIGH","PHASE_6C_AUDIT / REPOSITORY_EVIDENCE"
"https://thesamachardaily.in/articles/india/mahindra-to-unveil-facelifted-thar-suv-tomorrow-sep-22-2026/","Mahindra to Unveil Facelifted Thar SUV Tomorrow, Sep 22, 2026","70","INDEXABLE (LIVE)","UNAVAILABLE","UNAVAILABLE","UNAVAILABLE","UNAVAILABLE","INSUFFICIENT_DATA","NONE","A — KEEP AS IS","MAINTAIN_SHORT_NEWS","HIGH","PHASE_6C_AUDIT / REPOSITORY_EVIDENCE"
"https://thesamachardaily.in/articles/india/malaysia-pm-anwar-ibrahim-sings-kishore-kumar-classic-at-delhi-brics-gala/","Malaysia PM Anwar Ibrahim sings Kishore Kumar classic at Delhi BRICS gala","39","INDEXABLE (LIVE)","UNAVAILABLE","UNAVAILABLE","UNAVAILABLE","UNAVAILABLE","INSUFFICIENT_DATA","NONE","A — KEEP AS IS","PRESERVE_LOW_PRIORITY","HIGH","PHASE_6C_AUDIT / REPOSITORY_EVIDENCE"
"https://thesamachardaily.in/articles/india/manjeet-kaurs-final-video-shows-they-set-me-on-fire-first-arrest-made/","Manjeet Kaur’s Final Video Shows ‘They Set Me On Fire’, First Arrest Made","90","INDEXABLE (LIVE)","UNAVAILABLE","UNAVAILABLE","UNAVAILABLE","UNAVAILABLE","INSUFFICIENT_DATA","NONE","A — KEEP AS IS","MAINTAIN_SHORT_NEWS","HIGH","PHASE_6C_AUDIT / REPOSITORY_EVIDENCE"
"https://thesamachardaily.in/articles/india/mazda-art-festival-showcases-indias-rich-and-varied-artistic-diversity/","Mazda Art Festival Showcases India's Rich and Varied Artistic Diversity","43","INDEXABLE (LIVE)","UNAVAILABLE","UNAVAILABLE","UNAVAILABLE","UNAVAILABLE","INSUFFICIENT_DATA","NONE","A — KEEP AS IS","PRESERVE_LOW_PRIORITY","HIGH","PHASE_6C_AUDIT / REPOSITORY_EVIDENCE"
"https://thesamachardaily.in/articles/india/mecl-signs-mou-with-nbcc-to-renovate-and-upgrade-nagpur-corporate-headquarters/","MECL signs MoU with NBCC to renovate and upgrade Nagpur corporate headquarters","91","INDEXABLE (LIVE)","UNAVAILABLE","UNAVAILABLE","UNAVAILABLE","UNAVAILABLE","INSUFFICIENT_DATA","NONE","A — KEEP AS IS","MAINTAIN_SHORT_NEWS","HIGH","PHASE_6C_AUDIT / REPOSITORY_EVIDENCE"
"https://thesamachardaily.in/articles/india/modi-calls-on-brics-business-council-to-cut-trade-barriers-boost-startups/","Modi Calls on BRICS Business Council to Cut Trade Barriers, Boost Startups","101","INDEXABLE (LIVE)","UNAVAILABLE","UNAVAILABLE","UNAVAILABLE","UNAVAILABLE","INSUFFICIENT_DATA","NONE","A — KEEP AS IS","MAINTAIN_SHORT_NEWS","HIGH","PHASE_6C_AUDIT / REPOSITORY_EVIDENCE"
"https://thesamachardaily.in/articles/india/modi-greets-ethiopias-abiy-ahmed-at-new-delhis-bharat-mandapam-during-brics-2026/","Modi greets Ethiopia's Abiy Ahmed at New Delhi's Bharat Mandapam during BRICS 2026","50","INDEXABLE (LIVE)","UNAVAILABLE","UNAVAILABLE","UNAVAILABLE","UNAVAILABLE","INSUFFICIENT_DATA","NONE","A — KEEP AS IS","MAINTAIN_SHORT_NEWS","HIGH","PHASE_6C_AUDIT / REPOSITORY_EVIDENCE"
"https://thesamachardaily.in/articles/india/modi-to-hand-out-51000-government-job-letters-at-20th-rozgar-mela/","Modi to Hand Out 51,000+ Government Job Letters at 20th Rozgar Mela","70","INDEXABLE (LIVE)","UNAVAILABLE","UNAVAILABLE","UNAVAILABLE","UNAVAILABLE","INSUFFICIENT_DATA","NONE","A — KEEP AS IS","MAINTAIN_SHORT_NEWS","HIGH","PHASE_6C_AUDIT / REPOSITORY_EVIDENCE"
"https://thesamachardaily.in/articles/india/modi-xi-meet-in-new-delhi-emphasize-border-peace-at-brics-2026/","Modi, Xi Meet in New Delhi, Emphasize Border Peace at BRICS 2026","88","INDEXABLE (LIVE)","UNAVAILABLE","UNAVAILABLE","UNAVAILABLE","UNAVAILABLE","INSUFFICIENT_DATA","NONE","A — KEEP AS IS","MAINTAIN_SHORT_NEWS","HIGH","PHASE_6C_AUDIT / REPOSITORY_EVIDENCE"
"https://thesamachardaily.in/articles/india/mohit-suri-teams-with-ram-gopal-varma-on-yrfbacked-twohero-gangster-film/","Mohit Suri Teams with Ram Gopal Varma on YRF‑Backed Two‑Hero Gangster Film","93","INDEXABLE (LIVE)","UNAVAILABLE","UNAVAILABLE","UNAVAILABLE","UNAVAILABLE","INSUFFICIENT_DATA","NONE","A — KEEP AS IS","MAINTAIN_SHORT_NEWS","HIGH","PHASE_6C_AUDIT / REPOSITORY_EVIDENCE"
"https://thesamachardaily.in/articles/india/money-plant-care-sunlight-vs-shade-find-the-ideal-spot-for-lush-growth/","Money Plant Care: Sunlight vs Shade – Find the Ideal Spot for Lush Growth","97","INDEXABLE (LIVE)","UNAVAILABLE","UNAVAILABLE","UNAVAILABLE","UNAVAILABLE","INSUFFICIENT_DATA","NONE","A — KEEP AS IS","PRESERVE_LOW_PRIORITY","HIGH","PHASE_6C_AUDIT / REPOSITORY_EVIDENCE"
"https://thesamachardaily.in/articles/india/mosquitoes-thrive-in-indian-bathrooms-5-simple-fixes-to-stop-them/","Mosquitoes Thrive in Indian Bathrooms: 5 Simple Fixes to Stop Them","98","INDEXABLE (LIVE)","UNAVAILABLE","UNAVAILABLE","UNAVAILABLE","UNAVAILABLE","INSUFFICIENT_DATA","NONE","A — KEEP AS IS","MAINTAIN_SHORT_NEWS","HIGH","PHASE_6C_AUDIT / REPOSITORY_EVIDENCE"
"https://thesamachardaily.in/articles/india/moxy-bengaluru-airport-prestige-tech-cloud-names-jegan-babu-as-new-food-beverage-mana/","Moxy Bengaluru Airport Prestige Tech Cloud names Jegan Babu as new Food & Beverage manager","36","INDEXABLE (LIVE)","UNAVAILABLE","UNAVAILABLE","UNAVAILABLE","UNAVAILABLE","INSUFFICIENT_DATA","NONE","A — KEEP AS IS","PRESERVE_LOW_PRIORITY","HIGH","PHASE_6C_AUDIT / REPOSITORY_EVIDENCE"
"https://thesamachardaily.in/articles/india/mumbai-police-constable-loses-rs-112-lakh-in-matrimonial-gift-fraud/","Mumbai Police Constable Loses Rs 11.2 Lakh in Matrimonial Gift Fraud","33","INDEXABLE (LIVE)","UNAVAILABLE","UNAVAILABLE","UNAVAILABLE","UNAVAILABLE","INSUFFICIENT_DATA","NONE","A — KEEP AS IS","PRESERVE_LOW_PRIORITY","HIGH","PHASE_6C_AUDIT / REPOSITORY_EVIDENCE"
"https://thesamachardaily.in/articles/india/neha-dhupia-says-motherhood-has-shaken-her-confidence-ahead-of-roadies-rebirth/","Neha Dhupia says motherhood has shaken her confidence ahead of Roadies Rebirth","56","INDEXABLE (LIVE)","UNAVAILABLE","UNAVAILABLE","UNAVAILABLE","UNAVAILABLE","INSUFFICIENT_DATA","NONE","A — KEEP AS IS","MAINTAIN_SHORT_NEWS","HIGH","PHASE_6C_AUDIT / REPOSITORY_EVIDENCE"
"https://thesamachardaily.in/articles/india/netflix-unveils-first-look-for-unaccustomed-earth-series-starring-freida-pinto/","Netflix Unveils First Look for 'Unaccustomed Earth' Series Starring Freida Pinto","118","INDEXABLE (LIVE)","UNAVAILABLE","UNAVAILABLE","UNAVAILABLE","UNAVAILABLE","INSUFFICIENT_DATA","NONE","A — KEEP AS IS","MAINTAIN_SHORT_NEWS","HIGH","PHASE_6C_AUDIT / REPOSITORY_EVIDENCE"
"https://thesamachardaily.in/articles/india/never-rejected-nepal-clears-stand-on-foreign-support-amid-rescue-seeks-specialised-as/","Nepal Refutes Rejection Claims, Requests Specialized Flood Aid from India, China","125","INDEXABLE (LIVE)","UNAVAILABLE","UNAVAILABLE","UNAVAILABLE","UNAVAILABLE","INSUFFICIENT_DATA","NONE","A — KEEP AS IS","MAINTAIN_SHORT_NEWS","HIGH","PHASE_6C_AUDIT / REPOSITORY_EVIDENCE"
"https://thesamachardaily.in/articles/india/nxp-unveils-easyevse-platform-with-rw612-mcu-at-electronica-india-2026/","NXP Unveils EasyEVSE Platform with RW612 MCU at Electronica India 2026","50","INDEXABLE (LIVE)","UNAVAILABLE","UNAVAILABLE","UNAVAILABLE","UNAVAILABLE","INSUFFICIENT_DATA","NONE","A — KEEP AS IS","MAINTAIN_SHORT_NEWS","HIGH","PHASE_6C_AUDIT / REPOSITORY_EVIDENCE"
"https://thesamachardaily.in/articles/india/odisha-bjp-youth-wing-sets-world-record-collects-8810-blood-units-on-pm-modis-birthda/","Odisha BJP Youth Wing Sets World Record, Collects 8,810 Blood Units on PM Modi’s Birthday","90","INDEXABLE (LIVE)","UNAVAILABLE","UNAVAILABLE","UNAVAILABLE","UNAVAILABLE","INSUFFICIENT_DATA","NONE","A — KEEP AS IS","MAINTAIN_SHORT_NEWS","HIGH","PHASE_6C_AUDIT / REPOSITORY_EVIDENCE"
"https://thesamachardaily.in/articles/india/ott-week-preview-16-new-titles-debut-on-netflix-prime-video-jiohotstar-sep-1420/","OTT Week Preview: 16 New Titles Debut on Netflix, Prime Video, JioHotstar (Sep 14‑20)","114","INDEXABLE (LIVE)","UNAVAILABLE","UNAVAILABLE","UNAVAILABLE","UNAVAILABLE","INSUFFICIENT_DATA","NONE","A — KEEP AS IS","MAINTAIN_SHORT_NEWS","HIGH","PHASE_6C_AUDIT / REPOSITORY_EVIDENCE"
"https://thesamachardaily.in/articles/india/pm-modi-arrives-in-uzbekistan-for-2-day-visit-gets-warm-welcome-from-president-mirziy/","PM Modi arrives in Uzbekistan, welcomed by President Mirziyoyev for trade, defence talks","122","INDEXABLE (LIVE)","UNAVAILABLE","UNAVAILABLE","UNAVAILABLE","UNAVAILABLE","INSUFFICIENT_DATA","NONE","B — TARGETED ENRICHMENT CANDIDATE","LATER_PHASE_BACKLOG","MEDIUM","PHASE_6C_AUDIT / REPOSITORY_EVIDENCE"
"https://thesamachardaily.in/articles/india/pm-modi-begins-central-asia-visit-to-strengthen-indias-strategic-partnerships-and-pus/","Modi Launches Central Asia Tour to Bolster Strategic Ties and Regional Security","146","INDEXABLE (LIVE)","UNAVAILABLE","UNAVAILABLE","UNAVAILABLE","UNAVAILABLE","INSUFFICIENT_DATA","NONE","A — KEEP AS IS","MAINTAIN_SHORT_NEWS","HIGH","PHASE_6C_AUDIT / REPOSITORY_EVIDENCE"
"https://thesamachardaily.in/articles/india/psu-lenders-to-appeal-nclt-approval-of-subhash-chandras-rs-65-cr-repayment-plan/","PSU Lenders to Appeal NCLT Sanction of Subhash Chandra’s Rs 6.5 Cr Repayment Plan","118","INDEXABLE (LIVE)","UNAVAILABLE","UNAVAILABLE","UNAVAILABLE","UNAVAILABLE","INSUFFICIENT_DATA","NONE","A — KEEP AS IS","MAINTAIN_SHORT_NEWS","HIGH","PHASE_6C_AUDIT / REPOSITORY_EVIDENCE"
"https://thesamachardaily.in/articles/india/punjab-employee-unrest-puts-aap-on-the-back-foot/","Punjab Government Employee Unrest Challenges AAP Ahead of Assembly Vote","123","INDEXABLE (LIVE)","UNAVAILABLE","UNAVAILABLE","UNAVAILABLE","UNAVAILABLE","INSUFFICIENT_DATA","NONE","A — KEEP AS IS","MAINTAIN_SHORT_NEWS","HIGH","PHASE_6C_AUDIT / REPOSITORY_EVIDENCE"
"https://thesamachardaily.in/articles/india/punjab-lecturer-cadre-2026-admit-card-released-on-official-portal/","Punjab Lecturer Cadre 2026 Admit Card Released on Official Portal","54","INDEXABLE (LIVE)","UNAVAILABLE","UNAVAILABLE","UNAVAILABLE","UNAVAILABLE","INSUFFICIENT_DATA","NONE","A — KEEP AS IS","MAINTAIN_SHORT_NEWS","HIGH","PHASE_6C_AUDIT / REPOSITORY_EVIDENCE"
"https://thesamachardaily.in/articles/india/rajasthan-urban-local-body-count-starts-bjp-leads-early-over-congress/","Rajasthan Urban Local Body Count Starts, BJP Leads Early Over Congress","78","INDEXABLE (LIVE)","UNAVAILABLE","UNAVAILABLE","UNAVAILABLE","UNAVAILABLE","INSUFFICIENT_DATA","NONE","A — KEEP AS IS","MAINTAIN_SHORT_NEWS","HIGH","PHASE_6C_AUDIT / REPOSITORY_EVIDENCE"
"https://thesamachardaily.in/articles/india/raveena-tandon-reveals-nighttime-prank-that-broke-the-ice-with-karisma-kapoor-on-anda/","Raveena Tandon Reveals Night‑time Prank That Broke the Ice with Karisma Kapoor on ‘Andaz Apna Apna’","148","INDEXABLE (LIVE)","UNAVAILABLE","UNAVAILABLE","UNAVAILABLE","UNAVAILABLE","INSUFFICIENT_DATA","NONE","A — KEEP AS IS","MAINTAIN_SHORT_NEWS","HIGH","PHASE_6C_AUDIT / REPOSITORY_EVIDENCE"
"https://thesamachardaily.in/articles/india/rescued-from-nepal-floods-21-tn-pilgrims-meet-eam-at-delhi-airport/","21 Tamil Nadu pilgrims rescued from Nepal floods meet EAM at Delhi airport","137","INDEXABLE (LIVE)","UNAVAILABLE","UNAVAILABLE","UNAVAILABLE","UNAVAILABLE","INSUFFICIENT_DATA","NONE","A — KEEP AS IS","MAINTAIN_SHORT_NEWS","HIGH","PHASE_6C_AUDIT / REPOSITORY_EVIDENCE"
"https://thesamachardaily.in/articles/india/school-assembly-broadcast-delivers-top-news-thought-history-to-students/","School Assembly Broadcast Delivers Top News, Thought & History to Students","50","INDEXABLE (LIVE)","UNAVAILABLE","UNAVAILABLE","UNAVAILABLE","UNAVAILABLE","INSUFFICIENT_DATA","NONE","A — KEEP AS IS","MAINTAIN_SHORT_NEWS","HIGH","PHASE_6C_AUDIT / REPOSITORY_EVIDENCE"
"https://thesamachardaily.in/articles/india/september-snow-blankets-himalayan-peaks-as-cold-wave-hits-north-india/","September Snow Blankets Himalayan Peaks as Cold Wave Hits North India","127","INDEXABLE (LIVE)","UNAVAILABLE","UNAVAILABLE","UNAVAILABLE","UNAVAILABLE","INSUFFICIENT_DATA","NONE","A — KEEP AS IS","MAINTAIN_SHORT_NEWS","HIGH","PHASE_6C_AUDIT / REPOSITORY_EVIDENCE"
"https://thesamachardaily.in/articles/india/shah-rukh-khan-says-king-release-stays-on-schedule-despite-onset-injuries/","Shah Rukh Khan says 'King' release stays on schedule despite on‑set injuries","50","INDEXABLE (LIVE)","UNAVAILABLE","UNAVAILABLE","UNAVAILABLE","UNAVAILABLE","INSUFFICIENT_DATA","NONE","A — KEEP AS IS","MAINTAIN_SHORT_NEWS","HIGH","PHASE_6C_AUDIT / REPOSITORY_EVIDENCE"
"https://thesamachardaily.in/articles/india/shaheen-bhatt-recalls-prank-on-fouryearold-alia-saying-she-wasnt-their-parents-child/","Shaheen Bhatt recalls prank on four‑year‑old Alia, saying she ‘wasn’t their parents’ child’","85","INDEXABLE (LIVE)","UNAVAILABLE","UNAVAILABLE","UNAVAILABLE","UNAVAILABLE","INSUFFICIENT_DATA","NONE","A — KEEP AS IS","MAINTAIN_SHORT_NEWS","HIGH","PHASE_6C_AUDIT / REPOSITORY_EVIDENCE"
"https://thesamachardaily.in/articles/india/snakes-in-flower-pots-five-garden-species-explained-not-to-panic/","Snakes in Flower Pots: Five Garden Species Explained, Not to Panic","103","INDEXABLE (LIVE)","UNAVAILABLE","UNAVAILABLE","UNAVAILABLE","UNAVAILABLE","INSUFFICIENT_DATA","NONE","A — KEEP AS IS","MAINTAIN_SHORT_NEWS","HIGH","PHASE_6C_AUDIT / REPOSITORY_EVIDENCE"
"https://thesamachardaily.in/articles/india/south-indian-breads-offer-crisp-soft-and-smoky-alternatives-to-naan/","South Indian breads offer crisp, soft and smoky alternatives to naan","61","INDEXABLE (LIVE)","UNAVAILABLE","UNAVAILABLE","UNAVAILABLE","UNAVAILABLE","INSUFFICIENT_DATA","NONE","A — KEEP AS IS","MAINTAIN_SHORT_NEWS","HIGH","PHASE_6C_AUDIT / REPOSITORY_EVIDENCE"
"https://thesamachardaily.in/articles/india/sp-mp-slams-bjp-for-excluding-opposition-chief-ministers-from-new-delhi-brics-summit/","SP MP slams BJP for excluding opposition chief ministers from New Delhi BRICS summit","62","INDEXABLE (LIVE)","UNAVAILABLE","UNAVAILABLE","UNAVAILABLE","UNAVAILABLE","INSUFFICIENT_DATA","NONE","B — TARGETED ENRICHMENT CANDIDATE","SOURCE_VERIFICATION_THEN_ENRICH","HIGH","PHASE_6C_AUDIT / REPOSITORY_EVIDENCE"
"https://thesamachardaily.in/articles/india/speeding-mahindra-thar-kills-57yearold-dairy-operator-in-jaipur-collision/","Speeding Mahindra Thar Kills 57‑Year‑Old Dairy Operator in Jaipur Collision","66","INDEXABLE (LIVE)","UNAVAILABLE","UNAVAILABLE","UNAVAILABLE","UNAVAILABLE","INSUFFICIENT_DATA","NONE","A — KEEP AS IS","MAINTAIN_SHORT_NEWS","HIGH","PHASE_6C_AUDIT / REPOSITORY_EVIDENCE"
"https://thesamachardaily.in/articles/india/srabani-nanda-lauds-polands-spaa-olympic-centre-as-sprint-training-boost-for-india/","Srabani Nanda lauds Poland's Spała Olympic Centre as sprint training boost for India","50","INDEXABLE (LIVE)","UNAVAILABLE","UNAVAILABLE","UNAVAILABLE","UNAVAILABLE","INSUFFICIENT_DATA","NONE","A — KEEP AS IS","MAINTAIN_SHORT_NEWS","HIGH","PHASE_6C_AUDIT / REPOSITORY_EVIDENCE"
"https://thesamachardaily.in/articles/india/srm-school-of-law-hosts-landmark-lecture-on-sustainability-law-and-human-rights/","SRM School of Law Hosts Landmark Lecture on Sustainability, Law and Human Rights","87","INDEXABLE (LIVE)","UNAVAILABLE","UNAVAILABLE","UNAVAILABLE","UNAVAILABLE","INSUFFICIENT_DATA","NONE","A — KEEP AS IS","MAINTAIN_SHORT_NEWS","HIGH","PHASE_6C_AUDIT / REPOSITORY_EVIDENCE"
"https://thesamachardaily.in/articles/india/supreme-court-takes-up-manav-bhanot-vs-nhai-dispute-over-debt-resolution/","Supreme Court Takes Up Manav Bhanot vs. NHAI Dispute Over Debt Resolution","128","INDEXABLE (LIVE)","UNAVAILABLE","UNAVAILABLE","UNAVAILABLE","UNAVAILABLE","INSUFFICIENT_DATA","NONE","B — TARGETED ENRICHMENT CANDIDATE","SOURCE_VERIFICATION_THEN_ENRICH","HIGH","PHASE_6C_AUDIT / REPOSITORY_EVIDENCE"
"https://thesamachardaily.in/articles/india/surat-trader-allegedly-stolen-of-gold-worth-rs-195-cr-and-aed-128-lakh-at-mumbai-airp/","Surat Trader Allegedly Stolen of Gold Worth Rs 1.95 Cr and AED 1.28 Lakh at Mumbai Airport","81","INDEXABLE (LIVE)","UNAVAILABLE","UNAVAILABLE","UNAVAILABLE","UNAVAILABLE","INSUFFICIENT_DATA","NONE","B — TARGETED ENRICHMENT CANDIDATE","SOURCE_VERIFICATION_THEN_ENRICH","HIGH","PHASE_6C_AUDIT / REPOSITORY_EVIDENCE"
"https://thesamachardaily.in/articles/india/tejashwi-yadav-urges-bihar-cm-to-install-lifesize-statues-of-three-late-leaders/","Tejashwi Yadav urges Bihar CM to install life‑size statues of three late leaders","100","INDEXABLE (LIVE)","UNAVAILABLE","UNAVAILABLE","UNAVAILABLE","UNAVAILABLE","INSUFFICIENT_DATA","NONE","A — KEEP AS IS","MAINTAIN_SHORT_NEWS","HIGH","PHASE_6C_AUDIT / REPOSITORY_EVIDENCE"
"https://thesamachardaily.in/articles/india/toxic-box-office-collection-day-3-live-updates-yash-film-eyes-rs-30-cr-day-4-after-ea/","Yash’s ‘Toxic’ pulls Rs 221.45 cr globally by Day 3, targets Rs 30 cr on Day 4","144","INDEXABLE (LIVE)","UNAVAILABLE","UNAVAILABLE","UNAVAILABLE","UNAVAILABLE","INSUFFICIENT_DATA","NONE","A — KEEP AS IS","MAINTAIN_SHORT_NEWS","HIGH","PHASE_6C_AUDIT / REPOSITORY_EVIDENCE"
"https://thesamachardaily.in/articles/india/uttar-pradesh-cabinet-approves-transfer-of-26-hectares-for-nsg-centre-in-ayodhya/","Uttar Pradesh Cabinet Approves Transfer of 26 Hectares for NSG Centre in Ayodhya","65","INDEXABLE (LIVE)","UNAVAILABLE","UNAVAILABLE","UNAVAILABLE","UNAVAILABLE","INSUFFICIENT_DATA","NONE","A — KEEP AS IS","MAINTAIN_SHORT_NEWS","HIGH","PHASE_6C_AUDIT / REPOSITORY_EVIDENCE"
"https://thesamachardaily.in/articles/india/vice-president-radhakrishnan-urges-educational-institutions-to-become-global-research/","Vice President Radhakrishnan calls for Indian colleges to become global research hubs","124","INDEXABLE (LIVE)","UNAVAILABLE","UNAVAILABLE","UNAVAILABLE","UNAVAILABLE","INSUFFICIENT_DATA","NONE","A — KEEP AS IS","MAINTAIN_SHORT_NEWS","HIGH","PHASE_6C_AUDIT / REPOSITORY_EVIDENCE"
"https://thesamachardaily.in/articles/india/vivo-india-launches-its-new-vivo-buds-earbuds-with-long-battery-and-noisecancellation/","vivo India launches its new vivo Buds earbuds with long battery and noise‑cancellation","73","INDEXABLE (LIVE)","UNAVAILABLE","UNAVAILABLE","UNAVAILABLE","UNAVAILABLE","INSUFFICIENT_DATA","NONE","B — TARGETED ENRICHMENT CANDIDATE","SOURCE_VERIFICATION_THEN_ENRICH","HIGH","PHASE_6C_AUDIT / REPOSITORY_EVIDENCE"
"https://thesamachardaily.in/articles/india/vp-cp-radhakrishnan-to-attend-upasi-trf-centenary-conference-in-tamil-nadu/","VP C.P. Radhakrishnan to Attend UPASI TRF Centenary Conference in Tamil Nadu","90","INDEXABLE (LIVE)","UNAVAILABLE","UNAVAILABLE","UNAVAILABLE","UNAVAILABLE","INSUFFICIENT_DATA","NONE","A — KEEP AS IS","MAINTAIN_SHORT_NEWS","HIGH","PHASE_6C_AUDIT / REPOSITORY_EVIDENCE"
"https://thesamachardaily.in/articles/india/west-bengal-bypolls-left-announces-nandigram-rejinagar-candidates-as-tmc-splits/","West Bengal Bypolls: Left Announces Nandigram, Rejinagar Candidates as TMC Splits","38","INDEXABLE (LIVE)","UNAVAILABLE","UNAVAILABLE","UNAVAILABLE","UNAVAILABLE","INSUFFICIENT_DATA","NONE","A — KEEP AS IS","PRESERVE_LOW_PRIORITY","HIGH","PHASE_6C_AUDIT / REPOSITORY_EVIDENCE"
"https://thesamachardaily.in/articles/india/why-was-vaibhav-sooryavanshi-not-selected-in-india-u-19-squad-bcci-rule-is-the-reason/","BCCI rule bars Vaibhav Sooryavanshi from India U‑19 squad despite strong performances","145","INDEXABLE (LIVE)","UNAVAILABLE","UNAVAILABLE","UNAVAILABLE","UNAVAILABLE","INSUFFICIENT_DATA","NONE","A — KEEP AS IS","MAINTAIN_SHORT_NEWS","HIGH","PHASE_6C_AUDIT / REPOSITORY_EVIDENCE"
"https://thesamachardaily.in/articles/india/workshop-at-ooty-explores-space-science-human-biology/","Astro‑Bio 2026 Workshop in Ooty Examines Space Simulation and Human Biology","132","INDEXABLE (LIVE)","UNAVAILABLE","UNAVAILABLE","UNAVAILABLE","UNAVAILABLE","INSUFFICIENT_DATA","NONE","B — TARGETED ENRICHMENT CANDIDATE","LATER_PHASE_BACKLOG","MEDIUM","PHASE_6C_AUDIT / REPOSITORY_EVIDENCE"
"https://thesamachardaily.in/articles/india/wrestleractor-saurav-gurjar-arrested-at-mumbai-airport-on-sexual-exploitation-charges/","Wrestler‑actor Saurav Gurjar arrested at Mumbai airport on sexual exploitation charges","75","INDEXABLE (LIVE)","UNAVAILABLE","UNAVAILABLE","UNAVAILABLE","UNAVAILABLE","INSUFFICIENT_DATA","NONE","B — TARGETED ENRICHMENT CANDIDATE","SOURCE_VERIFICATION_THEN_ENRICH","HIGH","PHASE_6C_AUDIT / REPOSITORY_EVIDENCE"
"https://thesamachardaily.in/articles/india/wwe-smackdown-free-live-streaming-online-august-28-get-wrestling-weekly-episode-live/","WWE SmackDown Live on Aug 28, 2026: US TV, Peacock & Netflix Stream Details","145","INDEXABLE (LIVE)","UNAVAILABLE","UNAVAILABLE","UNAVAILABLE","UNAVAILABLE","INSUFFICIENT_DATA","NONE","A — KEEP AS IS","MAINTAIN_SHORT_NEWS","HIGH","PHASE_6C_AUDIT / REPOSITORY_EVIDENCE"
"https://thesamachardaily.in/articles/india/yangi-uzbekistan-monument-reflects-aspirations-of-uzbek-people-pm-modi/","Modi says Yangi Uzbekistan Monument Symbolizes Uzbek Aspirations During Bilateral Visit","127","INDEXABLE (LIVE)","UNAVAILABLE","UNAVAILABLE","UNAVAILABLE","UNAVAILABLE","INSUFFICIENT_DATA","NONE","A — KEEP AS IS","MAINTAIN_SHORT_NEWS","HIGH","PHASE_6C_AUDIT / REPOSITORY_EVIDENCE"
"https://thesamachardaily.in/articles/sports/1979-beetles-tribute-team-wins-21st-annual-parker-youth-golf-tournament/","1979 Beetles Tribute Team Wins 21st Annual Parker Youth Golf Tournament","99","INDEXABLE (LIVE)","UNAVAILABLE","UNAVAILABLE","UNAVAILABLE","UNAVAILABLE","INSUFFICIENT_DATA","NONE","A — KEEP AS IS","MAINTAIN_SHORT_NEWS","HIGH","PHASE_6C_AUDIT / REPOSITORY_EVIDENCE"
"https://thesamachardaily.in/articles/sports/911-as-generational-line-author-sees-it-as-memory-for-millennials-history-for-gen-z/","9/11 as generational line: Author sees it as memory for millennials, history for Gen Z","113","INDEXABLE (LIVE)","UNAVAILABLE","UNAVAILABLE","UNAVAILABLE","UNAVAILABLE","INSUFFICIENT_DATA","NONE","A — KEEP AS IS","MAINTAIN_SHORT_NEWS","HIGH","PHASE_6C_AUDIT / REPOSITORY_EVIDENCE"
"https://thesamachardaily.in/articles/sports/abhishek-sharmas-82-off-32-fuels-indias-7-wicket-win-over-afghanistan-in-1st-t20i/","Abhishek Sharma's 82 off 32 fuels India's 7-wicket win over Afghanistan in 1st T20I","50","INDEXABLE (LIVE)","UNAVAILABLE","UNAVAILABLE","UNAVAILABLE","UNAVAILABLE","INSUFFICIENT_DATA","NONE","A — KEEP AS IS","MAINTAIN_SHORT_NEWS","HIGH","PHASE_6C_AUDIT / REPOSITORY_EVIDENCE"
"https://thesamachardaily.in/articles/sports/alex-neil-urges-millwall-to-build-on-newcastle-display-ahead-of-vital-week/","Alex Neil Urges Millwall to Build on Newcastle Display Ahead of Vital Week","86","INDEXABLE (LIVE)","UNAVAILABLE","UNAVAILABLE","UNAVAILABLE","UNAVAILABLE","INSUFFICIENT_DATA","NONE","A — KEEP AS IS","MAINTAIN_SHORT_NEWS","HIGH","PHASE_6C_AUDIT / REPOSITORY_EVIDENCE"
"https://thesamachardaily.in/articles/sports/asakura-ko-prop-tops-ufc-shanghai-weekend-lock/","Kai Asakura Favored for KO/TKO in UFC Shanghai Main Event","142","INDEXABLE (LIVE)","UNAVAILABLE","UNAVAILABLE","UNAVAILABLE","UNAVAILABLE","INSUFFICIENT_DATA","NONE","A — KEEP AS IS","MAINTAIN_SHORT_NEWS","HIGH","PHASE_6C_AUDIT / REPOSITORY_EVIDENCE"
"https://thesamachardaily.in/articles/sports/atlanta-hawks-waive-former-lottery-pick-devin-carter-roster-still-over-limit/","Atlanta Hawks waive former lottery pick Devin Carter, roster still over limit","40","INDEXABLE (LIVE)","UNAVAILABLE","UNAVAILABLE","UNAVAILABLE","UNAVAILABLE","INSUFFICIENT_DATA","NONE","A — KEEP AS IS","PRESERVE_LOW_PRIORITY","HIGH","PHASE_6C_AUDIT / REPOSITORY_EVIDENCE"
"https://thesamachardaily.in/articles/sports/ben-shelton-books-us-open-final-eyes-first-us-mens-title-in-23-years/","Ben Shelton books US Open final, eyes first US men's title in 23 years","51","INDEXABLE (LIVE)","UNAVAILABLE","UNAVAILABLE","UNAVAILABLE","UNAVAILABLE","INSUFFICIENT_DATA","NONE","A — KEEP AS IS","MAINTAIN_SHORT_NEWS","HIGH","PHASE_6C_AUDIT / REPOSITORY_EVIDENCE"
"https://thesamachardaily.in/articles/sports/bengals-shift-focus-to-adversity-ahead-of-season-opener-vs-buccaneers/","Bengals Shift Focus to Adversity Ahead of Season Opener vs Buccaneers","91","INDEXABLE (LIVE)","UNAVAILABLE","UNAVAILABLE","UNAVAILABLE","UNAVAILABLE","INSUFFICIENT_DATA","NONE","A — KEEP AS IS","MAINTAIN_SHORT_NEWS","HIGH","PHASE_6C_AUDIT / REPOSITORY_EVIDENCE"
"https://thesamachardaily.in/articles/sports/bivol-eyes-december-wbo-mandatory-vs-smith-eyes-2027-blockbuster/","Bivol eyes December WBO mandatory vs Smith, eyes 2027 blockbuster","73","INDEXABLE (LIVE)","UNAVAILABLE","UNAVAILABLE","UNAVAILABLE","UNAVAILABLE","INSUFFICIENT_DATA","NONE","A — KEEP AS IS","MAINTAIN_SHORT_NEWS","HIGH","PHASE_6C_AUDIT / REPOSITORY_EVIDENCE"
"https://thesamachardaily.in/articles/sports/brics-international-football-alliance-opens-india-chapter-to-boost-unity-through-spor/","BRICS International Football Alliance Opens India Chapter to Boost Unity Through Sport","68","INDEXABLE (LIVE)","UNAVAILABLE","UNAVAILABLE","UNAVAILABLE","UNAVAILABLE","INSUFFICIENT_DATA","NONE","A — KEEP AS IS","MAINTAIN_SHORT_NEWS","HIGH","PHASE_6C_AUDIT / REPOSITORY_EVIDENCE"
"https://thesamachardaily.in/articles/sports/bucy-nets-six-as-allegany-thumps-hampshire-10-0/","Bucy nets six as Allegany thumps Hampshire 10-0","79","INDEXABLE (LIVE)","UNAVAILABLE","UNAVAILABLE","UNAVAILABLE","UNAVAILABLE","INSUFFICIENT_DATA","NONE","A — KEEP AS IS","MAINTAIN_SHORT_NEWS","HIGH","PHASE_6C_AUDIT / REPOSITORY_EVIDENCE"
"https://thesamachardaily.in/articles/sports/cbnc-previews-2026-nfl-season-with-power-rankings-draft-picks-and-award-outlook/","CBNC previews 2026 NFL season with power rankings, draft picks and award outlook","94","INDEXABLE (LIVE)","UNAVAILABLE","UNAVAILABLE","UNAVAILABLE","UNAVAILABLE","INSUFFICIENT_DATA","NONE","A — KEEP AS IS","MAINTAIN_SHORT_NEWS","HIGH","PHASE_6C_AUDIT / REPOSITORY_EVIDENCE"
"https://thesamachardaily.in/articles/sports/chelsea-poised-to-table-100m-bid-for-real-madrid-midfielder-says-xabi-alonso/","Chelsea poised to table €100m bid for Real Madrid midfielder, says Xabi Alonso","42","INDEXABLE (LIVE)","UNAVAILABLE","UNAVAILABLE","UNAVAILABLE","UNAVAILABLE","INSUFFICIENT_DATA","NONE","A — KEEP AS IS","PRESERVE_LOW_PRIORITY","HIGH","PHASE_6C_AUDIT / REPOSITORY_EVIDENCE"
"https://thesamachardaily.in/articles/sports/chiefs-top-broncos-as-mahomes-walker-kelce-nix-and-waddle-shine/","Chiefs Top Broncos as Mahomes, Walker, Kelce, Nix, and Waddle Shine","67","INDEXABLE (LIVE)","UNAVAILABLE","UNAVAILABLE","UNAVAILABLE","UNAVAILABLE","INSUFFICIENT_DATA","NONE","A — KEEP AS IS","MAINTAIN_SHORT_NEWS","HIGH","PHASE_6C_AUDIT / REPOSITORY_EVIDENCE"
"https://thesamachardaily.in/articles/sports/cole-palmer-pulls-out-of-england-squad-with-minor-muscle-injury-ahead-of-nations-leag/","Cole Palmer pulls out of England squad with minor muscle injury ahead of Nations League","117","INDEXABLE (LIVE)","UNAVAILABLE","UNAVAILABLE","UNAVAILABLE","UNAVAILABLE","INSUFFICIENT_DATA","NONE","A — KEEP AS IS","MAINTAIN_SHORT_NEWS","HIGH","PHASE_6C_AUDIT / REPOSITORY_EVIDENCE"
"https://thesamachardaily.in/articles/sports/congress-leader-salman-khurshid-comments-on-indias-refusal-to-accept-asia-cup-trophy/","Congress Leader Salman Khurshid Comments on India's Refusal to Accept Asia Cup Trophy","63","INDEXABLE (LIVE)","UNAVAILABLE","UNAVAILABLE","UNAVAILABLE","UNAVAILABLE","INSUFFICIENT_DATA","NONE","A — KEEP AS IS","MAINTAIN_SHORT_NEWS","HIGH","PHASE_6C_AUDIT / REPOSITORY_EVIDENCE"
"https://thesamachardaily.in/articles/sports/delhi-capitals-plan-coaching-overhaul-with-chaminda-vaas-and-sourav-ganguly/","Delhi Capitals Plan Coaching Overhaul With Chaminda Vaas and Sourav Ganguly","88","INDEXABLE (LIVE)","UNAVAILABLE","UNAVAILABLE","UNAVAILABLE","UNAVAILABLE","INSUFFICIENT_DATA","NONE","A — KEEP AS IS","MAINTAIN_SHORT_NEWS","HIGH","PHASE_6C_AUDIT / REPOSITORY_EVIDENCE"
"https://thesamachardaily.in/articles/sports/derbyshires-aneurin-donald-to-make-england-t20-debut-at-rose-bowl-against-sri-lanka/","Derbyshire’s Aneurin Donald to make England T20 debut at Rose Bowl against Sri Lanka","94","INDEXABLE (LIVE)","UNAVAILABLE","UNAVAILABLE","UNAVAILABLE","UNAVAILABLE","INSUFFICIENT_DATA","NONE","A — KEEP AS IS","MAINTAIN_SHORT_NEWS","HIGH","PHASE_6C_AUDIT / REPOSITORY_EVIDENCE"
"https://thesamachardaily.in/articles/sports/diana-edulji-urges-harmanpreet-kaur-to-pass-captaincy-to-smriti-mandhana/","Diana Edulji urges Harmanpreet Kaur to pass captaincy to Smriti Mandhana","118","INDEXABLE (LIVE)","UNAVAILABLE","UNAVAILABLE","UNAVAILABLE","UNAVAILABLE","INSUFFICIENT_DATA","NONE","A — KEEP AS IS","MAINTAIN_SHORT_NEWS","HIGH","PHASE_6C_AUDIT / REPOSITORY_EVIDENCE"
"https://thesamachardaily.in/articles/sports/dodgers-prospect-josue-de-paula-belts-416-foot-homer-for-first-mlb-hit/","Dodgers Prospect Josue De Paula Belts 416-Foot Homer for First MLB Hit","61","INDEXABLE (LIVE)","UNAVAILABLE","UNAVAILABLE","UNAVAILABLE","UNAVAILABLE","INSUFFICIENT_DATA","NONE","A — KEEP AS IS","MAINTAIN_SHORT_NEWS","HIGH","PHASE_6C_AUDIT / REPOSITORY_EVIDENCE"
"https://thesamachardaily.in/articles/sports/eci-assigns-new-symbols-to-mamata-banerjee-and-arup-roy-tmc-factions-ahead-of-oct-6-b/","ECI assigns new symbols to Mamata Banerjee and Arup Roy TMC factions ahead of Oct 6 bypoll","81","INDEXABLE (LIVE)","UNAVAILABLE","UNAVAILABLE","UNAVAILABLE","UNAVAILABLE","INSUFFICIENT_DATA","NONE","A — KEEP AS IS","MAINTAIN_SHORT_NEWS","HIGH","PHASE_6C_AUDIT / REPOSITORY_EVIDENCE"
"https://thesamachardaily.in/articles/sports/edinburgh-castle-rockers-face-belfast-wolves-in-etpl-2026-final-at-dublin/","Edinburgh Castle Rockers Face Belfast Wolves in ETPL 2026 Final at Dublin","64","INDEXABLE (LIVE)","UNAVAILABLE","UNAVAILABLE","UNAVAILABLE","UNAVAILABLE","INSUFFICIENT_DATA","NONE","A — KEEP AS IS","MAINTAIN_SHORT_NEWS","HIGH","PHASE_6C_AUDIT / REPOSITORY_EVIDENCE"
"https://thesamachardaily.in/articles/sports/flix-bautista-vows-orioles-comeback-after-2025-shoulder-surgery/","Félix Bautista vows Orioles comeback after 2025 shoulder surgery","55","INDEXABLE (LIVE)","UNAVAILABLE","UNAVAILABLE","UNAVAILABLE","UNAVAILABLE","INSUFFICIENT_DATA","NONE","A — KEEP AS IS","MAINTAIN_SHORT_NEWS","HIGH","PHASE_6C_AUDIT / REPOSITORY_EVIDENCE"
"https://thesamachardaily.in/articles/sports/freeman-praises-notre-dame-after-27-10-win-over-michigan-state/","Freeman praises Notre Dame after 27-10 win over Michigan State","63","INDEXABLE (LIVE)","UNAVAILABLE","UNAVAILABLE","UNAVAILABLE","UNAVAILABLE","INSUFFICIENT_DATA","NONE","A — KEEP AS IS","MAINTAIN_SHORT_NEWS","HIGH","PHASE_6C_AUDIT / REPOSITORY_EVIDENCE"
"https://thesamachardaily.in/articles/sports/fulham-edge-west-ham-3-2-in-carabao-cup-london-derby-oscar-bobb-clinches-win/","Fulham edge West Ham 3-2 in Carabao Cup London derby, Oscar Bobb clinches win","77","INDEXABLE (LIVE)","UNAVAILABLE","UNAVAILABLE","UNAVAILABLE","UNAVAILABLE","INSUFFICIENT_DATA","NONE","A — KEEP AS IS","MAINTAIN_SHORT_NEWS","HIGH","PHASE_6C_AUDIT / REPOSITORY_EVIDENCE"
"https://thesamachardaily.in/articles/sports/hamilton-slams-barrier-in-practice-defies-team-orders-to-stop/","Hamilton slams barrier in practice, defies team orders to stop","38","INDEXABLE (LIVE)","UNAVAILABLE","UNAVAILABLE","UNAVAILABLE","UNAVAILABLE","INSUFFICIENT_DATA","NONE","A — KEEP AS IS","PRESERVE_LOW_PRIORITY","HIGH","PHASE_6C_AUDIT / REPOSITORY_EVIDENCE"
"https://thesamachardaily.in/articles/sports/harbaughs-grueling-camp-readies-giants-for-rams-showdown-after-dallas-win/","Harbaugh’s grueling camp readies Giants for Rams showdown after Dallas win","87","INDEXABLE (LIVE)","UNAVAILABLE","UNAVAILABLE","UNAVAILABLE","UNAVAILABLE","INSUFFICIENT_DATA","NONE","A — KEEP AS IS","MAINTAIN_SHORT_NEWS","HIGH","PHASE_6C_AUDIT / REPOSITORY_EVIDENCE"
"https://thesamachardaily.in/articles/sports/hibernian-aberdeen-under-fire-as-fans-demand-answers-ahead-of-cup-quarter-finals/","Hibernian, Aberdeen under fire as fans demand answers ahead of cup quarter-finals","89","INDEXABLE (LIVE)","UNAVAILABLE","UNAVAILABLE","UNAVAILABLE","UNAVAILABLE","INSUFFICIENT_DATA","NONE","A — KEEP AS IS","MAINTAIN_SHORT_NEWS","HIGH","PHASE_6C_AUDIT / REPOSITORY_EVIDENCE"
"https://thesamachardaily.in/articles/sports/hornets-split-pool-play-at-greater-kansas-city-softball-invitational-with-one-whammy/","Hornets Split Pool Play at Greater Kansas City Softball Invitational, 4-2 Loss, 17-0 Win","135","INDEXABLE (LIVE)","UNAVAILABLE","UNAVAILABLE","UNAVAILABLE","UNAVAILABLE","INSUFFICIENT_DATA","NONE","A — KEEP AS IS","MAINTAIN_SHORT_NEWS","HIGH","PHASE_6C_AUDIT / REPOSITORY_EVIDENCE"
"https://thesamachardaily.in/articles/sports/i-am-the-king-deep-dasgupta-reveals-how-sourav-ganguly-transformed-team-indias-mindse/","Deep Dasgupta says Sourav Ganguly reshaped India's cricket mindset on sledging","142","INDEXABLE (LIVE)","UNAVAILABLE","UNAVAILABLE","UNAVAILABLE","UNAVAILABLE","INSUFFICIENT_DATA","NONE","A — KEEP AS IS","MAINTAIN_SHORT_NEWS","HIGH","PHASE_6C_AUDIT / REPOSITORY_EVIDENCE"
"https://thesamachardaily.in/articles/sports/india-announces-30shooter-squad-for-2026-asian-games-in-nagoya/","India Announces 30‑Shooter Squad for 2026 Asian Games in Nagoya","49","INDEXABLE (LIVE)","UNAVAILABLE","UNAVAILABLE","UNAVAILABLE","UNAVAILABLE","INSUFFICIENT_DATA","NONE","A — KEEP AS IS","MAINTAIN_SHORT_NEWS","HIGH","PHASE_6C_AUDIT / REPOSITORY_EVIDENCE"
"https://thesamachardaily.in/articles/sports/india-clinches-asia-cup-as-pcb-chief-skips-trophy-handover/","India Clinches Asia Cup as PCB Chief Skips Trophy Hand‑over","80","INDEXABLE (LIVE)","UNAVAILABLE","UNAVAILABLE","UNAVAILABLE","UNAVAILABLE","INSUFFICIENT_DATA","NONE","A — KEEP AS IS","MAINTAIN_SHORT_NEWS","HIGH","PHASE_6C_AUDIT / REPOSITORY_EVIDENCE"
"https://thesamachardaily.in/articles/sports/india-to-host-west-indies-for-5th-t20i-at-bengaluru-on-oct-17-2026/","India to host West Indies for 5th T20I at Bengaluru on Oct 17, 2026","143","INDEXABLE (LIVE)","UNAVAILABLE","UNAVAILABLE","UNAVAILABLE","UNAVAILABLE","INSUFFICIENT_DATA","NONE","A — KEEP AS IS","MAINTAIN_SHORT_NEWS","HIGH","PHASE_6C_AUDIT / REPOSITORY_EVIDENCE"
"https://thesamachardaily.in/articles/sports/india-women-choose-to-bat-first-in-asian-games-semifinal-vs-bangladesh/","India Women Choose to Bat First in Asian Games Semifinal vs Bangladesh","94","INDEXABLE (LIVE)","UNAVAILABLE","UNAVAILABLE","UNAVAILABLE","UNAVAILABLE","INSUFFICIENT_DATA","NONE","A — KEEP AS IS","MAINTAIN_SHORT_NEWS","HIGH","PHASE_6C_AUDIT / REPOSITORY_EVIDENCE"
"https://thesamachardaily.in/articles/sports/indiana-state-aims-for-second-straight-win-against-valparaiso-at-memorial-stadium/","Indiana State aims for second straight win against Valparaiso at Memorial Stadium","75","INDEXABLE (LIVE)","UNAVAILABLE","UNAVAILABLE","UNAVAILABLE","UNAVAILABLE","INSUFFICIENT_DATA","NONE","A — KEEP AS IS","MAINTAIN_SHORT_NEWS","HIGH","PHASE_6C_AUDIT / REPOSITORY_EVIDENCE"
"https://thesamachardaily.in/articles/sports/inter-miamis-nu-stadium-to-host-2027-womens-champions-cup-semi-finals-and-final/","Inter Miami’s Nu Stadium to Host 2027 Women’s Champions Cup Semi-Finals and Final","109","INDEXABLE (LIVE)","UNAVAILABLE","UNAVAILABLE","UNAVAILABLE","UNAVAILABLE","INSUFFICIENT_DATA","NONE","A — KEEP AS IS","MAINTAIN_SHORT_NEWS","HIGH","PHASE_6C_AUDIT / REPOSITORY_EVIDENCE"
"https://thesamachardaily.in/articles/sports/iowa-meets-michigan-in-football-showdown-on-sept-26-2026/","Iowa Meets Michigan in Football Showdown on Sept. 26, 2026","44","INDEXABLE (LIVE)","UNAVAILABLE","UNAVAILABLE","UNAVAILABLE","UNAVAILABLE","INSUFFICIENT_DATA","NONE","A — KEEP AS IS","PRESERVE_LOW_PRIORITY","HIGH","PHASE_6C_AUDIT / REPOSITORY_EVIDENCE"
"https://thesamachardaily.in/articles/sports/jamie-carragher-likens-arsenals-mikel-arteta-to-sir-alex-ferguson-after-referee-rant/","Jamie Carragher likens Arsenal's Mikel Arteta to Sir Alex Ferguson after referee rant","77","INDEXABLE (LIVE)","UNAVAILABLE","UNAVAILABLE","UNAVAILABLE","UNAVAILABLE","INSUFFICIENT_DATA","NONE","A — KEEP AS IS","MAINTAIN_SHORT_NEWS","HIGH","PHASE_6C_AUDIT / REPOSITORY_EVIDENCE"
"https://thesamachardaily.in/articles/sports/jayden-danns-out-for-liverpooltottenham-carabao-cup-three-others-in-contention/","Jayden Danns out for Liverpool‑Tottenham Carabao Cup; three others in contention","102","INDEXABLE (LIVE)","UNAVAILABLE","UNAVAILABLE","UNAVAILABLE","UNAVAILABLE","INSUFFICIENT_DATA","NONE","A — KEEP AS IS","MAINTAIN_SHORT_NEWS","HIGH","PHASE_6C_AUDIT / REPOSITORY_EVIDENCE"
"https://thesamachardaily.in/articles/sports/joe-root-eclipses-tendulkars-test-fifty-record-in-englands-win-over-pakistan/","Joe Root eclipses Tendulkar’s Test fifty record in England’s win over Pakistan","62","INDEXABLE (LIVE)","UNAVAILABLE","UNAVAILABLE","UNAVAILABLE","UNAVAILABLE","INSUFFICIENT_DATA","NONE","A — KEEP AS IS","MAINTAIN_SHORT_NEWS","HIGH","PHASE_6C_AUDIT / REPOSITORY_EVIDENCE"
"https://thesamachardaily.in/articles/sports/lightning-halts-clemson-unc-football-clash-at-home-stadium-due-to-lightning/","Lightning Halts Clemson-UNC Football Clash at Home Stadium Due to Lightning","44","INDEXABLE (LIVE)","UNAVAILABLE","UNAVAILABLE","UNAVAILABLE","UNAVAILABLE","INSUFFICIENT_DATA","NONE","A — KEEP AS IS","PRESERVE_LOW_PRIORITY","HIGH","PHASE_6C_AUDIT / REPOSITORY_EVIDENCE"
"https://thesamachardaily.in/articles/sports/logano-clinches-bristol-win-as-hocevars-third-place-sparks-pit-fight-with-blaney/","Logano clinches Bristol win as Hocevar’s third place sparks pit fight with Blaney","76","INDEXABLE (LIVE)","UNAVAILABLE","UNAVAILABLE","UNAVAILABLE","UNAVAILABLE","INSUFFICIENT_DATA","NONE","A — KEEP AS IS","MAINTAIN_SHORT_NEWS","HIGH","PHASE_6C_AUDIT / REPOSITORY_EVIDENCE"
"https://thesamachardaily.in/articles/sports/man-united-cite-dowman-rooney-claims-in-jj-gabriels-transfer-request/","Man United cite Dowman, Rooney claims in JJ Gabriel’s transfer request","119","INDEXABLE (LIVE)","UNAVAILABLE","UNAVAILABLE","UNAVAILABLE","UNAVAILABLE","INSUFFICIENT_DATA","NONE","A — KEEP AS IS","MAINTAIN_SHORT_NEWS","HIGH","PHASE_6C_AUDIT / REPOSITORY_EVIDENCE"
"https://thesamachardaily.in/articles/sports/mayo-tops-se-minnesota-soccer-rankings-after-late-win-over-john-marshall/","Mayo Tops SE Minnesota Soccer Rankings After Late Win Over John Marshall","101","INDEXABLE (LIVE)","UNAVAILABLE","UNAVAILABLE","UNAVAILABLE","UNAVAILABLE","INSUFFICIENT_DATA","NONE","A — KEEP AS IS","MAINTAIN_SHORT_NEWS","HIGH","PHASE_6C_AUDIT / REPOSITORY_EVIDENCE"
"https://thesamachardaily.in/articles/sports/mizutani-why-is-vikings-quarterback-jj-mccarthy-so-polarizing/","Vikings quarterback J.J. McCarthy’s polarizing rise sparks fan and media debate","147","INDEXABLE (LIVE)","UNAVAILABLE","UNAVAILABLE","UNAVAILABLE","UNAVAILABLE","INSUFFICIENT_DATA","NONE","A — KEEP AS IS","MAINTAIN_SHORT_NEWS","HIGH","PHASE_6C_AUDIT / REPOSITORY_EVIDENCE"
"https://thesamachardaily.in/articles/sports/norris-on-pole-as-hamiltons-brake-failure-ends-his-spanish-gp-run/","Norris on pole as Hamilton's brake failure ends his Spanish GP run","53","INDEXABLE (LIVE)","UNAVAILABLE","UNAVAILABLE","UNAVAILABLE","UNAVAILABLE","INSUFFICIENT_DATA","NONE","A — KEEP AS IS","MAINTAIN_SHORT_NEWS","HIGH","PHASE_6C_AUDIT / REPOSITORY_EVIDENCE"
"https://thesamachardaily.in/articles/sports/ole-miss-rolls-past-charlotte-41-9-in-a-comfortable-dominant-win/","Ole Miss rolls past Charlotte 41-9 in a comfortable, dominant win","63","INDEXABLE (LIVE)","UNAVAILABLE","UNAVAILABLE","UNAVAILABLE","UNAVAILABLE","INSUFFICIENT_DATA","NONE","A — KEEP AS IS","MAINTAIN_SHORT_NEWS","HIGH","PHASE_6C_AUDIT / REPOSITORY_EVIDENCE"
"https://thesamachardaily.in/articles/sports/pelicans-sign-guard-markquis-nowell-to-exhibit10-deal-set-for-gleague-squad/","Pelicans sign guard Markquis Nowell to Exhibit‑10 deal, set for G‑League squad","93","INDEXABLE (LIVE)","UNAVAILABLE","UNAVAILABLE","UNAVAILABLE","UNAVAILABLE","INSUFFICIENT_DATA","NONE","A — KEEP AS IS","PRESERVE_LOW_PRIORITY","HIGH","PHASE_6C_AUDIT / REPOSITORY_EVIDENCE"
"https://thesamachardaily.in/articles/sports/protesters-ejected-from-irish-open-seventh-green-as-trump-arrives/","Protesters Ejected from Irish Open Seventh Green as Trump Arrives","38","INDEXABLE (LIVE)","UNAVAILABLE","UNAVAILABLE","UNAVAILABLE","UNAVAILABLE","INSUFFICIENT_DATA","NONE","A — KEEP AS IS","PRESERVE_LOW_PRIORITY","HIGH","PHASE_6C_AUDIT / REPOSITORY_EVIDENCE"
"https://thesamachardaily.in/articles/sports/rangers-near-return-of-key-bullpen-arm-as-peyton-gray-shows-full-velocity/","Rangers Near Return of Key Bullpen Arm as Peyton Gray Shows Full Velocity","56","INDEXABLE (LIVE)","UNAVAILABLE","UNAVAILABLE","UNAVAILABLE","UNAVAILABLE","INSUFFICIENT_DATA","NONE","A — KEEP AS IS","MAINTAIN_SHORT_NEWS","HIGH","PHASE_6C_AUDIT / REPOSITORY_EVIDENCE"
"https://thesamachardaily.in/articles/sports/riq-woolen-blanks-four-targets-in-dominant-eagles-debut-performance/","Riq Woolen blanks four targets in dominant Eagles debut performance","67","INDEXABLE (LIVE)","UNAVAILABLE","UNAVAILABLE","UNAVAILABLE","UNAVAILABLE","INSUFFICIENT_DATA","NONE","A — KEEP AS IS","MAINTAIN_SHORT_NEWS","HIGH","PHASE_6C_AUDIT / REPOSITORY_EVIDENCE"
"https://thesamachardaily.in/articles/sports/roadsters-pitching-stifles-coast-series-tied-in-playoff-showdown/","Roadsters' Pitching Stifles Coast, Series Tied in Playoff Showdown","46","INDEXABLE (LIVE)","UNAVAILABLE","UNAVAILABLE","UNAVAILABLE","UNAVAILABLE","INSUFFICIENT_DATA","NONE","A — KEEP AS IS","MAINTAIN_SHORT_NEWS","HIGH","PHASE_6C_AUDIT / REPOSITORY_EVIDENCE"
"https://thesamachardaily.in/articles/sports/rohit-sharmas-world-cup-prospects-in-focus-as-selectors-convene-for-west-indies-odis/","Rohit Sharma’s World Cup Prospects in Focus as Selectors Convene for West Indies ODIs","99","INDEXABLE (LIVE)","UNAVAILABLE","UNAVAILABLE","UNAVAILABLE","UNAVAILABLE","INSUFFICIENT_DATA","NONE","A — KEEP AS IS","MAINTAIN_SHORT_NEWS","HIGH","PHASE_6C_AUDIT / REPOSITORY_EVIDENCE"
"https://thesamachardaily.in/articles/sports/sandeep-patil-says-rohit-sharma-virat-kohlis-inclusion-poses-no-issue-for-2027-world/","Sandeep Patil says Rohit Sharma, Virat Kohli’s inclusion poses no issue for 2027 World Cup","48","INDEXABLE (LIVE)","UNAVAILABLE","UNAVAILABLE","UNAVAILABLE","UNAVAILABLE","INSUFFICIENT_DATA","NONE","A — KEEP AS IS","MAINTAIN_SHORT_NEWS","HIGH","PHASE_6C_AUDIT / REPOSITORY_EVIDENCE"
"https://thesamachardaily.in/articles/sports/skyland-conference-names-boys-soccer-players-of-the-week-for-sept-15/","Skyland Conference Names Boys Soccer Players of the Week for Sept. 15","45","INDEXABLE (LIVE)","UNAVAILABLE","UNAVAILABLE","UNAVAILABLE","UNAVAILABLE","INSUFFICIENT_DATA","NONE","A — KEEP AS IS","MAINTAIN_SHORT_NEWS","HIGH","PHASE_6C_AUDIT / REPOSITORY_EVIDENCE"
"https://thesamachardaily.in/articles/sports/south-webster-jeeps-hold-minford-falcons-to-0-0-draw-in-soc-iii-showdown/","South Webster Jeeps Hold Minford Falcons to 0-0 Draw in SOC III Showdown","50","INDEXABLE (LIVE)","UNAVAILABLE","UNAVAILABLE","UNAVAILABLE","UNAVAILABLE","INSUFFICIENT_DATA","NONE","A — KEEP AS IS","MAINTAIN_SHORT_NEWS","HIGH","PHASE_6C_AUDIT / REPOSITORY_EVIDENCE"
"https://thesamachardaily.in/articles/sports/state-college-football-secures-crucial-road-win-over-commonwealth-rival-bishop-mcdevi/","State College Football Secures Crucial Road Win Over Commonwealth Rival Bishop McDevitt","81","INDEXABLE (LIVE)","UNAVAILABLE","UNAVAILABLE","UNAVAILABLE","UNAVAILABLE","INSUFFICIENT_DATA","NONE","A — KEEP AS IS","MAINTAIN_SHORT_NEWS","HIGH","PHASE_6C_AUDIT / REPOSITORY_EVIDENCE"
"https://thesamachardaily.in/articles/sports/thompson-twins-become-nbas-highestpaid-brothers-with-363-million-extensions/","Thompson twins become NBA’s highest‑paid brothers with $363 million extensions","88","INDEXABLE (LIVE)","UNAVAILABLE","UNAVAILABLE","UNAVAILABLE","UNAVAILABLE","INSUFFICIENT_DATA","NONE","A — KEEP AS IS","MAINTAIN_SHORT_NEWS","HIGH","PHASE_6C_AUDIT / REPOSITORY_EVIDENCE"
"https://thesamachardaily.in/articles/sports/tottenham-hotspur-set-to-face-aston-villa-in-saturday-premier-league-clash-preview/","Tottenham Hotspur set to face Aston Villa in Saturday Premier League clash – preview","34","INDEXABLE (LIVE)","UNAVAILABLE","UNAVAILABLE","UNAVAILABLE","UNAVAILABLE","INSUFFICIENT_DATA","NONE","A — KEEP AS IS","PRESERVE_LOW_PRIORITY","HIGH","PHASE_6C_AUDIT / REPOSITORY_EVIDENCE"
"https://thesamachardaily.in/articles/sports/turnovers-seal-34-7-owatonna-victory-over-century/","Turnovers Seal 34-7 Owatonna Victory Over Century","74","INDEXABLE (LIVE)","UNAVAILABLE","UNAVAILABLE","UNAVAILABLE","UNAVAILABLE","INSUFFICIENT_DATA","NONE","A — KEEP AS IS","MAINTAIN_SHORT_NEWS","HIGH","PHASE_6C_AUDIT / REPOSITORY_EVIDENCE"
"https://thesamachardaily.in/articles/sports/und-rallies-late-scores-three-q4-tds-to-beat-portland-state-47-23/","UND rallies late, scores three Q4 TDs to beat Portland State 47-23","71","INDEXABLE (LIVE)","UNAVAILABLE","UNAVAILABLE","UNAVAILABLE","UNAVAILABLE","INSUFFICIENT_DATA","NONE","A — KEEP AS IS","MAINTAIN_SHORT_NEWS","HIGH","PHASE_6C_AUDIT / REPOSITORY_EVIDENCE"
"https://thesamachardaily.in/articles/sports/us-open-champion-urges-alcaraz-sinner-to-sustain-dominance-as-grand-slam-reign-falter/","US Open champion urges Alcaraz, Sinner to sustain dominance as Grand Slam reign falters","74","INDEXABLE (LIVE)","UNAVAILABLE","UNAVAILABLE","UNAVAILABLE","UNAVAILABLE","INSUFFICIENT_DATA","NONE","A — KEEP AS IS","MAINTAIN_SHORT_NEWS","HIGH","PHASE_6C_AUDIT / REPOSITORY_EVIDENCE"
"https://thesamachardaily.in/articles/sports/vanderbilt-snatches-win-with-lastsecond-td-after-nc-state-fumble-on-intentional-safet/","Vanderbilt snatches win with last‑second TD after NC State fumble on intentional safety","76","INDEXABLE (LIVE)","UNAVAILABLE","UNAVAILABLE","UNAVAILABLE","UNAVAILABLE","INSUFFICIENT_DATA","NONE","B — TARGETED ENRICHMENT CANDIDATE","SOURCE_VERIFICATION_THEN_ENRICH","HIGH","PHASE_6C_AUDIT / REPOSITORY_EVIDENCE"
"https://thesamachardaily.in/articles/sports/vikings-weigh-jj-mccarthys-future-after-naming-kyler-murray-starter/","Vikings Weigh J.J. McCarthy’s Future After Naming Kyler Murray Starter","62","INDEXABLE (LIVE)","UNAVAILABLE","UNAVAILABLE","UNAVAILABLE","UNAVAILABLE","INSUFFICIENT_DATA","NONE","A — KEEP AS IS","MAINTAIN_SHORT_NEWS","HIGH","PHASE_6C_AUDIT / REPOSITORY_EVIDENCE"
"https://thesamachardaily.in/articles/sports/westchester-country-day-rallies-past-caldwell-2-1-claims-top-ncisaa-2a-spot/","Westchester Country Day rallies past Caldwell 2-1, claims top NCISAA 2A spot","86","INDEXABLE (LIVE)","UNAVAILABLE","UNAVAILABLE","UNAVAILABLE","UNAVAILABLE","INSUFFICIENT_DATA","NONE","A — KEEP AS IS","MAINTAIN_SHORT_NEWS","HIGH","PHASE_6C_AUDIT / REPOSITORY_EVIDENCE"
"https://thesamachardaily.in/articles/sports/yannick-cahuzac-steps-in-as-interim-lens-manager-amid-postsage-transition/","Yannick Cahuzac Steps In as Interim Lens Manager Amid Post‑Sage Transition","125","INDEXABLE (LIVE)","UNAVAILABLE","UNAVAILABLE","UNAVAILABLE","UNAVAILABLE","INSUFFICIENT_DATA","NONE","A — KEEP AS IS","MAINTAIN_SHORT_NEWS","HIGH","PHASE_6C_AUDIT / REPOSITORY_EVIDENCE"
"https://thesamachardaily.in/articles/sports/zverev-advances-to-us-open-final-eyes-sheltontiafoe-winner/","Zverev advances to US Open final, eyes Shelton‑Tiafoe winner","81","INDEXABLE (LIVE)","UNAVAILABLE","UNAVAILABLE","UNAVAILABLE","UNAVAILABLE","INSUFFICIENT_DATA","NONE","B — TARGETED ENRICHMENT CANDIDATE","LATER_PHASE_BACKLOG","MEDIUM","PHASE_6C_AUDIT / REPOSITORY_EVIDENCE"
"https://thesamachardaily.in/articles/sports/zverevs-alcaraz-comment-sparks-buzz-ahead-of-us-open-final/","Zverev's Alcaraz comment sparks buzz ahead of US Open final","41","INDEXABLE (LIVE)","UNAVAILABLE","UNAVAILABLE","UNAVAILABLE","UNAVAILABLE","INSUFFICIENT_DATA","NONE","A — KEEP AS IS","PRESERVE_LOW_PRIORITY","HIGH","PHASE_6C_AUDIT / REPOSITORY_EVIDENCE"
"https://thesamachardaily.in/articles/tech/700-delegates-convene-at-fourth-chinaasean-ai-forum-in-nanning/","700+ Delegates Convene at Fourth China‑ASEAN AI Forum in Nanning","78","INDEXABLE (LIVE)","UNAVAILABLE","UNAVAILABLE","UNAVAILABLE","UNAVAILABLE","INSUFFICIENT_DATA","NONE","B — TARGETED ENRICHMENT CANDIDATE","SOURCE_VERIFICATION_THEN_ENRICH","HIGH","PHASE_6C_AUDIT / REPOSITORY_EVIDENCE"
"https://thesamachardaily.in/articles/tech/ai-photo-prompts-empower-personalized-ganesh-chaturthi-images-and-invitations/","AI Photo Prompts Empower Personalized Ganesh Chaturthi Images and Invitations","89","INDEXABLE (LIVE)","UNAVAILABLE","UNAVAILABLE","UNAVAILABLE","UNAVAILABLE","INSUFFICIENT_DATA","NONE","B — TARGETED ENRICHMENT CANDIDATE","SOURCE_VERIFICATION_THEN_ENRICH","HIGH","PHASE_6C_AUDIT / REPOSITORY_EVIDENCE"
"https://thesamachardaily.in/articles/tech/ai-titans-anthropic-openai-spacexai-google-accused-of-antitrust-slowdown-deal/","AI Titans Anthropic, OpenAI, SpaceXAI, Google Accused of Antitrust Slowdown Deal","55","INDEXABLE (LIVE)","UNAVAILABLE","UNAVAILABLE","UNAVAILABLE","UNAVAILABLE","INSUFFICIENT_DATA","NONE","A — KEEP AS IS","PRESERVE_LOW_PRIORITY","HIGH","PHASE_6C_AUDIT / REPOSITORY_EVIDENCE"
"https://thesamachardaily.in/articles/tech/ai-visibility-tools-clash-41-vs-23-on-key-prompts-precision-over-accuracy/","AI Visibility Tools Clash: 41% vs 23% on Key Prompts, Precision Over Accuracy","86","INDEXABLE (LIVE)","UNAVAILABLE","UNAVAILABLE","UNAVAILABLE","UNAVAILABLE","INSUFFICIENT_DATA","NONE","B — TARGETED ENRICHMENT CANDIDATE","SOURCE_VERIFICATION_THEN_ENRICH","HIGH","PHASE_6C_AUDIT / REPOSITORY_EVIDENCE"
"https://thesamachardaily.in/articles/tech/air-india-expands-ai-partnership-with-salesforce-to-automate-passenger-services/","Air India expands AI partnership with Salesforce to automate passenger services","94","INDEXABLE (LIVE)","UNAVAILABLE","UNAVAILABLE","UNAVAILABLE","UNAVAILABLE","INSUFFICIENT_DATA","NONE","B — TARGETED ENRICHMENT CANDIDATE","SOURCE_VERIFICATION_THEN_ENRICH","HIGH","PHASE_6C_AUDIT / REPOSITORY_EVIDENCE"
"https://thesamachardaily.in/articles/tech/albanese-seeks-bigtech-backing-for-childonline-safety-laws-and-ai-rules-after-tim-coo/","Albanese seeks big‑tech backing for child‑online safety laws and AI rules after Tim Cook meeting","91","INDEXABLE (LIVE)","UNAVAILABLE","UNAVAILABLE","UNAVAILABLE","UNAVAILABLE","INSUFFICIENT_DATA","NONE","B — TARGETED ENRICHMENT CANDIDATE","SOURCE_VERIFICATION_THEN_ENRICH","HIGH","PHASE_6C_AUDIT / REPOSITORY_EVIDENCE"
"https://thesamachardaily.in/articles/tech/amazon-to-close-mechanical-turk-amid-rise-of-ai/","Amazon Announces Shutdown of Mechanical Turk Platform as AI Alternatives Expand","145","INDEXABLE (LIVE)","UNAVAILABLE","UNAVAILABLE","UNAVAILABLE","UNAVAILABLE","INSUFFICIENT_DATA","NONE","A — KEEP AS IS","MAINTAIN_SHORT_NEWS","HIGH","PHASE_6C_AUDIT / REPOSITORY_EVIDENCE"
"https://thesamachardaily.in/articles/tech/anthropic-adds-coordinator-to-claude-projects-boosting-parallel-ai-work/","Anthropic Adds Coordinator to Claude Projects, Boosting Parallel AI Work","67","INDEXABLE (LIVE)","UNAVAILABLE","UNAVAILABLE","UNAVAILABLE","UNAVAILABLE","INSUFFICIENT_DATA","NONE","B — TARGETED ENRICHMENT CANDIDATE","SOURCE_VERIFICATION_THEN_ENRICH","HIGH","PHASE_6C_AUDIT / REPOSITORY_EVIDENCE"
"https://thesamachardaily.in/articles/tech/anthropic-ceo-dario-amodei-urges-ai-industry-to-slow-development-cites-bot-swarm-thre/","Anthropic CEO Dario Amodei Urges AI Industry to Slow Development, Cites Bot Swarm Threats","63","INDEXABLE (LIVE)","UNAVAILABLE","UNAVAILABLE","UNAVAILABLE","UNAVAILABLE","INSUFFICIENT_DATA","NONE","B — TARGETED ENRICHMENT CANDIDATE","SOURCE_VERIFICATION_THEN_ENRICH","HIGH","PHASE_6C_AUDIT / REPOSITORY_EVIDENCE"
"https://thesamachardaily.in/articles/tech/anthropic-ceo-urges-slowdown-of-ai-development-amid-rising-safety-concerns/","Anthropic CEO Dario Amodei Warns of AI Safety Risks and Urges Slower Industry Pace","51","INDEXABLE (LIVE)","UNAVAILABLE","UNAVAILABLE","UNAVAILABLE","UNAVAILABLE","INSUFFICIENT_DATA","CANNIBALIZATION_RISK","D — CANNIBALIZATION REVIEW","MONITOR_QUERY_OVERLAP","MEDIUM","PHASE_6C_AUDIT / REPOSITORY_EVIDENCE"
"https://thesamachardaily.in/articles/tech/anthropic-ceo-urges-slower-ai-development-openai-and-musk-echo-concerns/","Sam Altman and Elon Musk Back Anthropic CEO's Call for AI Governance and Safeguards","74","INDEXABLE (LIVE)","UNAVAILABLE","UNAVAILABLE","UNAVAILABLE","UNAVAILABLE","INSUFFICIENT_DATA","CANNIBALIZATION_RISK","D — CANNIBALIZATION REVIEW","MONITOR_QUERY_OVERLAP","MEDIUM","PHASE_6C_AUDIT / REPOSITORY_EVIDENCE"
"https://thesamachardaily.in/articles/tech/anthropic-ceo-warns-ai-danger-if-placed-in-wrong-hands-cites-researchers-lethal-risk/","Anthropic CEO warns AI danger if placed in wrong hands, cites researcher’s lethal risk claim","79","INDEXABLE (LIVE)","UNAVAILABLE","UNAVAILABLE","UNAVAILABLE","UNAVAILABLE","INSUFFICIENT_DATA","NONE","B — TARGETED ENRICHMENT CANDIDATE","SOURCE_VERIFICATION_THEN_ENRICH","HIGH","PHASE_6C_AUDIT / REPOSITORY_EVIDENCE"
"https://thesamachardaily.in/articles/tech/aoc-intros-new-5k-gaming-monitor-with-excellent-color-coverage-and-2000-dimming-zones/","AOC launches Optimus Ultra 5K gaming monitor with 180 Hz refresh, 98% DCI‑P3 coverage","145","INDEXABLE (LIVE)","UNAVAILABLE","UNAVAILABLE","UNAVAILABLE","UNAVAILABLE","INSUFFICIENT_DATA","NONE","B — TARGETED ENRICHMENT CANDIDATE","SOURCE_VERIFICATION_THEN_ENRICH","HIGH","PHASE_6C_AUDIT / REPOSITORY_EVIDENCE"
"https://thesamachardaily.in/articles/tech/apple-slips-nostalgic-dogcow-easter-egg-into-ios-27-steps-to-uncover-it/","Apple slips nostalgic dogcow easter egg into iOS 27 – steps to uncover it","134","INDEXABLE (LIVE)","UNAVAILABLE","UNAVAILABLE","UNAVAILABLE","UNAVAILABLE","INSUFFICIENT_DATA","NONE","B — TARGETED ENRICHMENT CANDIDATE","SOURCE_VERIFICATION_THEN_ENRICH","HIGH","PHASE_6C_AUDIT / REPOSITORY_EVIDENCE"
"https://thesamachardaily.in/articles/tech/beyond-data-scientists-indias-overlooked-ai-engineering-shortfall/","Beyond Data Scientists: India’s Overlooked AI Engineering Shortfall","73","INDEXABLE (LIVE)","UNAVAILABLE","UNAVAILABLE","UNAVAILABLE","UNAVAILABLE","INSUFFICIENT_DATA","NONE","B — TARGETED ENRICHMENT CANDIDATE","SOURCE_VERIFICATION_THEN_ENRICH","HIGH","PHASE_6C_AUDIT / REPOSITORY_EVIDENCE"
"https://thesamachardaily.in/articles/tech/billionaire-ai-makers-urge-us-to-provide-real-leadership-as-technology-threatens-worl/","Billionaire AI Makers Urge US to Provide Real Leadership as Technology Threatens World","82","INDEXABLE (LIVE)","UNAVAILABLE","UNAVAILABLE","UNAVAILABLE","UNAVAILABLE","INSUFFICIENT_DATA","NONE","B — TARGETED ENRICHMENT CANDIDATE","SOURCE_VERIFICATION_THEN_ENRICH","HIGH","PHASE_6C_AUDIT / REPOSITORY_EVIDENCE"
"https://thesamachardaily.in/articles/tech/bloombergs-gurman-says-iphone-duo-is-just-the-start-most-iphones-could-fold-in-a-deca/","Bloomberg's Gurman says iPhone Duo is just the start; most iPhones could fold in a decade","87","INDEXABLE (LIVE)","UNAVAILABLE","UNAVAILABLE","UNAVAILABLE","UNAVAILABLE","INSUFFICIENT_DATA","NONE","B — TARGETED ENRICHMENT CANDIDATE","SOURCE_VERIFICATION_THEN_ENRICH","HIGH","PHASE_6C_AUDIT / REPOSITORY_EVIDENCE"
"https://thesamachardaily.in/articles/tech/comprint-founder-pankaj-sancheti-sets-fourstep-blueprint-for-ai-investment-evaluation/","Comprint Founder Pankaj Sancheti Sets Four‑Step Blueprint for AI Investment Evaluation","69","INDEXABLE (LIVE)","UNAVAILABLE","UNAVAILABLE","UNAVAILABLE","UNAVAILABLE","INSUFFICIENT_DATA","NONE","B — TARGETED ENRICHMENT CANDIDATE","SOURCE_VERIFICATION_THEN_ENRICH","HIGH","PHASE_6C_AUDIT / REPOSITORY_EVIDENCE"
"https://thesamachardaily.in/articles/tech/cxmt-to-launch-the-first-lpddr6-memory/","CXMT to Debut World’s First LPDDR6 Memory in Xiaomi 18 Fold","103","INDEXABLE (LIVE)","UNAVAILABLE","UNAVAILABLE","UNAVAILABLE","UNAVAILABLE","INSUFFICIENT_DATA","NONE","B — TARGETED ENRICHMENT CANDIDATE","SOURCE_VERIFICATION_THEN_ENRICH","HIGH","PHASE_6C_AUDIT / REPOSITORY_EVIDENCE"
"https://thesamachardaily.in/articles/tech/cyble-and-uae-cyber-security-council-ink-mou-to-boost-national-threat-intelligence/","Cyble and UAE Cyber Security Council Ink MOU to Boost National Threat Intelligence","115","INDEXABLE (LIVE)","UNAVAILABLE","UNAVAILABLE","UNAVAILABLE","UNAVAILABLE","INSUFFICIENT_DATA","NONE","B — TARGETED ENRICHMENT CANDIDATE","SOURCE_VERIFICATION_THEN_ENRICH","HIGH","PHASE_6C_AUDIT / REPOSITORY_EVIDENCE"
"https://thesamachardaily.in/articles/tech/esda-to-host-day-long-ai-design-session-at-semicon-west/","ESDA to Host Day-Long AI Design Session at SEMICON West","116","INDEXABLE (LIVE)","UNAVAILABLE","UNAVAILABLE","UNAVAILABLE","UNAVAILABLE","INSUFFICIENT_DATA","NONE","B — TARGETED ENRICHMENT CANDIDATE","SOURCE_VERIFICATION_THEN_ENRICH","HIGH","PHASE_6C_AUDIT / REPOSITORY_EVIDENCE"
"https://thesamachardaily.in/articles/tech/fall-smash-hits-or-hitting-stop-button/","Tech firms weigh fall product launches against canceling projects","100","INDEXABLE (LIVE)","UNAVAILABLE","UNAVAILABLE","UNAVAILABLE","UNAVAILABLE","INSUFFICIENT_DATA","NONE","B — TARGETED ENRICHMENT CANDIDATE","SOURCE_VERIFICATION_THEN_ENRICH","HIGH","PHASE_6C_AUDIT / REPOSITORY_EVIDENCE"
"https://thesamachardaily.in/articles/tech/india-deploys-ai-across-government-raises-debate-over-authority-limits/","India Deploys AI Across Government, Raises Debate Over Authority Limits","71","INDEXABLE (LIVE)","UNAVAILABLE","UNAVAILABLE","UNAVAILABLE","UNAVAILABLE","INSUFFICIENT_DATA","NONE","B — TARGETED ENRICHMENT CANDIDATE","SOURCE_VERIFICATION_THEN_ENRICH","HIGH","PHASE_6C_AUDIT / REPOSITORY_EVIDENCE"
"https://thesamachardaily.in/articles/tech/indias-ai-education-drive-aims-for-speed-yet-risks-passive-learning/","India’s AI Education Drive Aims for Speed, Yet Risks Passive Learning","89","INDEXABLE (LIVE)","UNAVAILABLE","UNAVAILABLE","UNAVAILABLE","UNAVAILABLE","INSUFFICIENT_DATA","NONE","B — TARGETED ENRICHMENT CANDIDATE","SOURCE_VERIFICATION_THEN_ENRICH","HIGH","PHASE_6C_AUDIT / REPOSITORY_EVIDENCE"
"https://thesamachardaily.in/articles/tech/indias-lr-ashm-family-could-reach-3500-km-as-drdo-develops-extended-range-hypersonic/","DRDO eyes 3,500‑km range for LR‑AShM hypersonic missile family","132","INDEXABLE (LIVE)","UNAVAILABLE","UNAVAILABLE","UNAVAILABLE","UNAVAILABLE","INSUFFICIENT_DATA","NONE","B — TARGETED ENRICHMENT CANDIDATE","LATER_PHASE_BACKLOG","MEDIUM","PHASE_6C_AUDIT / REPOSITORY_EVIDENCE"
"https://thesamachardaily.in/articles/tech/iphone-duos-dualcamera-design-trades-tradition-for-thinness-not-flaw/","iPhone Duo’s dual‑camera design trades tradition for thinness, not flaw","93","INDEXABLE (LIVE)","UNAVAILABLE","UNAVAILABLE","UNAVAILABLE","UNAVAILABLE","INSUFFICIENT_DATA","NONE","B — TARGETED ENRICHMENT CANDIDATE","SOURCE_VERIFICATION_THEN_ENRICH","HIGH","PHASE_6C_AUDIT / REPOSITORY_EVIDENCE"
"https://thesamachardaily.in/articles/tech/mediatek-unveils-dimensity-9600-pro-a-2nm-flagship-chip-powering-oppo-find-x10-pro-ma/","MediaTek unveils Dimensity 9600 Pro, a 2nm flagship chip powering OPPO Find X10 Pro Max","62","INDEXABLE (LIVE)","UNAVAILABLE","UNAVAILABLE","UNAVAILABLE","UNAVAILABLE","INSUFFICIENT_DATA","NONE","B — TARGETED ENRICHMENT CANDIDATE","SOURCE_VERIFICATION_THEN_ENRICH","HIGH","PHASE_6C_AUDIT / REPOSITORY_EVIDENCE"
"https://thesamachardaily.in/articles/tech/microsoft-ai-chief-flags-anthropics-claude-training-as-threat-to-human-control/","Microsoft AI Chief Flags Anthropic’s Claude Training as Threat to Human Control","81","INDEXABLE (LIVE)","UNAVAILABLE","UNAVAILABLE","UNAVAILABLE","UNAVAILABLE","INSUFFICIENT_DATA","NONE","B — TARGETED ENRICHMENT CANDIDATE","SOURCE_VERIFICATION_THEN_ENRICH","HIGH","PHASE_6C_AUDIT / REPOSITORY_EVIDENCE"
"https://thesamachardaily.in/articles/tech/mitsubishi-electric-to-deploy-ai-talent-platform-for-150000-staff-by-fy2029/","Mitsubishi Electric to Deploy AI Talent Platform for 150,000 Staff by FY2029","82","INDEXABLE (LIVE)","UNAVAILABLE","UNAVAILABLE","UNAVAILABLE","UNAVAILABLE","INSUFFICIENT_DATA","NONE","B — TARGETED ENRICHMENT CANDIDATE","SOURCE_VERIFICATION_THEN_ENRICH","HIGH","PHASE_6C_AUDIT / REPOSITORY_EVIDENCE"
"https://thesamachardaily.in/articles/tech/nasa-administrator-conducts-flypast-over-cape-canaveral-launchpad-on-eve-of-launch-of/","NASA Administrator Flies Over Cape Canaveral Launchpad Before Telescope Launch","110","INDEXABLE (LIVE)","UNAVAILABLE","UNAVAILABLE","UNAVAILABLE","UNAVAILABLE","INSUFFICIENT_DATA","NONE","B — TARGETED ENRICHMENT CANDIDATE","SOURCE_VERIFICATION_THEN_ENRICH","HIGH","PHASE_6C_AUDIT / REPOSITORY_EVIDENCE"
"https://thesamachardaily.in/articles/tech/nasa-engineers-chip-gamble-fuels-billionunit-smartphone-camera-boom/","NASA Engineer’s Chip Gamble Fuels Billion‑Unit Smartphone Camera Boom","102","INDEXABLE (LIVE)","UNAVAILABLE","UNAVAILABLE","UNAVAILABLE","UNAVAILABLE","INSUFFICIENT_DATA","NONE","B — TARGETED ENRICHMENT CANDIDATE","SOURCE_VERIFICATION_THEN_ENRICH","HIGH","PHASE_6C_AUDIT / REPOSITORY_EVIDENCE"
"https://thesamachardaily.in/articles/tech/openai-embeds-chatgpt-in-microsoft-word-enabling-ai-drafting-and-editing/","OpenAI embeds ChatGPT in Microsoft Word, enabling AI drafting and editing","122","INDEXABLE (LIVE)","UNAVAILABLE","UNAVAILABLE","UNAVAILABLE","UNAVAILABLE","INSUFFICIENT_DATA","NONE","B — TARGETED ENRICHMENT CANDIDATE","SOURCE_VERIFICATION_THEN_ENRICH","HIGH","PHASE_6C_AUDIT / REPOSITORY_EVIDENCE"
"https://thesamachardaily.in/articles/tech/oppo-find-x10-vivo-x500-oneplus-16-flagship-launch-timelines-leaked-for-india/","OPPO Find X10, Vivo X500, OnePlus 16 Flagship Launch Timelines Leaked for India","90","INDEXABLE (LIVE)","UNAVAILABLE","UNAVAILABLE","UNAVAILABLE","UNAVAILABLE","INSUFFICIENT_DATA","NONE","B — TARGETED ENRICHMENT CANDIDATE","SOURCE_VERIFICATION_THEN_ENRICH","HIGH","PHASE_6C_AUDIT / REPOSITORY_EVIDENCE"
"https://thesamachardaily.in/articles/tech/peladn-unveils-budget-wo5-mini-pc-in-china-with-ryzen-5-3500u-and-tripledisplay-suppo/","Peladn Unveils Budget WO5 Mini PC in China with Ryzen 5 3500U and Triple‑Display Support","67","INDEXABLE (LIVE)","UNAVAILABLE","UNAVAILABLE","UNAVAILABLE","UNAVAILABLE","INSUFFICIENT_DATA","NONE","B — TARGETED ENRICHMENT CANDIDATE","SOURCE_VERIFICATION_THEN_ENRICH","HIGH","PHASE_6C_AUDIT / REPOSITORY_EVIDENCE"
"https://thesamachardaily.in/articles/tech/qualcomm-redesigns-snapdragon-line-to-enable-ondevice-ai-agents-not-just-faster-ai/","Qualcomm Redesigns Snapdragon Line to Enable On‑Device AI Agents, Not Just Faster AI","73","INDEXABLE (LIVE)","UNAVAILABLE","UNAVAILABLE","UNAVAILABLE","UNAVAILABLE","INSUFFICIENT_DATA","NONE","B — TARGETED ENRICHMENT CANDIDATE","SOURCE_VERIFICATION_THEN_ENRICH","HIGH","PHASE_6C_AUDIT / REPOSITORY_EVIDENCE"
"https://thesamachardaily.in/articles/tech/samsung-launches-one-ui-90-for-galaxy-s26-series-expands-update-to-s25-and-z7-devices/","Samsung launches One UI 9.0 for Galaxy S26 series, expands update to S25 and Z7 devices","78","INDEXABLE (LIVE)","UNAVAILABLE","UNAVAILABLE","UNAVAILABLE","UNAVAILABLE","INSUFFICIENT_DATA","NONE","B — TARGETED ENRICHMENT CANDIDATE","SOURCE_VERIFICATION_THEN_ENRICH","HIGH","PHASE_6C_AUDIT / REPOSITORY_EVIDENCE"
"https://thesamachardaily.in/articles/tech/strategy-trumps-tech-in-determining-agentic-ai-success-forbes-says/","Strategy Trumps Tech in Determining Agentic AI Success, Forbes Says","93","INDEXABLE (LIVE)","UNAVAILABLE","UNAVAILABLE","UNAVAILABLE","UNAVAILABLE","INSUFFICIENT_DATA","NONE","B — TARGETED ENRICHMENT CANDIDATE","SOURCE_VERIFICATION_THEN_ENRICH","HIGH","PHASE_6C_AUDIT / REPOSITORY_EVIDENCE"
"https://thesamachardaily.in/articles/tech/tata-motors-rebranding-tmpv-remains-legal-entity-tata-showroom-new-look-tata-motors-b/","Tata Motors rebrands passenger vehicle line, unveils new logo color and showroom look","141","INDEXABLE (LIVE)","UNAVAILABLE","UNAVAILABLE","UNAVAILABLE","UNAVAILABLE","INSUFFICIENT_DATA","NONE","B — TARGETED ENRICHMENT CANDIDATE","LATER_PHASE_BACKLOG","MEDIUM","PHASE_6C_AUDIT / REPOSITORY_EVIDENCE"
"https://thesamachardaily.in/articles/tech/texas-qb-arch-manning-apologizes-to-holly-rowe-for-laughing-at-aifabricated-slap-vide/","Texas QB Arch Manning apologizes to Holly Rowe for laughing at AI‑fabricated slap video","93","INDEXABLE (LIVE)","UNAVAILABLE","UNAVAILABLE","UNAVAILABLE","UNAVAILABLE","INSUFFICIENT_DATA","NONE","B — TARGETED ENRICHMENT CANDIDATE","SOURCE_VERIFICATION_THEN_ENRICH","HIGH","PHASE_6C_AUDIT / REPOSITORY_EVIDENCE"
"https://thesamachardaily.in/articles/tech/trump-brands-ai-takeover-warnings-a-hoax-in-rapidfire-truth-social-posts/","Trump brands AI takeover warnings a ‘hoax’ in rapid‑fire Truth Social posts","99","INDEXABLE (LIVE)","UNAVAILABLE","UNAVAILABLE","UNAVAILABLE","UNAVAILABLE","INSUFFICIENT_DATA","NONE","B — TARGETED ENRICHMENT CANDIDATE","SOURCE_VERIFICATION_THEN_ENRICH","HIGH","PHASE_6C_AUDIT / REPOSITORY_EVIDENCE"
"https://thesamachardaily.in/articles/tech/us-to-get-new-nasa-led-space-academy-trump-signs-order-what-is-it-all-about-explained/","Trump Signs Order Creating NASA-Led US Space Academy to Train Space Force Cadets","138","INDEXABLE (LIVE)","UNAVAILABLE","UNAVAILABLE","UNAVAILABLE","UNAVAILABLE","INSUFFICIENT_DATA","NONE","B — TARGETED ENRICHMENT CANDIDATE","LATER_PHASE_BACKLOG","MEDIUM","PHASE_6C_AUDIT / REPOSITORY_EVIDENCE"
"https://thesamachardaily.in/articles/tech/vc-funding-deals-apollo-atomics-fcvc-maxq-medical-atlantic-blue-ventures-pixelgen-tec/","VC Funding Rounds Announced for Apollo Atomics, MaxQ Medical, Pixelgen and Others","125","INDEXABLE (LIVE)","UNAVAILABLE","UNAVAILABLE","UNAVAILABLE","UNAVAILABLE","INSUFFICIENT_DATA","NONE","B — TARGETED ENRICHMENT CANDIDATE","LATER_PHASE_BACKLOG","MEDIUM","PHASE_6C_AUDIT / REPOSITORY_EVIDENCE"
"https://thesamachardaily.in/articles/tech/white-house-responds-to-viral-ai-image-of-trump-and-aide-natalie-harp/","White House Responds to Viral AI Image of Trump and Aide Natalie Harp","78","INDEXABLE (LIVE)","UNAVAILABLE","UNAVAILABLE","UNAVAILABLE","UNAVAILABLE","INSUFFICIENT_DATA","NONE","B — TARGETED ENRICHMENT CANDIDATE","SOURCE_VERIFICATION_THEN_ENRICH","HIGH","PHASE_6C_AUDIT / REPOSITORY_EVIDENCE"
"https://thesamachardaily.in/articles/tech/world-pharma-today-highlights-challenges-in-aidriven-molecule-design/","World Pharma Today Highlights Challenges in AI‑Driven Molecule Design","78","INDEXABLE (LIVE)","UNAVAILABLE","UNAVAILABLE","UNAVAILABLE","UNAVAILABLE","INSUFFICIENT_DATA","NONE","B — TARGETED ENRICHMENT CANDIDATE","SOURCE_VERIFICATION_THEN_ENRICH","HIGH","PHASE_6C_AUDIT / REPOSITORY_EVIDENCE"
"https://thesamachardaily.in/articles/world/australian-regulator-warns-after-oesophagus-tear-from-counterfeit-weightloss-peptide/","Australian regulator warns after oesophagus tear from counterfeit weight‑loss peptide","64","INDEXABLE (LIVE)","UNAVAILABLE","UNAVAILABLE","UNAVAILABLE","UNAVAILABLE","INSUFFICIENT_DATA","NONE","A — KEEP AS IS","MAINTAIN_SHORT_NEWS","HIGH","PHASE_6C_AUDIT / REPOSITORY_EVIDENCE"
"https://thesamachardaily.in/articles/world/buckingham-palace-marks-911-25th-anniversary-with-special-guard-ceremony/","Buckingham Palace Marks 9/11 25th Anniversary With Special Guard Ceremony","138","INDEXABLE (LIVE)","UNAVAILABLE","UNAVAILABLE","UNAVAILABLE","UNAVAILABLE","INSUFFICIENT_DATA","NONE","A — KEEP AS IS","MAINTAIN_SHORT_NEWS","HIGH","PHASE_6C_AUDIT / REPOSITORY_EVIDENCE"
"https://thesamachardaily.in/articles/world/defense-secretary-hegseth-welcomes-paul-brothers-for-pentagon-tour-with-troops/","Defense Secretary Hegseth Welcomes Paul Brothers for Pentagon Tour with Troops","109","INDEXABLE (LIVE)","UNAVAILABLE","UNAVAILABLE","UNAVAILABLE","UNAVAILABLE","INSUFFICIENT_DATA","NONE","A — KEEP AS IS","MAINTAIN_SHORT_NEWS","HIGH","PHASE_6C_AUDIT / REPOSITORY_EVIDENCE"
"https://thesamachardaily.in/articles/world/goas-hidden-gems-inland-heritage-sites-from-fontainhas-to-dudhsagar-falls/","Goa’s Hidden Gems: Inland Heritage Sites From Fontainhas to Dudhsagar Falls","87","INDEXABLE (LIVE)","UNAVAILABLE","UNAVAILABLE","UNAVAILABLE","UNAVAILABLE","INSUFFICIENT_DATA","NONE","A — KEEP AS IS","MAINTAIN_SHORT_NEWS","HIGH","PHASE_6C_AUDIT / REPOSITORY_EVIDENCE"
"https://thesamachardaily.in/articles/world/house-clears-russia-sanctions-bill-overcoming-democratic-opposition/","House Clears Russia Sanctions Bill, Overcoming Democratic Opposition","56","INDEXABLE (LIVE)","UNAVAILABLE","UNAVAILABLE","UNAVAILABLE","UNAVAILABLE","INSUFFICIENT_DATA","NONE","A — KEEP AS IS","MAINTAIN_SHORT_NEWS","HIGH","PHASE_6C_AUDIT / REPOSITORY_EVIDENCE"
"https://thesamachardaily.in/articles/world/hungarys-pm-pledges-to-repeal-2020-ban-on-gay-and-lesbian-adoption/","Hungary's PM pledges to repeal 2020 ban on gay and lesbian adoption","39","INDEXABLE (LIVE)","UNAVAILABLE","UNAVAILABLE","UNAVAILABLE","UNAVAILABLE","INSUFFICIENT_DATA","NONE","A — KEEP AS IS","PRESERVE_LOW_PRIORITY","HIGH","PHASE_6C_AUDIT / REPOSITORY_EVIDENCE"
"https://thesamachardaily.in/articles/world/iaea-refers-iran-to-security-council-as-oman-prepares-strait-of-hormuz-talks/","IAEA Refers Iran to Security Council as Oman Prepares Strait of Hormuz Talks","113","INDEXABLE (LIVE)","UNAVAILABLE","UNAVAILABLE","UNAVAILABLE","UNAVAILABLE","INSUFFICIENT_DATA","NONE","A — KEEP AS IS","MAINTAIN_SHORT_NEWS","HIGH","PHASE_6C_AUDIT / REPOSITORY_EVIDENCE"
"https://thesamachardaily.in/articles/world/iran-urges-us-to-honor-pakistanibrokered-june-framework-deal-says-interior-ministry/","Iran Urges US to Honor Pakistani‑Brokered June Framework Deal, Says Interior Ministry","95","INDEXABLE (LIVE)","UNAVAILABLE","UNAVAILABLE","UNAVAILABLE","UNAVAILABLE","INSUFFICIENT_DATA","NONE","A — KEEP AS IS","PRESERVE_LOW_PRIORITY","HIGH","PHASE_6C_AUDIT / REPOSITORY_EVIDENCE"
"https://thesamachardaily.in/articles/world/iraq-scrambles-to-contain-fallout-after-iranbacked-militias-hit-saudi-pipeline/","Iraq Scrambles to Contain Fallout After Iran‑Backed Militias Hit Saudi Pipeline","50","INDEXABLE (LIVE)","UNAVAILABLE","UNAVAILABLE","UNAVAILABLE","UNAVAILABLE","INSUFFICIENT_DATA","NONE","A — KEEP AS IS","MAINTAIN_SHORT_NEWS","HIGH","PHASE_6C_AUDIT / REPOSITORY_EVIDENCE"
"https://thesamachardaily.in/articles/world/israel-places-banat-yaqub-shrine-under-its-authority-palestine-urges-urgent-action/","Israel places Banat Yaqub shrine under its authority; Palestine urges urgent action","128","INDEXABLE (LIVE)","UNAVAILABLE","UNAVAILABLE","UNAVAILABLE","UNAVAILABLE","INSUFFICIENT_DATA","NONE","A — KEEP AS IS","MAINTAIN_SHORT_NEWS","HIGH","PHASE_6C_AUDIT / REPOSITORY_EVIDENCE"
"https://thesamachardaily.in/articles/world/israeli-army-chief-declares-hamas-defeated-says-conflict-essentially-over/","Israeli army chief declares Hamas defeated, says conflict essentially over","109","INDEXABLE (LIVE)","UNAVAILABLE","UNAVAILABLE","UNAVAILABLE","UNAVAILABLE","INSUFFICIENT_DATA","NONE","A — KEEP AS IS","MAINTAIN_SHORT_NEWS","HIGH","PHASE_6C_AUDIT / REPOSITORY_EVIDENCE"
"https://thesamachardaily.in/articles/world/israeli-pm-threatens-citizenship-loss-for-those-who-defame-army-after-naza-documentar/","Israeli PM threatens citizenship loss for those who 'defame' army after 'NAZA' documentary","100","INDEXABLE (LIVE)","UNAVAILABLE","UNAVAILABLE","UNAVAILABLE","UNAVAILABLE","INSUFFICIENT_DATA","NONE","A — KEEP AS IS","MAINTAIN_SHORT_NEWS","HIGH","PHASE_6C_AUDIT / REPOSITORY_EVIDENCE"
"https://thesamachardaily.in/articles/world/juan-soto-returns-to-help-the-mets-beat-the-astros-6-2/","Juan Soto Returns from IL, Drives Mets Past Astros 6-2 with Go-Ahead RBI","143","INDEXABLE (LIVE)","UNAVAILABLE","UNAVAILABLE","UNAVAILABLE","UNAVAILABLE","INSUFFICIENT_DATA","NONE","A — KEEP AS IS","MAINTAIN_SHORT_NEWS","HIGH","PHASE_6C_AUDIT / REPOSITORY_EVIDENCE"
"https://thesamachardaily.in/articles/world/keith-olbermann-announces-return-of-podcast-after-surgery-to-address-atrial-fibrillat/","Keith Olbermann to resume podcast after atrial fibrillation surgery","117","INDEXABLE (LIVE)","UNAVAILABLE","UNAVAILABLE","UNAVAILABLE","UNAVAILABLE","INSUFFICIENT_DATA","NONE","A — KEEP AS IS","MAINTAIN_SHORT_NEWS","HIGH","PHASE_6C_AUDIT / REPOSITORY_EVIDENCE"
"https://thesamachardaily.in/articles/world/marco-bechis-returns-after-decade-with-back-to-buenos-aires-review-finds-mixed-effect/","Marco Bechis Returns After Decade with ‘Back to Buenos Aires’, Review Finds Mixed Effectiveness","125","INDEXABLE (LIVE)","UNAVAILABLE","UNAVAILABLE","UNAVAILABLE","UNAVAILABLE","INSUFFICIENT_DATA","NONE","A — KEEP AS IS","MAINTAIN_SHORT_NEWS","HIGH","PHASE_6C_AUDIT / REPOSITORY_EVIDENCE"
"https://thesamachardaily.in/articles/world/meghan-markle-posts-first-uk-family-video-showing-harry-kids-fishing-and-mud-play/","Meghan Markle posts first UK family video, showing Harry, kids fishing and mud play","75","INDEXABLE (LIVE)","UNAVAILABLE","UNAVAILABLE","UNAVAILABLE","UNAVAILABLE","INSUFFICIENT_DATA","NONE","A — KEEP AS IS","MAINTAIN_SHORT_NEWS","HIGH","PHASE_6C_AUDIT / REPOSITORY_EVIDENCE"
"https://thesamachardaily.in/articles/world/odisha-secures-242-trillion-uae-investment-proposals-618000-jobs-targeted/","Odisha Secures ₹2.42 trillion UAE Investment Proposals, 618,000 Jobs Targeted","71","INDEXABLE (LIVE)","UNAVAILABLE","UNAVAILABLE","UNAVAILABLE","UNAVAILABLE","INSUFFICIENT_DATA","NONE","A — KEEP AS IS","MAINTAIN_SHORT_NEWS","HIGH","PHASE_6C_AUDIT / REPOSITORY_EVIDENCE"
"https://thesamachardaily.in/articles/world/one-suspect-injured-in-northern-israel-as-idf-responds-to-stone-throwing-incident/","One Suspect Injured in Northern Israel as IDF Responds to Stone-Throwing Incident","63","INDEXABLE (LIVE)","UNAVAILABLE","UNAVAILABLE","UNAVAILABLE","UNAVAILABLE","INSUFFICIENT_DATA","NONE","A — KEEP AS IS","MAINTAIN_SHORT_NEWS","HIGH","PHASE_6C_AUDIT / REPOSITORY_EVIDENCE"
"https://thesamachardaily.in/articles/world/oscar-winning-the-last-emperor-uk-producer-jeremy-thomas-passes-away-at-77/","Oscar-Winning 'The Last Emperor' UK Producer Jeremy Thomas Passes Away at 77","58","INDEXABLE (LIVE)","UNAVAILABLE","UNAVAILABLE","UNAVAILABLE","UNAVAILABLE","INSUFFICIENT_DATA","NONE","A — KEEP AS IS","MAINTAIN_SHORT_NEWS","HIGH","PHASE_6C_AUDIT / REPOSITORY_EVIDENCE"
"https://thesamachardaily.in/articles/world/reading-festival-review-fontaines-dc-on-brilliant-form/","Fontaines DC Delivers Standout Performance at Reading Festival, Review Notes","140","INDEXABLE (LIVE)","UNAVAILABLE","UNAVAILABLE","UNAVAILABLE","UNAVAILABLE","INSUFFICIENT_DATA","NONE","A — KEEP AS IS","MAINTAIN_SHORT_NEWS","HIGH","PHASE_6C_AUDIT / REPOSITORY_EVIDENCE"
"https://thesamachardaily.in/articles/world/sda-awaits-faa-nod-to-test-spacebased-link-16-in-us-overseas-trials-ongoing/","SDA Awaits FAA Nod to Test Space‑Based Link 16 in U.S.; Overseas Trials Ongoing","147","INDEXABLE (LIVE)","UNAVAILABLE","UNAVAILABLE","UNAVAILABLE","UNAVAILABLE","INSUFFICIENT_DATA","NONE","A — KEEP AS IS","MAINTAIN_SHORT_NEWS","HIGH","PHASE_6C_AUDIT / REPOSITORY_EVIDENCE"
"https://thesamachardaily.in/articles/world/south-park-rebrands-as-south-america-with-naked-trump-in-viral-season-29-intro/","South Park Rebrands as 'South America' with Naked Trump in Viral Season 29 Intro","76","INDEXABLE (LIVE)","UNAVAILABLE","UNAVAILABLE","UNAVAILABLE","UNAVAILABLE","INSUFFICIENT_DATA","NONE","A — KEEP AS IS","MAINTAIN_SHORT_NEWS","HIGH","PHASE_6C_AUDIT / REPOSITORY_EVIDENCE"
"https://thesamachardaily.in/articles/world/south-park-slams-trumps-geographic-renaming-in-season29-premiere/","South Park Slams Trump’s Geographic Renaming in Season‑29 Premiere","94","INDEXABLE (LIVE)","UNAVAILABLE","UNAVAILABLE","UNAVAILABLE","UNAVAILABLE","INSUFFICIENT_DATA","NONE","A — KEEP AS IS","MAINTAIN_SHORT_NEWS","HIGH","PHASE_6C_AUDIT / REPOSITORY_EVIDENCE"
"https://thesamachardaily.in/articles/world/square-enix-unveils-updated-tifa-look-in-final-fantasy-7-revelation-demo-at-tgs-2026/","Square Enix Unveils Updated Tifa Look in Final Fantasy 7 Revelation Demo at TGS 2026","69","INDEXABLE (LIVE)","UNAVAILABLE","UNAVAILABLE","UNAVAILABLE","UNAVAILABLE","INSUFFICIENT_DATA","NONE","A — KEEP AS IS","MAINTAIN_SHORT_NEWS","HIGH","PHASE_6C_AUDIT / REPOSITORY_EVIDENCE"
"https://thesamachardaily.in/articles/world/the-witcher-4-will-have-a-physical-edition-even-if-discs-go-away-cd-projekt-red-confi/","CD Projekt Red Confirms Physical Edition for The Witcher 4 Despite Disc Phase‑out","117","INDEXABLE (LIVE)","UNAVAILABLE","UNAVAILABLE","UNAVAILABLE","UNAVAILABLE","INSUFFICIENT_DATA","NONE","A — KEEP AS IS","MAINTAIN_SHORT_NEWS","HIGH","PHASE_6C_AUDIT / REPOSITORY_EVIDENCE"
"https://thesamachardaily.in/articles/world/tim-mcgraw-falls-flat-on-his-back-during-cincinnati-concert-after-boot-gets-caught-in/","Tim McGraw Falls Flat on Back After Boot Catches on Cincinnati Stage","143","INDEXABLE (LIVE)","UNAVAILABLE","UNAVAILABLE","UNAVAILABLE","UNAVAILABLE","INSUFFICIENT_DATA","NONE","A — KEEP AS IS","MAINTAIN_SHORT_NEWS","HIGH","PHASE_6C_AUDIT / REPOSITORY_EVIDENCE"
"https://thesamachardaily.in/articles/world/treenod-to-debut-new-game-poko-merge-at-tokyo-game-show-2026/","Treenod to Debut New Game ‘Poko Merge’ at Tokyo Game Show 2026","49","INDEXABLE (LIVE)","UNAVAILABLE","UNAVAILABLE","UNAVAILABLE","UNAVAILABLE","INSUFFICIENT_DATA","NONE","A — KEEP AS IS","MAINTAIN_SHORT_NEWS","HIGH","PHASE_6C_AUDIT / REPOSITORY_EVIDENCE"
"https://thesamachardaily.in/articles/world/trump-bars-cnn-msnow-politico-from-white-house-labels-them-fake-news/","Trump bars CNN, MSNOW, Politico from White House, labels them ‘fake news’","46","INDEXABLE (LIVE)","UNAVAILABLE","UNAVAILABLE","UNAVAILABLE","UNAVAILABLE","INSUFFICIENT_DATA","NONE","A — KEEP AS IS","MAINTAIN_SHORT_NEWS","HIGH","PHASE_6C_AUDIT / REPOSITORY_EVIDENCE"
"https://thesamachardaily.in/articles/world/trump-loses-bid-to-move-ny-hush-money-case-to-federal-court/","Trump's bid to shift NY hush‑money conviction to federal court rejected","138","INDEXABLE (LIVE)","UNAVAILABLE","UNAVAILABLE","UNAVAILABLE","UNAVAILABLE","INSUFFICIENT_DATA","NONE","A — KEEP AS IS","MAINTAIN_SHORT_NEWS","HIGH","PHASE_6C_AUDIT / REPOSITORY_EVIDENCE"
"https://thesamachardaily.in/articles/world/trump-mocked-nonvoters-at-gops-first-midterm-convention-in-dallas-sparking-fox-viewer/","Trump mocked non‑voters at GOP’s first midterm convention in Dallas, sparking Fox viewer backlash","85","INDEXABLE (LIVE)","UNAVAILABLE","UNAVAILABLE","UNAVAILABLE","UNAVAILABLE","INSUFFICIENT_DATA","NONE","A — KEEP AS IS","MAINTAIN_SHORT_NEWS","HIGH","PHASE_6C_AUDIT / REPOSITORY_EVIDENCE"
"https://thesamachardaily.in/articles/world/typhoon-dujuan-kills-two-cuts-power-to-46000-homes-as-record-rain-hits-tokyo/","Typhoon Dujuan kills two, cuts power to 46,000 homes as record rain hits Tokyo","61","INDEXABLE (LIVE)","UNAVAILABLE","UNAVAILABLE","UNAVAILABLE","UNAVAILABLE","INSUFFICIENT_DATA","NONE","A — KEEP AS IS","MAINTAIN_SHORT_NEWS","HIGH","PHASE_6C_AUDIT / REPOSITORY_EVIDENCE"
"https://thesamachardaily.in/articles/world/will-paris-is-always-a-good-idea-get-a-season-2-one-hallmark-star-has-strong-feelings/","Hallmark Star Pushes for Season 2 of ‘Paris Is Always A Good Idea’","146","INDEXABLE (LIVE)","UNAVAILABLE","UNAVAILABLE","UNAVAILABLE","UNAVAILABLE","INSUFFICIENT_DATA","NONE","A — KEEP AS IS","MAINTAIN_SHORT_NEWS","HIGH","PHASE_6C_AUDIT / REPOSITORY_EVIDENCE"