priority,classification,file_path,slug,category,publication_date,body_word_count,title,reason,source_status,cannibalization_status,recommended_action
"P1","A","src/articles/business/7-essential-hr-software-features-you-cant-ignore.md","7-essential-hr-software-features-you-cant-ignore","Business","2026-08-29T11:31:15.000Z",129,"HR Leaders Urged to Adopt Seven Core Software Features for Efficiency","High-value search query / commercial topic with severely compressed (<140 words) body text.","SOURCE VERIFICATION REQUIRED","NONE","ENRICH_P1"
"","C","src/articles/business/arizona-home-lost-to-hoa-foreclosure-over-977-debt-owner-claims.md","arizona-home-lost-to-hoa-foreclosure-over-977-debt-owner-claims","Business","2026-09-16T12:40:34.000Z",53,"Arizona Home Lost to HOA Foreclosure Over $977 Debt, Owner Claims","Single commercial product listing, fleeting social item, or ultra-niche micro-notice with minimal search shelf-life.","N/A","NONE","LOW_PRIORITY_MAINTAIN"
"P1","A","src/articles/business/asian-lng-demand-set-to-fall-310-as-prices-surge-after-qatarenergy-halt.md","asian-lng-demand-set-to-fall-310-as-prices-surge-after-qatarenergy-halt","Business","2026-09-17T18:40:35.000Z",116,"Asian LNG Demand Set to Fall 3‑10% as Prices Surge After QatarEnergy Halt","High-value search query / commercial topic with severely compressed (<140 words) body text.","SOURCE VERIFICATION REQUIRED","NONE","ENRICH_P1"
"P1","A","src/articles/business/bank-strike-hits-assam-demands-fiveday-week-pension-overhaul-pli-repeal.md","bank-strike-hits-assam-demands-fiveday-week-pension-overhaul-pli-repeal","Business","2026-09-12T16:55:59.000Z",77,"Bank strike hits Assam, demands five‑day week, pension overhaul, PLI repeal","High-value search query / commercial topic with severely compressed (<140 words) body text.","SOURCE VERIFICATION REQUIRED","NONE","ENRICH_P1"
"P1","A","src/articles/business/bengalurus-paid-parking-plan-20-roads-set-for-rollout-3-crore-annual-revenue-expected.md","bengalurus-paid-parking-plan-20-roads-set-for-rollout-3-crore-annual-revenue-expected","Business","2026-08-30T14:43:41.000Z",146,"Bengaluru launches paid parking on 20 central roads, targeting ₹3 cr annual revenue","Valuable technical or business topic that would benefit from structured background and context.","SOURCE VERIFICATION REQUIRED","NONE","ENRICH_P1"
"P1","A","src/articles/business/boomers-flock-to-five-high-yield-dividend-stocks-claim-no-yield-traps.md","boomers-flock-to-five-high-yield-dividend-stocks-claim-no-yield-traps","Business","2026-09-18T00:40:37.000Z",78,"Boomers Flock to Five High-Yield Dividend Stocks, Claim No Yield Traps","High-value search query / commercial topic with severely compressed (<140 words) body text.","SOURCE VERIFICATION REQUIRED","NONE","ENRICH_P1"
"P1","A","src/articles/business/butterhands-adds-second-gurugram-outlet-with-new-caf-at-dlf-summit-plaza.md","butterhands-adds-second-gurugram-outlet-with-new-caf-at-dlf-summit-plaza","Business","2026-09-15T00:40:37.000Z",85,"ButterHands adds second Gurugram outlet with new café at DLF Summit Plaza","High-value search query / commercial topic with severely compressed (<140 words) body text.","SOURCE VERIFICATION REQUIRED","NONE","ENRICH_P1"
"P1","A","src/articles/business/cbic-to-push-msmes-into-emi-scheme-as-enrolments-stay-under-1000.md","cbic-to-push-msmes-into-emi-scheme-as-enrolments-stay-under-1000","Business","2026-09-16T18:40:34.000Z",107,"CBIC to push MSMEs into EMI scheme as enrolments stay under 1,000","High-value search query / commercial topic with severely compressed (<140 words) body text.","SOURCE VERIFICATION REQUIRED","NONE","ENRICH_P1"
"P1","A","src/articles/business/chatham-county-weighs-new-parking-plan-requirement-for-shortterm-rentals.md","chatham-county-weighs-new-parking-plan-requirement-for-shortterm-rentals","Business","2026-09-12T10:55:56.000Z",88,"Chatham County weighs new parking plan requirement for short‑term rentals","High-value search query / commercial topic with severely compressed (<140 words) body text.","SOURCE VERIFICATION REQUIRED","NONE","ENRICH_P1"
"P2","A","src/articles/business/cipla-pharma-license-cancellation-fda-withdraws-order-after-hc-raps-it-for-going-over.md","cipla-pharma-license-cancellation-fda-withdraws-order-after-hc-raps-it-for-going-over","Business","2026-08-29T20:41:55.000Z",121,"India's FDA pulls Cipla license cancellation after High Court rebuke","High-value search query / commercial topic with severely compressed (<140 words) body text.","SOURCE VERIFICATION REQUIRED","NONE","ENRICH_P2"
"","E","src/articles/business/comso-demands-transparent-st-representation-in-mrb-officer-recruitment.md","comso-demands-transparent-st-representation-in-mrb-officer-recruitment","Business","2026-09-12T06:56:07.000Z",84,"CoMSO demands transparent ST representation in MRB officer recruitment","Specialized industrial/engineering terminology or legal notice requiring external verification.","N/A","NONE","EDITORIAL_MANUAL_REVIEW"
"P1","A","src/articles/business/crude-oil-us-tariffs-on-russian-oil-and-west-asia-tensions-set-to-steer-indian-equiti.md","crude-oil-us-tariffs-on-russian-oil-and-west-asia-tensions-set-to-steer-indian-equiti","Business","2026-09-20T18:40:35.000Z",92,"Crude oil, US tariffs on Russian oil and West Asia tensions set to steer Indian equities this week","High-value search query / commercial topic with severely compressed (<140 words) body text.","SOURCE VERIFICATION REQUIRED","NONE","ENRICH_P1"
"P1","A","src/articles/business/dare-biosciences-hc-wainwright-conference-presentation-now-ondemand.md","dare-biosciences-hc-wainwright-conference-presentation-now-ondemand","Business","2026-09-11T22:56:06.000Z",83,"Dare Bioscience’s H.C. Wainwright Conference Presentation Now On‑Demand","High-value search query / commercial topic with severely compressed (<140 words) body text.","SOURCE VERIFICATION REQUIRED","NONE","ENRICH_P1"
"P2","A","src/articles/business/delaware-is-quietly-stealing-floridas-retirees-and-the-tax-math-explains-why.md","delaware-is-quietly-stealing-floridas-retirees-and-the-tax-math-explains-why","Business","2026-08-31T10:57:07.000Z",147,"Delaware Attracts Florida Retirees as Tax Advantages Prompt Relocation","Valuable technical or business topic that would benefit from structured background and context.","SOURCE VERIFICATION REQUIRED","NONE","ENRICH_P2"
"P1","A","src/articles/business/dolby-vision-tv-revenue-projected-at-27b-in-2025-over-67b-by-2032.md","dolby-vision-tv-revenue-projected-at-27b-in-2025-over-67b-by-2032","Business","2026-09-20T10:40:34.000Z",81,"Dolby Vision TV Revenue Projected at $27B in 2025, Over $67B by 2032","High-value search query / commercial topic with severely compressed (<140 words) body text.","SOURCE VERIFICATION REQUIRED","NONE","ENRICH_P1"
"P1","A","src/articles/business/dow-jones-futures-point-to-near-51700-as-wall-street-opens-monday.md","dow-jones-futures-point-to-near-51700-as-wall-street-opens-monday","Business","2026-09-20T22:40:34.000Z",60,"Dow Jones Futures Point to Near 51,700 as Wall Street Opens Monday","High-value search query / commercial topic with severely compressed (<140 words) body text.","SOURCE VERIFICATION REQUIRED","NONE","ENRICH_P1"
"P1","A","src/articles/business/dra-snaps-up-10acre-chennai-plot-for-rs-159-cr-eyes-rs-1200-cr-housing-venture.md","dra-snaps-up-10acre-chennai-plot-for-rs-159-cr-eyes-rs-1200-cr-housing-venture","Business","2026-09-16T22:40:33.000Z",79,"DRA snaps up 10‑acre Chennai plot for Rs 159 cr, eyes Rs 1,200 cr housing venture","High-value search query / commercial topic with severely compressed (<140 words) body text.","SOURCE VERIFICATION REQUIRED","NONE","ENRICH_P1"
"P1","A","src/articles/business/ecb-calls-on-online-and-mobile-merchants-to-join-digital-euro-pilot.md","ecb-calls-on-online-and-mobile-merchants-to-join-digital-euro-pilot","Business","2026-09-16T08:40:36.000Z",66,"ECB Calls on Online and Mobile Merchants to Join Digital Euro Pilot","High-value search query / commercial topic with severely compressed (<140 words) body text.","SOURCE VERIFICATION REQUIRED","NONE","ENRICH_P1"
"P1","A","src/articles/business/experts-press-fda-for-clear-safety-and-access-rules-on-psychedelic-drugs.md","experts-press-fda-for-clear-safety-and-access-rules-on-psychedelic-drugs","Business","2026-09-15T10:40:41.000Z",81,"Experts Press FDA for Clear Safety and Access Rules on Psychedelic Drugs","High-value search query / commercial topic with severely compressed (<140 words) body text.","SOURCE VERIFICATION REQUIRED","NONE","ENRICH_P1"
"P1","A","src/articles/business/fed-to-announce-fomc-rate-decision-at-2-pm-et-90-odds-of-25bp-hike.md","fed-to-announce-fomc-rate-decision-at-2-pm-et-90-odds-of-25bp-hike","Business","2026-09-17T04:40:36.000Z",72,"Fed to Announce FOMC Rate Decision at 2 PM ET; 90% Odds of 25‑bp Hike","High-value search query / commercial topic with severely compressed (<140 words) body text.","SOURCE VERIFICATION REQUIRED","NONE","ENRICH_P1"
"","C","src/articles/business/fortunex-spac-strikes-deal-with-tech-driven-wt-realty-platform.md","fortunex-spac-strikes-deal-with-tech-driven-wt-realty-platform","Business","2026-09-19T12:40:34.000Z",60,"FortuneX SPAC Strikes Deal with Tech-Driven WT Realty Platform","Single commercial product listing, fleeting social item, or ultra-niche micro-notice with minimal search shelf-life.","N/A","NONE","LOW_PRIORITY_MAINTAIN"
"P1","A","src/articles/business/friendship-dynamics-some-adults-stay-shallow-after-being-the-goto-support.md","friendship-dynamics-some-adults-stay-shallow-after-being-the-goto-support","Business","2026-09-21T12:40:36.000Z",81,"Friendship dynamics: Some adults stay shallow after being the go‑to support","High-value search query / commercial topic with severely compressed (<140 words) body text.","SOURCE VERIFICATION REQUIRED","NONE","ENRICH_P1"
"P1","A","src/articles/business/gasoline-set-to-lift-us-consumer-prices-in-august-as-wholesale-inflation-climbs.md","gasoline-set-to-lift-us-consumer-prices-in-august-as-wholesale-inflation-climbs","Business","2026-09-11T16:05:57.000Z",90,"Gasoline set to lift US consumer prices in August as wholesale inflation climbs","High-value search query / commercial topic with severely compressed (<140 words) body text.","SOURCE VERIFICATION REQUIRED","NONE","ENRICH_P1"
"P2","A","src/articles/business/global-public-debt-hits-wwii-high-imf-warns-of-further-rise.md","global-public-debt-hits-wwii-high-imf-warns-of-further-rise","Business","2026-09-11T15:41:57.000Z",123,"Global public debt hits WWII high, IMF warns of further rise","High-value search query / commercial topic with severely compressed (<140 words) body text.","SOURCE VERIFICATION REQUIRED","NONE","ENRICH_P2"
"P1","A","src/articles/business/green-modular-cloud-couch-hits-450-down-100-targeting-renters.md","green-modular-cloud-couch-hits-450-down-100-targeting-renters","Business","2026-09-14T08:40:36.000Z",66,"Green Modular Cloud Couch Hits $450, Down $100, Targeting Renters","High-value search query / commercial topic with severely compressed (<140 words) body text.","SOURCE VERIFICATION REQUIRED","NONE","ENRICH_P1"
"P1","A","src/articles/business/how-much-were-the-top-7-most-expensive-home-sales-in-windsor-last-week.md","how-much-were-the-top-7-most-expensive-home-sales-in-windsor-last-week","Business","2026-08-30T02:42:04.000Z",99,"Windsor sees $822,000 single‑family home lead list of seven priciest sales last week","High-value search query / commercial topic with severely compressed (<140 words) body text.","SOURCE VERIFICATION REQUIRED","NONE","ENRICH_P1"
"P2","A","src/articles/business/ibio-reports-wider-fy-26-loss-as-ibio-600-phase-1-for-obesity-progresses.md","ibio-reports-wider-fy-26-loss-as-ibio-600-phase-1-for-obesity-progresses","Business","2026-08-30T04:41:54.000Z",144,"iBio Posts Wider FY ’26 Net Loss as IBIO‑600 Obesity Phase 1 Advances","Valuable technical or business topic that would benefit from structured background and context.","SOURCE VERIFICATION REQUIRED","NONE","ENRICH_P2"
"","C","src/articles/business/inflation-outlook-and-real-rates-squeeze-indian-equities-raising-cost-concerns.md","inflation-outlook-and-real-rates-squeeze-indian-equities-raising-cost-concerns","Business","2026-09-21T18:40:37.000Z",38,"Inflation Outlook and Real Rates Squeeze Indian Equities, Raising Cost Concerns","Single commercial product listing, fleeting social item, or ultra-niche micro-notice with minimal search shelf-life.","N/A","NONE","LOW_PRIORITY_MAINTAIN"
"P1","A","src/articles/business/jersey-city-council-to-hear-controversial-canal-crossing-tax-abatements-and-garden-la.md","jersey-city-council-to-hear-controversial-canal-crossing-tax-abatements-and-garden-la","Business","2026-09-21T14:40:39.000Z",94,"Jersey City Council to Hear Controversial Canal Crossing Tax Abatements and Garden Land Vote Wednesday","High-value search query / commercial topic with severely compressed (<140 words) body text.","SOURCE VERIFICATION REQUIRED","NONE","ENRICH_P1"
"P1","A","src/articles/business/jetblue-offers-72-roundtrip-baltimoreorlando-fare-taxes-included.md","jetblue-offers-72-roundtrip-baltimoreorlando-fare-taxes-included","Business","2026-09-13T02:55:56.000Z",65,"jetBlue offers $72 round‑trip Baltimore‑Orlando fare, taxes included","High-value search query / commercial topic with severely compressed (<140 words) body text.","SOURCE VERIFICATION REQUIRED","NONE","ENRICH_P1"
"P2","A","src/articles/business/juror-claims-feminist-agenda-drove-lindsay-clancy-verdict-in-massachusetts-trial.md","juror-claims-feminist-agenda-drove-lindsay-clancy-verdict-in-massachusetts-trial","Business","2026-09-15T08:40:50.000Z",146,"Juror Claims Feminist Agenda Drove Lindsay Clancy Verdict in Massachusetts Trial","Valuable technical or business topic that would benefit from structured background and context.","SOURCE VERIFICATION REQUIRED","NONE","ENRICH_P2"
"P1","A","src/articles/business/market-technology-acquisition-corp-enables-separate-trading-of-shares-and-warrants-st.md","market-technology-acquisition-corp-enables-separate-trading-of-shares-and-warrants-st","Business","2026-09-17T00:40:37.000Z",63,"Market Technology Acquisition Corp Enables Separate Trading of Shares and Warrants Starting Sept 17","High-value search query / commercial topic with severely compressed (<140 words) body text.","SOURCE VERIFICATION REQUIRED","NONE","ENRICH_P1"
"P1","A","src/articles/business/microcap-stocks-surge-541-in-august-as-nifty-slips-124.md","microcap-stocks-surge-541-in-august-as-nifty-slips-124","Business","2026-09-15T16:40:40.000Z",104,"Microcap stocks surge 5.41% in August as Nifty slips 1.24%","High-value search query / commercial topic with severely compressed (<140 words) body text.","SOURCE VERIFICATION REQUIRED","NONE","ENRICH_P1"
"P1","A","src/articles/business/moon-water-find-sparks-city-dreams-but-scientists-warn-of-scarcity.md","moon-water-find-sparks-city-dreams-but-scientists-warn-of-scarcity","Business","2026-09-15T04:40:39.000Z",83,"Moon water find sparks city dreams, but scientists warn of scarcity","High-value search query / commercial topic with severely compressed (<140 words) body text.","SOURCE VERIFICATION REQUIRED","NONE","ENRICH_P1"
"P1","A","src/articles/business/new-report-blames-fed-regulators-for-silicon-valley-bank-collapse-says-official.md","new-report-blames-fed-regulators-for-silicon-valley-bank-collapse-says-official","Business","2026-09-19T04:40:34.000Z",100,"New Report Blames Fed Regulators for Silicon Valley Bank Collapse, Says Official","High-value search query / commercial topic with severely compressed (<140 words) body text.","SOURCE VERIFICATION REQUIRED","NONE","ENRICH_P1"
"","C","src/articles/business/orion180-insurance-prices-ipo-at-12-per-share-20-million-shares-offered.md","orion180-insurance-prices-ipo-at-12-per-share-20-million-shares-offered","Business","2026-09-21T20:40:33.000Z",40,"Orion180 Insurance Prices IPO at $12 per Share, 20 Million Shares Offered","Single commercial product listing, fleeting social item, or ultra-niche micro-notice with minimal search shelf-life.","N/A","NONE","LOW_PRIORITY_MAINTAIN"
"","C","src/articles/business/paul-tudor-jones-warns-investors-of-stock-outlook-through-2036-bofa-data-concurs.md","paul-tudor-jones-warns-investors-of-stock-outlook-through-2036-bofa-data-concurs","Business","2026-09-19T10:40:35.000Z",38,"Paul Tudor Jones warns investors of stock outlook through 2036, BofA data concurs","Single commercial product listing, fleeting social item, or ultra-niche micro-notice with minimal search shelf-life.","N/A","NONE","LOW_PRIORITY_MAINTAIN"
"P1","A","src/articles/business/phillip-frost-spends-4-million-on-safe-pro-group-shares-draws-whalewatchalerts-notice.md","phillip-frost-spends-4-million-on-safe-pro-group-shares-draws-whalewatchalerts-notice","Business","2026-09-16T06:40:40.000Z",82,"Phillip Frost spends $4 million on Safe Pro Group shares, draws WhaleWatchAlerts notice","High-value search query / commercial topic with severely compressed (<140 words) body text.","SOURCE VERIFICATION REQUIRED","NONE","ENRICH_P1"
"","C","src/articles/business/refurbished-hamilton-beach-17l-glass-kettle-sells-for-2999.md","refurbished-hamilton-beach-17l-glass-kettle-sells-for-2999","Business","2026-09-22T06:40:38.000Z",51,"Refurbished Hamilton Beach 1.7L Glass Kettle Sells for $29.99","Single commercial product listing, fleeting social item, or ultra-niche micro-notice with minimal search shelf-life.","N/A","NONE","LOW_PRIORITY_MAINTAIN"
"P1","A","src/articles/business/ripple-targets-13-trillion-corporate-treasury-market-for-stablecoin-expansion.md","ripple-targets-13-trillion-corporate-treasury-market-for-stablecoin-expansion","Business","2026-09-14T10:40:40.000Z",81,"Ripple Targets $13 Trillion Corporate Treasury Market for Stablecoin Expansion","High-value search query / commercial topic with severely compressed (<140 words) body text.","SOURCE VERIFICATION REQUIRED","NONE","ENRICH_P1"
"P1","A","src/articles/business/robbins-llp-alerts-investors-to-fuelcell-energy-class-action-for-junesept-2026-purcha.md","robbins-llp-alerts-investors-to-fuelcell-energy-class-action-for-junesept-2026-purcha","Business","2026-09-15T06:40:37.000Z",64,"Robbins LLP Alerts Investors to FuelCell Energy Class Action for June‑Sept 2026 Purchases","High-value search query / commercial topic with severely compressed (<140 words) body text.","SOURCE VERIFICATION REQUIRED","NONE","ENRICH_P1"
"P1","A","src/articles/business/shufti-unveils-global-bank-account-verification-merging-ownership-and-identity-checks.md","shufti-unveils-global-bank-account-verification-merging-ownership-and-identity-checks","Business","2026-09-16T20:40:56.000Z",75,"Shufti Unveils Global Bank Account Verification, Merging Ownership and Identity Checks","High-value search query / commercial topic with severely compressed (<140 words) body text.","SOURCE VERIFICATION REQUIRED","NONE","ENRICH_P1"
"P1","A","src/articles/business/six-months-of-war-drive-fuel-uncertainty-in-ny.md","six-months-of-war-drive-fuel-uncertainty-in-ny","Business","2026-08-29T11:39:35.000Z",143,"Iran Conflict's Six-Month Oil Disruption Fuels Price Uncertainty Across New York","Valuable technical or business topic that would benefit from structured background and context.","SOURCE VERIFICATION REQUIRED","NONE","ENRICH_P1"
"P1","A","src/articles/business/sizewell-a-sends-15000-t-of-concrete-to-sizewell-c-slashing-emissions-and-traffic.md","sizewell-a-sends-15000-t-of-concrete-to-sizewell-c-slashing-emissions-and-traffic","Business","2026-09-14T20:40:38.000Z",78,"Sizewell A sends 15,000 t of concrete to Sizewell C, slashing emissions and traffic","High-value search query / commercial topic with severely compressed (<140 words) body text.","SOURCE VERIFICATION REQUIRED","NONE","ENRICH_P1"
"P1","A","src/articles/business/spinnova-signs-nonbinding-loi-to-acquire-portuguese-yarn-maker-tearfil-15-m-bridge-lo.md","spinnova-signs-nonbinding-loi-to-acquire-portuguese-yarn-maker-tearfil-15-m-bridge-lo","Business","2026-09-18T04:40:41.000Z",88,"Spinnova signs non‑binding LOI to acquire Portuguese yarn maker Tearfil, €1.5 m bridge loan included","High-value search query / commercial topic with severely compressed (<140 words) body text.","SOURCE VERIFICATION REQUIRED","NONE","ENRICH_P1"
"P1","A","src/articles/business/squarepoint-ops-llc-adds-14-million-position-in-ishares-midcap-etf-ijh.md","squarepoint-ops-llc-adds-14-million-position-in-ishares-midcap-etf-ijh","Business","2026-09-17T20:40:38.000Z",79,"Squarepoint Ops LLC Adds $1.4 Million Position in iShares Mid‑Cap ETF IJH","High-value search query / commercial topic with severely compressed (<140 words) body text.","SOURCE VERIFICATION REQUIRED","NONE","ENRICH_P1"
"P0","A","src/articles/business/starlink-leads-satellite-internet-as-europe-commits-156b-to-rival-projects.md","starlink-leads-satellite-internet-as-europe-commits-156b-to-rival-projects","Business","2026-09-13T00:56:02.000Z",48,"Starlink Leads Satellite Internet as Europe Commits €15.6B to Rival Projects","High-value search query / commercial topic with severely compressed (<140 words) body text.","SOURCE EVIDENCE ALREADY PRESENT","NONE","ENRICH_P0"
"","C","src/articles/business/stripes-attempted-takeover-of-paypal-has-collapsedagain.md","stripes-attempted-takeover-of-paypal-has-collapsedagain","Business","2026-08-30T12:41:50.000Z",122,"Stripe and Private‑Equity Partner Walk Away from $53 B PayPal Deal","Single commercial product listing, fleeting social item, or ultra-niche micro-notice with minimal search shelf-life.","N/A","NONE","LOW_PRIORITY_MAINTAIN"
"P0","A","src/articles/business/studded-jewellery-lifts-indias-august-export-growth-as-cpd-falls-labgrown-diamonds-su.md","studded-jewellery-lifts-indias-august-export-growth-as-cpd-falls-labgrown-diamonds-su","Business","2026-09-13T06:55:55.000Z",53,"Studded jewellery lifts India's August export growth as CPD falls, lab‑grown diamonds surge","High-value search query / commercial topic with severely compressed (<140 words) body text.","SOURCE EVIDENCE ALREADY PRESENT","NONE","ENRICH_P0"
"P1","A","src/articles/business/uk-air-traffic-control-suffers-second-outage-this-month-sparking-airline-warnings.md","uk-air-traffic-control-suffers-second-outage-this-month-sparking-airline-warnings","Business","2026-09-22T04:40:35.000Z",60,"UK air traffic control suffers second outage this month, sparking airline warnings","High-value search query / commercial topic with severely compressed (<140 words) body text.","SOURCE VERIFICATION REQUIRED","NONE","ENRICH_P1"
"P1","A","src/articles/business/us-bond-selloff-pushes-borrowing-costs-higher-hits-consumers-and-firms-globally.md","us-bond-selloff-pushes-borrowing-costs-higher-hits-consumers-and-firms-globally","Business","2026-09-15T22:40:40.000Z",71,"US bond selloff pushes borrowing costs higher, hits consumers and firms globally","High-value search query / commercial topic with severely compressed (<140 words) body text.","SOURCE VERIFICATION REQUIRED","NONE","ENRICH_P1"
"P1","A","src/articles/business/us-stocks-climb-as-tech-leads-dow-up-058-sp-105-nasdaq-164.md","us-stocks-climb-as-tech-leads-dow-up-058-sp-105-nasdaq-164","Business","2026-09-18T02:40:37.000Z",94,"US Stocks Climb as Tech Leads; Dow Up 0.58%, S&P +1.05%, Nasdaq +1.64%","High-value search query / commercial topic with severely compressed (<140 words) body text.","SOURCE VERIFICATION REQUIRED","NONE","ENRICH_P1"
"P2","A","src/articles/business/us-treasury-yields-edge-below-494-as-oil-gains-3-bonds-recover-losses.md","us-treasury-yields-edge-below-494-as-oil-gains-3-bonds-recover-losses","Business","2026-09-18T10:40:37.000Z",146,"US Treasury Yields Edge Below 4.94% as Oil Gains $3, Bonds Recover Losses","Valuable technical or business topic that would benefit from structured background and context.","SOURCE VERIFICATION REQUIRED","NONE","ENRICH_P2"
"P1","A","src/articles/business/uttarakhand-cabinet-raises-mbbs-intern-stipend-to-25000-adds-243-athlete-posts.md","uttarakhand-cabinet-raises-mbbs-intern-stipend-to-25000-adds-243-athlete-posts","Business","2026-09-12T22:55:58.000Z",72,"Uttarakhand Cabinet Raises MBBS Intern Stipend to ₹25,000, Adds 243 Athlete Posts","High-value search query / commercial topic with severely compressed (<140 words) body text.","SOURCE VERIFICATION REQUIRED","NONE","ENRICH_P1"
"P1","A","src/articles/business/vicor-secures-new-hampshire-sites-to-build-chip-fab-2-and-fab-3.md","vicor-secures-new-hampshire-sites-to-build-chip-fab-2-and-fab-3","Business","2026-09-12T02:56:11.000Z",88,"Vicor Secures New Hampshire Sites to Build ChiP Fab-2 and Fab-3","High-value search query / commercial topic with severely compressed (<140 words) body text.","SOURCE VERIFICATION REQUIRED","NONE","ENRICH_P1"
"","B","src/articles/india/4yearold-meet-trees-shatters-kamal-haasan-record-becomes-indias-youngest-national-awa.md","4yearold-meet-trees-shatters-kamal-haasan-record-becomes-indias-youngest-national-awa","India","2026-09-12T22:10:07.000Z",53,"4‑Year‑Old Meet Trees Shatters Kamal Haasan Record, Becomes India's Youngest National Award Winner","Factual news wire summary that adequately answers immediate user query.","N/A","NONE","MAINTAIN_SHORT_NEWS"
"","B","src/articles/india/81yearold-modi-schoolmate-regains-land-after-meeting-prime-minister-bjp-mla-firm-with.md","81yearold-modi-schoolmate-regains-land-after-meeting-prime-minister-bjp-mla-firm-with","India","2026-09-16T19:30:28.000Z",89,"81‑Year‑Old Modi Schoolmate Regains Land After Meeting Prime Minister, BJP MLA Firm Withdraws Claim","Factual news wire summary that adequately answers immediate user query.","N/A","NONE","MAINTAIN_SHORT_NEWS"
"","B","src/articles/india/actress-hina-khan-urges-eco-friendly-ganpati-idols-in-meeting-with-maharashtra-govern.md","actress-hina-khan-urges-eco-friendly-ganpati-idols-in-meeting-with-maharashtra-govern","India","2026-09-14T03:30:25.000Z",65,"Actress Hina Khan Urges Eco-Friendly Ganpati Idols in Meeting with Maharashtra Governor","Factual news wire summary that adequately answers immediate user query.","N/A","NONE","MAINTAIN_SHORT_NEWS"
"","B","src/articles/india/actress-samantha-ruth-prabhu-dons-gold-kanjivaram-at-traditional-baby-shower.md","actress-samantha-ruth-prabhu-dons-gold-kanjivaram-at-traditional-baby-shower","India","2026-09-16T05:30:27.000Z",82,"Actress Samantha Ruth Prabhu dons gold Kanjivaram at traditional baby shower","Factual news wire summary that adequately answers immediate user query.","N/A","NONE","MAINTAIN_SHORT_NEWS"
"","B","src/articles/india/ar-rahman-urges-filmmakers-to-spotlight-kashmirs-peace-and-natural-splendor.md","ar-rahman-urges-filmmakers-to-spotlight-kashmirs-peace-and-natural-splendor","India","2026-09-13T13:10:15.000Z",115,"A.R. Rahman urges filmmakers to spotlight Kashmir’s peace and natural splendor","Concise breaking news alert or transactional notice; provides complete immediate facts.","N/A","NONE","MAINTAIN_SHORT_NEWS"
"","B","src/articles/india/balcony-privacy-woes-in-indian-apartments-six-plants-offer-a-natural-screen.md","balcony-privacy-woes-in-indian-apartments-six-plants-offer-a-natural-screen","India","2026-09-17T18:30:29.000Z",91,"Balcony privacy woes in Indian apartments? Six plants offer a natural screen","Factual news wire summary that adequately answers immediate user query.","N/A","NONE","MAINTAIN_SHORT_NEWS"
"","B","src/articles/india/banaganapalle-mangoes-deccans-golden-benishan-traced-to-historic-orchards.md","banaganapalle-mangoes-deccans-golden-benishan-traced-to-historic-orchards","India","2026-09-19T15:30:26.000Z",66,"Banaganapalle Mangoes: Deccan’s Golden Benishan Traced to Historic Orchards","Factual news wire summary that adequately answers immediate user query.","N/A","NONE","MAINTAIN_SHORT_NEWS"
"","B","src/articles/india/bdls-asraam-assembly-integration-and-testing-facility-now-fully-operational.md","bdls-asraam-assembly-integration-and-testing-facility-now-fully-operational","India","2026-09-13T17:00:13.000Z",65,"BDL’s ASRAAM Assembly, Integration and Testing Facility Now Fully Operational","Factual news wire summary that adequately answers immediate user query.","N/A","NONE","MAINTAIN_SHORT_NEWS"
"","B","src/articles/india/bengaluru-police-seize-illegal-mobile-phones-in-jail-arrest-nine.md","bengaluru-police-seize-illegal-mobile-phones-in-jail-arrest-nine","India","2026-09-12T11:10:05.000Z",83,"Bengaluru Police Seize Illegal Mobile Phones in Jail, Arrest Nine","Factual news wire summary that adequately answers immediate user query.","N/A","NONE","MAINTAIN_SHORT_NEWS"
"","B","src/articles/india/bjp-and-congress-spar-over-brics-declaration-each-citing-nehrus-legacy.md","bjp-and-congress-spar-over-brics-declaration-each-citing-nehrus-legacy","India","2026-09-13T14:10:08.000Z",93,"BJP and Congress spar over BRICS declaration, each citing Nehru's legacy","Factual news wire summary that adequately answers immediate user query.","N/A","NONE","MAINTAIN_SHORT_NEWS"
"","B","src/articles/india/bjp-chief-nitin-nabin-expresses-displeasure-over-3-delhi-mps-visiting-sajjan-kumars-r.md","bjp-chief-nitin-nabin-expresses-displeasure-over-3-delhi-mps-visiting-sajjan-kumars-r","India","2026-08-29T23:52:36.000Z",112,"BJP chief Nitin Nabin rebukes three Delhi MPs for visiting Sajjan Kumar’s home","Factual news wire summary that adequately answers immediate user query.","N/A","NONE","MAINTAIN_SHORT_NEWS"
"P1","A","src/articles/india/bjp-launches-fiveday-karnataka-padayatra-to-contest-twostanza-vande-mataram-limit.md","bjp-launches-fiveday-karnataka-padayatra-to-contest-twostanza-vande-mataram-limit","India","2026-09-13T03:10:08.000Z",75,"BJP launches five‑day Karnataka padayatra to contest two‑stanza Vande Mataram limit","High-value search query / commercial topic with severely compressed (<140 words) body text.","SOURCE VERIFICATION REQUIRED","NONE","ENRICH_P1"
"","B","src/articles/india/bjp-mla-payal-shankar-slams-telangana-govt-over-fee-dues-land-disputes.md","bjp-mla-payal-shankar-slams-telangana-govt-over-fee-dues-land-disputes","India","2026-09-11T17:43:30.000Z",104,"BJP MLA Payal Shankar slams Telangana govt over fee dues, land disputes","Factual news wire summary that adequately answers immediate user query.","N/A","NONE","MAINTAIN_SHORT_NEWS"
"","B","src/articles/india/bjps-nitin-nabin-calls-for-nationwide-ashirvaad-ka-diya-on-pm-modis-birthday.md","bjps-nitin-nabin-calls-for-nationwide-ashirvaad-ka-diya-on-pm-modis-birthday","India","2026-09-15T02:30:30.000Z",121,"BJP’s Nitin Nabin Calls for Nationwide ‘Ashirvaad Ka Diya’ on PM Modi’s Birthday","Factual news wire summary that adequately answers immediate user query.","N/A","NONE","MAINTAIN_SHORT_NEWS"
"","B","src/articles/india/borders-and-belonging.md","borders-and-belonging","India","2026-08-30T12:52:33.000Z",138,"Filmmaker Gurvinder Singh on 'Rehmat' and his enduring ties to Punjab","Factual news wire summary that adequately answers immediate user query.","N/A","NONE","MAINTAIN_SHORT_NEWS"
"","B","src/articles/india/canada-sees-cepa-talks-with-india-wrapping-up-by-yearend-trade-minister-says.md","canada-sees-cepa-talks-with-india-wrapping-up-by-yearend-trade-minister-says","India","2026-09-19T23:30:27.000Z",50,"Canada sees CEPA talks with India wrapping up by year‑end, trade minister says","Factual news wire summary that adequately answers immediate user query.","N/A","NONE","MAINTAIN_SHORT_NEWS"
"","B","src/articles/india/china-expels-pla-commander-who-led-troops-against-india-in-doklam-galwan.md","china-expels-pla-commander-who-led-troops-against-india-in-doklam-galwan","India","2026-08-29T20:52:34.000Z",124,"China strips former Western Theatre chief Zhao Zongqi of Party membership","Factual news wire summary that adequately answers immediate user query.","N/A","NONE","MAINTAIN_SHORT_NEWS"
"","B","src/articles/india/cjp-founder-dipke-urges-maharashtra-to-engage-jarange-warns-against-forceful-action.md","cjp-founder-dipke-urges-maharashtra-to-engage-jarange-warns-against-forceful-action","India","2026-09-11T21:03:03.000Z",91,"CJP founder Dipke urges Maharashtra to engage Jarange, warns against forceful action","Factual news wire summary that adequately answers immediate user query.","N/A","NONE","MAINTAIN_SHORT_NEWS"
"P1","A","src/articles/india/coca-cola-india-launches-festive-season-beverage-drive-to-reach-consumers.md","coca-cola-india-launches-festive-season-beverage-drive-to-reach-consumers","India","2026-09-21T18:30:26.000Z",82,"Coca-Cola India Launches Festive-Season Beverage Drive to Reach Consumers","High-value search query / commercial topic with severely compressed (<140 words) body text.","SOURCE VERIFICATION REQUIRED","NONE","ENRICH_P1"
"","C","src/articles/india/colombo-security-conclave-wraps-three-day-tabletop-drill-at-visakhapatnam-naval-base.md","colombo-security-conclave-wraps-three-day-tabletop-drill-at-visakhapatnam-naval-base","India","2026-09-13T10:10:07.000Z",42,"Colombo Security Conclave Wraps Three-Day Tabletop Drill at Visakhapatnam Naval Base","Single commercial product listing, fleeting social item, or ultra-niche micro-notice with minimal search shelf-life.","N/A","NONE","LOW_PRIORITY_MAINTAIN"
"","B","src/articles/india/complex-social-challenges-demand-multisector-collaboration-pratham-shows.md","complex-social-challenges-demand-multisector-collaboration-pratham-shows","India","2026-09-17T21:30:33.000Z",95,"Complex Social Challenges Demand Multi‑Sector Collaboration, Pratham Shows","Factual news wire summary that adequately answers immediate user query.","N/A","NONE","MAINTAIN_SHORT_NEWS"
"P1","A","src/articles/india/congress-and-bjp-clash-over-brics-summit-declarations-diplomatic-impact.md","congress-and-bjp-clash-over-brics-summit-declarations-diplomatic-impact","India","2026-09-13T18:30:26.000Z",54,"Congress and BJP Clash Over BRICS Summit Declaration's Diplomatic Impact","High-value search query / commercial topic with severely compressed (<140 words) body text.","SOURCE VERIFICATION REQUIRED","NONE","ENRICH_P1"
"","B","src/articles/india/congress-mulls-response-after-nsui-loses-all-dusu-central-seats.md","congress-mulls-response-after-nsui-loses-all-dusu-central-seats","India","2026-09-21T21:30:29.000Z",59,"Congress Mulls Response After NSUI Loses All DUSU Central Seats","Factual news wire summary that adequately answers immediate user query.","N/A","NONE","MAINTAIN_SHORT_NEWS"
"","B","src/articles/india/congresss-udit-raj-urges-indiachina-talks-on-aksai-chin-ladakh-arunachal-and-trade.md","congresss-udit-raj-urges-indiachina-talks-on-aksai-chin-ladakh-arunachal-and-trade","India","2026-09-13T00:10:14.000Z",146,"Congress’s Udit Raj urges India‑China talks on Aksai Chin, Ladakh, Arunachal and trade","Concise breaking news alert or transactional notice; provides complete immediate facts.","N/A","NONE","MAINTAIN_SHORT_NEWS"
"","B","src/articles/india/deeptech-draws-574-million-in-2026-capturing-84-of-indias-vc-capital.md","deeptech-draws-574-million-in-2026-capturing-84-of-indias-vc-capital","India","2026-09-14T12:30:29.000Z",80,"Deeptech draws $574 million in 2026, capturing 84% of India's VC capital","Factual news wire summary that adequately answers immediate user query.","N/A","NONE","MAINTAIN_SHORT_NEWS"
"","B","src/articles/india/delhi-govt-to-inaugurate-slew-of-civic-infra-projects-during-pm-modis-birthday-celebr.md","delhi-govt-to-inaugurate-slew-of-civic-infra-projects-during-pm-modis-birthday-celebr","India","2026-08-30T14:36:12.000Z",148,"Delhi govt to inaugurate dozens of civic projects on PM Modi’s birthday","Factual news wire summary that adequately answers immediate user query.","N/A","NONE","MAINTAIN_SHORT_NEWS"
"","B","src/articles/india/delhi-high-court-threatens-to-freeze-dusu-results-over-campus-violence-summons-du-pol.md","delhi-high-court-threatens-to-freeze-dusu-results-over-campus-violence-summons-du-pol","India","2026-09-18T15:30:30.000Z",97,"Delhi High Court threatens to freeze DUSU results over campus violence, summons DU, police","Factual news wire summary that adequately answers immediate user query.","N/A","NONE","MAINTAIN_SHORT_NEWS"
"","B","src/articles/india/delhis-roll-revision-omits-4757-lakh-voters-karnataka-elite-flagged-for-verification.md","delhis-roll-revision-omits-4757-lakh-voters-karnataka-elite-flagged-for-verification","India","2026-09-11T23:10:05.000Z",119,"Delhi’s Roll Revision Omits 47.57 Lakh Voters; Karnataka Elite Flagged for Verification","Factual news wire summary that adequately answers immediate user query.","N/A","NONE","MAINTAIN_SHORT_NEWS"
"","B","src/articles/india/dhruv-vikram-steps-into-stunt-double-role-for-mythris-jackie-no-retakes-allowed.md","dhruv-vikram-steps-into-stunt-double-role-for-mythris-jackie-no-retakes-allowed","India","2026-09-19T18:30:27.000Z",143,"Dhruv Vikram steps into stunt double role for Mythri’s ‘Jackie – No Retakes Allowed’","Factual news wire summary that adequately answers immediate user query.","N/A","NONE","MAINTAIN_SHORT_NEWS"
"","B","src/articles/india/digitalisation-boosts-indian-welfare-transfers-raises-exclusion-concerns-study-finds.md","digitalisation-boosts-indian-welfare-transfers-raises-exclusion-concerns-study-finds","India","2026-09-15T16:30:33.000Z",80,"Digitalisation Boosts Indian Welfare Transfers, Raises Exclusion Concerns, Study Finds","Concise breaking news alert or transactional notice; provides complete immediate facts.","N/A","NONE","MAINTAIN_SHORT_NEWS"
"","B","src/articles/india/dotasra-accuses-bjp-of-fencing-independents-following-sikar-civic-polls.md","dotasra-accuses-bjp-of-fencing-independents-following-sikar-civic-polls","India","2026-09-13T05:10:19.000Z",100,"Dotasra Accuses BJP of Fencing Independents Following Sikar Civic Polls","Factual news wire summary that adequately answers immediate user query.","N/A","NONE","MAINTAIN_SHORT_NEWS"
"","B","src/articles/india/dragon-fruit-surges-in-indian-kitchens-offering-lowcalorie-fibrerich-nutrition.md","dragon-fruit-surges-in-indian-kitchens-offering-lowcalorie-fibrerich-nutrition","India","2026-09-18T21:30:31.000Z",95,"Dragon fruit surges in Indian kitchens, offering low‑calorie, fibre‑rich nutrition","Factual news wire summary that adequately answers immediate user query.","N/A","NONE","MAINTAIN_SHORT_NEWS"
"","B","src/articles/india/ed-raid-recovers-gold-watches-harish-rawat-steps-down-from-congress-posts.md","ed-raid-recovers-gold-watches-harish-rawat-steps-down-from-congress-posts","India","2026-09-13T11:10:07.000Z",65,"ED raid recovers gold, watches; Harish Rawat steps down from Congress posts","Factual news wire summary that adequately answers immediate user query.","N/A","NONE","MAINTAIN_SHORT_NEWS"
"","B","src/articles/india/ed-says-rs-1413160-cr-asset-recovery-wont-shield-vijay-mallya-from-moneylaundering-ca.md","ed-says-rs-1413160-cr-asset-recovery-wont-shield-vijay-mallya-from-moneylaundering-ca","India","2026-09-12T02:10:09.000Z",123,"ED says Rs 14,131.60 cr asset recovery won’t shield Vijay Mallya from money‑laundering case","Factual news wire summary that adequately answers immediate user query.","N/A","NONE","MAINTAIN_SHORT_NEWS"
"","B","src/articles/india/ed-sheeran-labels-gaza-conflict-catastrophic-and-unjustifiable-at-philadelphia-show.md","ed-sheeran-labels-gaza-conflict-catastrophic-and-unjustifiable-at-philadelphia-show","India","2026-09-20T23:30:26.000Z",52,"Ed Sheeran Labels Gaza Conflict ‘Catastrophic and Unjustifiable’ at Philadelphia Show","Factual news wire summary that adequately answers immediate user query.","N/A","NONE","MAINTAIN_SHORT_NEWS"
"","B","src/articles/india/epstein-files-doj-risks-contempt-as-todd-blanche-cites-wrong-law-in-federal-register.md","epstein-files-doj-risks-contempt-as-todd-blanche-cites-wrong-law-in-federal-register","India","2026-08-29T09:39:10.000Z",148,"DOJ Faces Contempt Risk After Mis‑citing Law in Epstein Files Filing","Factual news wire summary that adequately answers immediate user query.","N/A","NONE","MAINTAIN_SHORT_NEWS"
"","B","src/articles/india/exbengaluru-resident-cites-traffic-hard-water-bad-roads-yet-misses-one-thing-about-th.md","exbengaluru-resident-cites-traffic-hard-water-bad-roads-yet-misses-one-thing-about-th","India","2026-09-21T01:30:27.000Z",63,"Ex‑Bengaluru resident cites traffic, hard water, bad roads, yet misses one thing about the city","Factual news wire summary that adequately answers immediate user query.","N/A","NONE","MAINTAIN_SHORT_NEWS"
"","B","src/articles/india/filatex-india-surges-125-to-record-high-on-strong-volume-eyes-100-target.md","filatex-india-surges-125-to-record-high-on-strong-volume-eyes-100-target","India","2026-09-13T22:30:27.000Z",109,"Filatex India surges 12.5% to record high on strong volume, eyes 100 target","Factual news wire summary that adequately answers immediate user query.","N/A","NONE","MAINTAIN_SHORT_NEWS"
"","B","src/articles/india/final-fight-for-maratha-quota-manoj-jarange-begins-11th-hunger-strike-rejects-govts-k.md","final-fight-for-maratha-quota-manoj-jarange-begins-11th-hunger-strike-rejects-govts-k","India","2026-08-29T19:52:33.000Z",140,"Manoj Jarange launches 11th hunger strike, rejects govt's Kunbi certificate claim on Maratha quota","Factual news wire summary that adequately answers immediate user query.","N/A","NONE","MAINTAIN_SHORT_NEWS"
"","B","src/articles/india/five-baby-orangutans-found-in-odisha-forest-highlight-growing-wildlife-trafficking.md","five-baby-orangutans-found-in-odisha-forest-highlight-growing-wildlife-trafficking","India","2026-09-16T13:30:30.000Z",95,"Five Baby Orangutans Found in Odisha Forest Highlight Growing Wildlife Trafficking","Factual news wire summary that adequately answers immediate user query.","N/A","NONE","MAINTAIN_SHORT_NEWS"
"","B","src/articles/india/five-everyday-foods-packed-with-vitamin-b12-one-likely-already-in-your-fridge.md","five-everyday-foods-packed-with-vitamin-b12-one-likely-already-in-your-fridge","India","2026-09-16T23:30:26.000Z",114,"Five Everyday Foods Packed with Vitamin B12, One Likely Already in Your Fridge","Factual news wire summary that adequately answers immediate user query.","N/A","NONE","MAINTAIN_SHORT_NEWS"
"","B","src/articles/india/forgotten-trailblazers-sulochana-and-pramilas-pioneering-bollywood-legacy.md","forgotten-trailblazers-sulochana-and-pramilas-pioneering-bollywood-legacy","India","2026-09-18T09:30:26.000Z",51,"Forgotten Trailblazers: Sulochana and Pramila’s Pioneering Bollywood Legacy","Factual news wire summary that adequately answers immediate user query.","N/A","NONE","MAINTAIN_SHORT_NEWS"
"","B","src/articles/india/ganesh-chaturthi-sparks-debate-over-elephant-faced-deity-worship.md","ganesh-chaturthi-sparks-debate-over-elephant-faced-deity-worship","India","2026-09-14T13:30:27.000Z",79,"Ganesh Chaturthi Sparks Debate Over Elephant-Faced Deity Worship","Factual news wire summary that adequately answers immediate user query.","N/A","NONE","MAINTAIN_SHORT_NEWS"
"","B","src/articles/india/gangster-kala-jathedi-returns-to-tihar-jail-after-sonipat-parole.md","gangster-kala-jathedi-returns-to-tihar-jail-after-sonipat-parole","India","2026-09-21T15:31:21.000Z",63,"Gangster Kala Jathedi Returns to Tihar Jail After Sonipat Parole","Factual news wire summary that adequately answers immediate user query.","N/A","NONE","MAINTAIN_SHORT_NEWS"
"","B","src/articles/india/haiwaan-opens-to-tepid-response-nets-3-crore-on-day-one-despite-star-cast.md","haiwaan-opens-to-tepid-response-nets-3-crore-on-day-one-despite-star-cast","India","2026-09-13T16:10:07.000Z",47,"Haiwaan opens to tepid response, nets ₹3 crore on day one despite star cast","Factual news wire summary that adequately answers immediate user query.","N/A","NONE","MAINTAIN_SHORT_NEWS"
"","B","src/articles/india/hammer-unveils-wave-2-20w-rms-tws-speaker-with-dual-66mm-drivers-rgb-light-bluetooth.md","hammer-unveils-wave-2-20w-rms-tws-speaker-with-dual-66mm-drivers-rgb-light-bluetooth","India","2026-09-16T15:30:25.000Z",77,"HAMMER Unveils Wave 2: 20W RMS TWS Speaker with Dual 66mm Drivers, RGB Light, Bluetooth 6.0","Factual news wire summary that adequately answers immediate user query.","N/A","NONE","MAINTAIN_SHORT_NEWS"
"","B","src/articles/india/hindi-diwas-in-mandi-showcases-student-talent-and-languages-growing-digital-role.md","hindi-diwas-in-mandi-showcases-student-talent-and-languages-growing-digital-role","India","2026-09-15T01:30:26.000Z",101,"Hindi Diwas in Mandi Showcases Student Talent and Language’s Growing Digital Role","Factual news wire summary that adequately answers immediate user query.","N/A","NONE","MAINTAIN_SHORT_NEWS"
"","B","src/articles/india/hockey-india-announces-50-lakh-cash-award-for-womens-hockey-team-on-historic-5th-plac.md","hockey-india-announces-50-lakh-cash-award-for-womens-hockey-team-on-historic-5th-plac","India","2026-08-29T10:18:43.000Z",113,"Hockey India grants ₹50 lakh to women’s team for historic World Cup fifth‑place finish","Factual news wire summary that adequately answers immediate user query.","N/A","NONE","MAINTAIN_SHORT_NEWS"
"","B","src/articles/india/hyderabad-man-defrauded-of-rs-35-crore-in-extended-dating-app-scam.md","hyderabad-man-defrauded-of-rs-35-crore-in-extended-dating-app-scam","India","2026-09-13T08:10:07.000Z",54,"Hyderabad Man Defrauded of Rs 3.5 Crore in Extended Dating App Scam","Factual news wire summary that adequately answers immediate user query.","N/A","NONE","MAINTAIN_SHORT_NEWS"
"","B","src/articles/india/hyderabad-swelters-as-monsoon-heat-spikes-power-demand-past-4000mw.md","hyderabad-swelters-as-monsoon-heat-spikes-power-demand-past-4000mw","India","2026-09-18T16:30:25.000Z",141,"Hyderabad swelters as monsoon heat spikes power demand past 4,000MW","Factual news wire summary that adequately answers immediate user query.","N/A","NONE","MAINTAIN_SHORT_NEWS"
"","B","src/articles/india/imd-flags-deep-depression-likely-over-bay-of-bengal-odisha-alert-issued.md","imd-flags-deep-depression-likely-over-bay-of-bengal-odisha-alert-issued","India","2026-09-21T16:32:30.000Z",63,"IMD Flags Deep Depression Likely Over Bay of Bengal, Odisha Alert Issued","Factual news wire summary that adequately answers immediate user query.","N/A","NONE","MAINTAIN_SHORT_NEWS"
"P1","A","src/articles/india/india-accelerates-into-highgrowth-phase-of-global-electric-vehicle-market.md","india-accelerates-into-highgrowth-phase-of-global-electric-vehicle-market","India","2026-09-20T17:30:30.000Z",69,"India Accelerates Into High‑Growth Phase of Global Electric Vehicle Market","High-value search query / commercial topic with severely compressed (<140 words) body text.","SOURCE VERIFICATION REQUIRED","NONE","ENRICH_P1"
"P1","A","src/articles/india/india-launches-18th-brics-summit-at-new-delhis-bharat-mandapam-on-sept-12.md","india-launches-18th-brics-summit-at-new-delhis-bharat-mandapam-on-sept-12","India","2026-09-12T14:10:14.000Z",89,"India Launches 18th BRICS Summit at New Delhi’s Bharat Mandapam on Sept 12","High-value search query / commercial topic with severely compressed (<140 words) body text.","SOURCE VERIFICATION REQUIRED","NONE","ENRICH_P1"
"","B","src/articles/india/india-leads-swedish-business-climate-survey-tops-40-global-markets.md","india-leads-swedish-business-climate-survey-tops-40-global-markets","India","2026-09-19T17:30:27.000Z",85,"India Leads Swedish Business Climate Survey, Tops 40+ Global Markets","Factual news wire summary that adequately answers immediate user query.","N/A","NONE","MAINTAIN_SHORT_NEWS"
"","B","src/articles/india/india-lifts-2000-upi-fee-exemption-reopens-mdr-for-select-merchants.md","india-lifts-2000-upi-fee-exemption-reopens-mdr-for-select-merchants","India","2026-09-15T06:30:26.000Z",86,"India lifts ₹2,000 UPI fee exemption, reopens MDR for select merchants","Factual news wire summary that adequately answers immediate user query.","N/A","NONE","MAINTAIN_SHORT_NEWS"
"","B","src/articles/india/india-news-relief-as-stranded-maharashtra-citizens-return-from-flood-hit-nepal-expres.md","india-news-relief-as-stranded-maharashtra-citizens-return-from-flood-hit-nepal-expres","India","2026-08-29T12:39:08.000Z",118,"Maharashtra Citizens Rescued from Nepal Floods Praise State and Centre for Swift Action","Factual news wire summary that adequately answers immediate user query.","N/A","NONE","MAINTAIN_SHORT_NEWS"
"P1","A","src/articles/india/india-pushes-for-shared-brics-satellite-network-at-2026-summit.md","india-pushes-for-shared-brics-satellite-network-at-2026-summit","India","2026-09-13T17:30:25.000Z",58,"India pushes for shared BRICS satellite network at 2026 summit","High-value search query / commercial topic with severely compressed (<140 words) body text.","SOURCE VERIFICATION REQUIRED","NONE","ENRICH_P1"
"P1","A","src/articles/india/india-renegotiates-mauritius-singapore-cyprus-treaties-to-reclaim-capital-gains-tax.md","india-renegotiates-mauritius-singapore-cyprus-treaties-to-reclaim-capital-gains-tax","India","2026-09-16T21:30:27.000Z",96,"India renegotiates Mauritius, Singapore, Cyprus treaties to reclaim capital gains tax","High-value search query / commercial topic with severely compressed (<140 words) body text.","SOURCE VERIFICATION REQUIRED","NONE","ENRICH_P1"
"","B","src/articles/india/india-u-19-defeats-australia-by-7-runs-in-rain-affected-thriller-at-rajkot.md","india-u-19-defeats-australia-by-7-runs-in-rain-affected-thriller-at-rajkot","India","2026-09-19T05:30:40.000Z",79,"India U-19 Defeats Australia by 7 Runs in Rain-Affected Thriller at Rajkot","Factual news wire summary that adequately answers immediate user query.","N/A","NONE","MAINTAIN_SHORT_NEWS"
"","B","src/articles/india/india-us-yudh-abhyas-2026-kicks-off-with-joint-drills-and-indigenous-rampur-hounds.md","india-us-yudh-abhyas-2026-kicks-off-with-joint-drills-and-indigenous-rampur-hounds","India","2026-09-22T00:30:27.000Z",105,"India-US Yudh Abhyas 2026 Kicks Off with Joint Drills and Indigenous Rampur Hounds","Factual news wire summary that adequately answers immediate user query.","N/A","NONE","MAINTAIN_SHORT_NEWS"
"","C","src/articles/india/indian-origin-anila-baby-arrested-in-california-for-murders-of-two-malayali-friends.md","indian-origin-anila-baby-arrested-in-california-for-murders-of-two-malayali-friends","India","2026-09-12T23:10:08.000Z",38,"Indian-origin Anila Baby arrested in California for murders of two Malayali friends","Single commercial product listing, fleeting social item, or ultra-niche micro-notice with minimal search shelf-life.","N/A","NONE","LOW_PRIORITY_MAINTAIN"
"","B","src/articles/india/indian-parents-turn-to-vedic-scriptures-for-distinctive-baby-boy-names.md","indian-parents-turn-to-vedic-scriptures-for-distinctive-baby-boy-names","India","2026-09-18T01:30:34.000Z",97,"Indian Parents Turn to Vedic Scriptures for Distinctive Baby Boy Names","Factual news wire summary that adequately answers immediate user query.","N/A","NONE","MAINTAIN_SHORT_NEWS"
"","B","src/articles/india/indias-fighter-jet-engine-quest-stalls-after-four-decades.md","indias-fighter-jet-engine-quest-stalls-after-four-decades","India","2026-09-18T04:30:28.000Z",59,"India’s Fighter Jet Engine Quest Stalls After Four Decades","Factual news wire summary that adequately answers immediate user query.","N/A","NONE","MAINTAIN_SHORT_NEWS"
"","B","src/articles/india/indias-stateowned-refineries-face-supply-uncertainty-amid-middle-east-disruptions.md","indias-stateowned-refineries-face-supply-uncertainty-amid-middle-east-disruptions","India","2026-09-17T15:30:28.000Z",90,"India’s State‑Owned Refineries Face Supply Uncertainty Amid Middle East Disruptions","Factual news wire summary that adequately answers immediate user query.","N/A","NONE","MAINTAIN_SHORT_NEWS"
"","B","src/articles/india/isl-appoints-karan-yadav-as-ceo-ushering-in-clubled-governance-model.md","isl-appoints-karan-yadav-as-ceo-ushering-in-clubled-governance-model","India","2026-09-21T19:30:31.000Z",58,"ISL appoints Karan Yadav as CEO, ushering in club‑led governance model","Factual news wire summary that adequately answers immediate user query.","N/A","NONE","MAINTAIN_SHORT_NEWS"
"","B","src/articles/india/joint-meeting-with-hamali-unions-soon-on-wage-hike.md","joint-meeting-with-hamali-unions-soon-on-wage-hike","India","2026-08-29T09:36:33.000Z",107,"Hamali Unions to Meet Government Over Rs 28‑to‑Rs 40 Wage Hike Demand","Factual news wire summary that adequately answers immediate user query.","N/A","NONE","MAINTAIN_SHORT_NEWS"
"","B","src/articles/india/karnataka-cm-pushes-lidar-survey-to-map-western-ghats-opposes-kasturirangan-esa-draft.md","karnataka-cm-pushes-lidar-survey-to-map-western-ghats-opposes-kasturirangan-esa-draft","India","2026-09-22T02:30:36.000Z",100,"Karnataka CM pushes LiDAR survey to map Western Ghats, opposes Kasturirangan ESA draft","Factual news wire summary that adequately answers immediate user query.","N/A","NONE","MAINTAIN_SHORT_NEWS"
"","B","src/articles/india/karnataka-high-court-sda-recruitment-2026-deadline-hits-today-20-posts-open.md","karnataka-high-court-sda-recruitment-2026-deadline-hits-today-20-posts-open","India","2026-09-11T21:10:08.000Z",97,"Karnataka High Court SDA Recruitment 2026 Deadline Hits Today, 20 Posts Open","Factual news wire summary that adequately answers immediate user query.","N/A","NONE","MAINTAIN_SHORT_NEWS"
"","B","src/articles/india/karnataka-man-rides-twowheeler-with-six-kids-five-in-metal-basket-video-sparks-outrag.md","karnataka-man-rides-twowheeler-with-six-kids-five-in-metal-basket-video-sparks-outrag","India","2026-09-22T04:30:24.000Z",61,"Karnataka Man Rides Two‑Wheeler with Six Kids, Five in Metal Basket, Video Sparks Outrage","Factual news wire summary that adequately answers immediate user query.","N/A","NONE","MAINTAIN_SHORT_NEWS"
"","B","src/articles/india/karnataka-sit-raids-ten-sites-in-six-states-over-dodderi-fake-drug-ring.md","karnataka-sit-raids-ten-sites-in-six-states-over-dodderi-fake-drug-ring","India","2026-09-12T00:10:17.000Z",88,"Karnataka SIT raids ten sites in six states over Dodderi fake drug ring","Factual news wire summary that adequately answers immediate user query.","N/A","NONE","MAINTAIN_SHORT_NEWS"
"","B","src/articles/india/keerthy-suresh-flaunts-tamilkerala-pride-at-tiff-2026-highlighting-south-indian-grand.md","keerthy-suresh-flaunts-tamilkerala-pride-at-tiff-2026-highlighting-south-indian-grand","India","2026-09-16T12:30:27.000Z",72,"Keerthy Suresh Flaunts Tamil‑Kerala Pride at TIFF 2026, Highlighting South Indian Grandeur","Factual news wire summary that adequately answers immediate user query.","N/A","NONE","MAINTAIN_SHORT_NEWS"
"","B","src/articles/india/maharashtra-exam-date-shift-upends-careers-marriages-finances.md","maharashtra-exam-date-shift-upends-careers-marriages-finances","India","2026-09-11T22:10:05.000Z",88,"Maharashtra Exam Date Shift Upends Careers, Marriages, Finances","Factual news wire summary that adequately answers immediate user query.","N/A","NONE","MAINTAIN_SHORT_NEWS"
"","B","src/articles/india/maharashtra-fda-suspends-olympia-coffee-house-licence-over-hygiene-violations.md","maharashtra-fda-suspends-olympia-coffee-house-licence-over-hygiene-violations","India","2026-09-18T07:30:39.000Z",52,"Maharashtra FDA Suspends Olympia Coffee House Licence Over Hygiene Violations","Factual news wire summary that adequately answers immediate user query.","N/A","NONE","MAINTAIN_SHORT_NEWS"
"","B","src/articles/india/mahindra-to-unveil-facelifted-thar-suv-tomorrow-sep-22-2026.md","mahindra-to-unveil-facelifted-thar-suv-tomorrow-sep-22-2026","India","2026-09-21T14:30:53.000Z",70,"Mahindra to Unveil Facelifted Thar SUV Tomorrow, Sep 22, 2026","Factual news wire summary that adequately answers immediate user query.","N/A","NONE","MAINTAIN_SHORT_NEWS"
"","C","src/articles/india/malaysia-pm-anwar-ibrahim-sings-kishore-kumar-classic-at-delhi-brics-gala.md","malaysia-pm-anwar-ibrahim-sings-kishore-kumar-classic-at-delhi-brics-gala","India","2026-09-13T17:10:08.000Z",39,"Malaysia PM Anwar Ibrahim sings Kishore Kumar classic at Delhi BRICS gala","Single commercial product listing, fleeting social item, or ultra-niche micro-notice with minimal search shelf-life.","N/A","NONE","LOW_PRIORITY_MAINTAIN"
"","B","src/articles/india/manjeet-kaurs-final-video-shows-they-set-me-on-fire-first-arrest-made.md","manjeet-kaurs-final-video-shows-they-set-me-on-fire-first-arrest-made","India","2026-09-13T01:10:10.000Z",90,"Manjeet Kaur’s Final Video Shows ‘They Set Me On Fire’, First Arrest Made","Factual news wire summary that adequately answers immediate user query.","N/A","NONE","MAINTAIN_SHORT_NEWS"
"","C","src/articles/india/mazda-art-festival-showcases-indias-rich-and-varied-artistic-diversity.md","mazda-art-festival-showcases-indias-rich-and-varied-artistic-diversity","India","2026-09-20T11:30:25.000Z",43,"Mazda Art Festival Showcases India's Rich and Varied Artistic Diversity","Single commercial product listing, fleeting social item, or ultra-niche micro-notice with minimal search shelf-life.","N/A","NONE","LOW_PRIORITY_MAINTAIN"
"","B","src/articles/india/mecl-signs-mou-with-nbcc-to-renovate-and-upgrade-nagpur-corporate-headquarters.md","mecl-signs-mou-with-nbcc-to-renovate-and-upgrade-nagpur-corporate-headquarters","India","2026-09-12T01:10:10.000Z",91,"MECL signs MoU with NBCC to renovate and upgrade Nagpur corporate headquarters","Concise breaking news alert or transactional notice; provides complete immediate facts.","N/A","NONE","MAINTAIN_SHORT_NEWS"
"","B","src/articles/india/modi-calls-on-brics-business-council-to-cut-trade-barriers-boost-startups.md","modi-calls-on-brics-business-council-to-cut-trade-barriers-boost-startups","India","2026-09-12T03:10:10.000Z",101,"Modi Calls on BRICS Business Council to Cut Trade Barriers, Boost Startups","Factual news wire summary that adequately answers immediate user query.","N/A","NONE","MAINTAIN_SHORT_NEWS"
"","B","src/articles/india/modi-greets-ethiopias-abiy-ahmed-at-new-delhis-bharat-mandapam-during-brics-2026.md","modi-greets-ethiopias-abiy-ahmed-at-new-delhis-bharat-mandapam-during-brics-2026","India","2026-09-12T21:10:10.000Z",50,"Modi greets Ethiopia's Abiy Ahmed at New Delhi's Bharat Mandapam during BRICS 2026","Factual news wire summary that adequately answers immediate user query.","N/A","NONE","MAINTAIN_SHORT_NEWS"
"","B","src/articles/india/modi-to-hand-out-51000-government-job-letters-at-20th-rozgar-mela.md","modi-to-hand-out-51000-government-job-letters-at-20th-rozgar-mela","India","2026-09-19T20:30:26.000Z",70,"Modi to Hand Out 51,000+ Government Job Letters at 20th Rozgar Mela","Factual news wire summary that adequately answers immediate user query.","N/A","NONE","MAINTAIN_SHORT_NEWS"
"","B","src/articles/india/modi-xi-meet-in-new-delhi-emphasize-border-peace-at-brics-2026.md","modi-xi-meet-in-new-delhi-emphasize-border-peace-at-brics-2026","India","2026-09-13T02:10:09.000Z",88,"Modi, Xi Meet in New Delhi, Emphasize Border Peace at BRICS 2026","Factual news wire summary that adequately answers immediate user query.","N/A","NONE","MAINTAIN_SHORT_NEWS"
"","B","src/articles/india/mohit-suri-teams-with-ram-gopal-varma-on-yrfbacked-twohero-gangster-film.md","mohit-suri-teams-with-ram-gopal-varma-on-yrfbacked-twohero-gangster-film","India","2026-09-13T20:30:25.000Z",93,"Mohit Suri Teams with Ram Gopal Varma on YRF‑Backed Two‑Hero Gangster Film","Factual news wire summary that adequately answers immediate user query.","N/A","NONE","MAINTAIN_SHORT_NEWS"
"","C","src/articles/india/money-plant-care-sunlight-vs-shade-find-the-ideal-spot-for-lush-growth.md","money-plant-care-sunlight-vs-shade-find-the-ideal-spot-for-lush-growth","India","2026-09-19T00:30:25.000Z",97,"Money Plant Care: Sunlight vs Shade – Find the Ideal Spot for Lush Growth","Single commercial product listing, fleeting social item, or ultra-niche micro-notice with minimal search shelf-life.","N/A","NONE","LOW_PRIORITY_MAINTAIN"
"","B","src/articles/india/mosquitoes-thrive-in-indian-bathrooms-5-simple-fixes-to-stop-them.md","mosquitoes-thrive-in-indian-bathrooms-5-simple-fixes-to-stop-them","India","2026-09-16T18:30:35.000Z",98,"Mosquitoes Thrive in Indian Bathrooms: 5 Simple Fixes to Stop Them","Factual news wire summary that adequately answers immediate user query.","N/A","NONE","MAINTAIN_SHORT_NEWS"
"","C","src/articles/india/moxy-bengaluru-airport-prestige-tech-cloud-names-jegan-babu-as-new-food-beverage-mana.md","moxy-bengaluru-airport-prestige-tech-cloud-names-jegan-babu-as-new-food-beverage-mana","India","2026-09-21T20:30:28.000Z",36,"Moxy Bengaluru Airport Prestige Tech Cloud names Jegan Babu as new Food & Beverage manager","Single commercial product listing, fleeting social item, or ultra-niche micro-notice with minimal search shelf-life.","N/A","NONE","LOW_PRIORITY_MAINTAIN"
"","C","src/articles/india/mumbai-police-constable-loses-rs-112-lakh-in-matrimonial-gift-fraud.md","mumbai-police-constable-loses-rs-112-lakh-in-matrimonial-gift-fraud","India","2026-09-21T04:30:24.000Z",33,"Mumbai Police Constable Loses Rs 11.2 Lakh in Matrimonial Gift Fraud","Single commercial product listing, fleeting social item, or ultra-niche micro-notice with minimal search shelf-life.","N/A","NONE","LOW_PRIORITY_MAINTAIN"
"","B","src/articles/india/neha-dhupia-says-motherhood-has-shaken-her-confidence-ahead-of-roadies-rebirth.md","neha-dhupia-says-motherhood-has-shaken-her-confidence-ahead-of-roadies-rebirth","India","2026-09-12T16:10:08.000Z",56,"Neha Dhupia says motherhood has shaken her confidence ahead of Roadies Rebirth","Factual news wire summary that adequately answers immediate user query.","N/A","NONE","MAINTAIN_SHORT_NEWS"
"","B","src/articles/india/netflix-unveils-first-look-for-unaccustomed-earth-series-starring-freida-pinto.md","netflix-unveils-first-look-for-unaccustomed-earth-series-starring-freida-pinto","India","2026-09-19T09:31:08.000Z",118,"Netflix Unveils First Look for 'Unaccustomed Earth' Series Starring Freida Pinto","Factual news wire summary that adequately answers immediate user query.","N/A","NONE","MAINTAIN_SHORT_NEWS"
"","B","src/articles/india/never-rejected-nepal-clears-stand-on-foreign-support-amid-rescue-seeks-specialised-as.md","never-rejected-nepal-clears-stand-on-foreign-support-amid-rescue-seeks-specialised-as","India","2026-08-30T04:52:34.000Z",125,"Nepal Refutes Rejection Claims, Requests Specialized Flood Aid from India, China","Factual news wire summary that adequately answers immediate user query.","N/A","NONE","MAINTAIN_SHORT_NEWS"
"","B","src/articles/india/nxp-unveils-easyevse-platform-with-rw612-mcu-at-electronica-india-2026.md","nxp-unveils-easyevse-platform-with-rw612-mcu-at-electronica-india-2026","India","2026-09-20T15:30:26.000Z",50,"NXP Unveils EasyEVSE Platform with RW612 MCU at Electronica India 2026","Factual news wire summary that adequately answers immediate user query.","N/A","NONE","MAINTAIN_SHORT_NEWS"
"","B","src/articles/india/odisha-bjp-youth-wing-sets-world-record-collects-8810-blood-units-on-pm-modis-birthda.md","odisha-bjp-youth-wing-sets-world-record-collects-8810-blood-units-on-pm-modis-birthda","India","2026-09-18T05:30:29.000Z",90,"Odisha BJP Youth Wing Sets World Record, Collects 8,810 Blood Units on PM Modi’s Birthday","Factual news wire summary that adequately answers immediate user query.","N/A","NONE","MAINTAIN_SHORT_NEWS"
"","B","src/articles/india/ott-week-preview-16-new-titles-debut-on-netflix-prime-video-jiohotstar-sep-1420.md","ott-week-preview-16-new-titles-debut-on-netflix-prime-video-jiohotstar-sep-1420","India","2026-09-14T14:30:25.000Z",114,"OTT Week Preview: 16 New Titles Debut on Netflix, Prime Video, JioHotstar (Sep 14‑20)","Factual news wire summary that adequately answers immediate user query.","N/A","NONE","MAINTAIN_SHORT_NEWS"
"P2","A","src/articles/india/pm-modi-arrives-in-uzbekistan-for-2-day-visit-gets-warm-welcome-from-president-mirziy.md","pm-modi-arrives-in-uzbekistan-for-2-day-visit-gets-warm-welcome-from-president-mirziy","India","2026-08-30T02:52:45.000Z",122,"PM Modi arrives in Uzbekistan, welcomed by President Mirziyoyev for trade, defence talks","High-value search query / commercial topic with severely compressed (<140 words) body text.","SOURCE VERIFICATION REQUIRED","NONE","ENRICH_P2"
"","B","src/articles/india/pm-modi-begins-central-asia-visit-to-strengthen-indias-strategic-partnerships-and-pus.md","pm-modi-begins-central-asia-visit-to-strengthen-indias-strategic-partnerships-and-pus","India","2026-08-29T18:52:35.000Z",146,"Modi Launches Central Asia Tour to Bolster Strategic Ties and Regional Security","Factual news wire summary that adequately answers immediate user query.","N/A","NONE","MAINTAIN_SHORT_NEWS"
"","B","src/articles/india/psu-lenders-to-appeal-nclt-approval-of-subhash-chandras-rs-65-cr-repayment-plan.md","psu-lenders-to-appeal-nclt-approval-of-subhash-chandras-rs-65-cr-repayment-plan","India","2026-08-30T03:52:35.000Z",118,"PSU Lenders to Appeal NCLT Sanction of Subhash Chandra’s Rs 6.5 Cr Repayment Plan","Factual news wire summary that adequately answers immediate user query.","N/A","NONE","MAINTAIN_SHORT_NEWS"
"","B","src/articles/india/punjab-employee-unrest-puts-aap-on-the-back-foot.md","punjab-employee-unrest-puts-aap-on-the-back-foot","India","2026-08-30T09:52:33.000Z",123,"Punjab Government Employee Unrest Challenges AAP Ahead of Assembly Vote","Factual news wire summary that adequately answers immediate user query.","N/A","NONE","MAINTAIN_SHORT_NEWS"
"","B","src/articles/india/punjab-lecturer-cadre-2026-admit-card-released-on-official-portal.md","punjab-lecturer-cadre-2026-admit-card-released-on-official-portal","India","2026-09-17T20:30:29.000Z",54,"Punjab Lecturer Cadre 2026 Admit Card Released on Official Portal","Factual news wire summary that adequately answers immediate user query.","N/A","NONE","MAINTAIN_SHORT_NEWS"
"","B","src/articles/india/rajasthan-urban-local-body-count-starts-bjp-leads-early-over-congress.md","rajasthan-urban-local-body-count-starts-bjp-leads-early-over-congress","India","2026-09-14T10:30:51.000Z",78,"Rajasthan Urban Local Body Count Starts, BJP Leads Early Over Congress","Factual news wire summary that adequately answers immediate user query.","N/A","NONE","MAINTAIN_SHORT_NEWS"
"","B","src/articles/india/raveena-tandon-reveals-nighttime-prank-that-broke-the-ice-with-karisma-kapoor-on-anda.md","raveena-tandon-reveals-nighttime-prank-that-broke-the-ice-with-karisma-kapoor-on-anda","India","2026-09-17T22:30:25.000Z",148,"Raveena Tandon Reveals Night‑time Prank That Broke the Ice with Karisma Kapoor on ‘Andaz Apna Apna’","Factual news wire summary that adequately answers immediate user query.","N/A","NONE","MAINTAIN_SHORT_NEWS"
"","B","src/articles/india/rescued-from-nepal-floods-21-tn-pilgrims-meet-eam-at-delhi-airport.md","rescued-from-nepal-floods-21-tn-pilgrims-meet-eam-at-delhi-airport","India","2026-08-29T10:39:05.000Z",137,"21 Tamil Nadu pilgrims rescued from Nepal floods meet EAM at Delhi airport","Factual news wire summary that adequately answers immediate user query.","N/A","NONE","MAINTAIN_SHORT_NEWS"
"","B","src/articles/india/school-assembly-broadcast-delivers-top-news-thought-history-to-students.md","school-assembly-broadcast-delivers-top-news-thought-history-to-students","India","2026-09-17T11:30:26.000Z",50,"School Assembly Broadcast Delivers Top News, Thought & History to Students","Factual news wire summary that adequately answers immediate user query.","N/A","NONE","MAINTAIN_SHORT_NEWS"
"","B","src/articles/india/september-snow-blankets-himalayan-peaks-as-cold-wave-hits-north-india.md","september-snow-blankets-himalayan-peaks-as-cold-wave-hits-north-india","India","2026-09-18T18:30:30.000Z",127,"September Snow Blankets Himalayan Peaks as Cold Wave Hits North India","Factual news wire summary that adequately answers immediate user query.","N/A","NONE","MAINTAIN_SHORT_NEWS"
"","B","src/articles/india/shah-rukh-khan-says-king-release-stays-on-schedule-despite-onset-injuries.md","shah-rukh-khan-says-king-release-stays-on-schedule-despite-onset-injuries","India","2026-09-15T22:30:27.000Z",50,"Shah Rukh Khan says 'King' release stays on schedule despite on‑set injuries","Factual news wire summary that adequately answers immediate user query.","N/A","NONE","MAINTAIN_SHORT_NEWS"
"","B","src/articles/india/shaheen-bhatt-recalls-prank-on-fouryearold-alia-saying-she-wasnt-their-parents-child.md","shaheen-bhatt-recalls-prank-on-fouryearold-alia-saying-she-wasnt-their-parents-child","India","2026-09-12T15:36:24.000Z",85,"Shaheen Bhatt recalls prank on four‑year‑old Alia, saying she ‘wasn’t their parents’ child’","Factual news wire summary that adequately answers immediate user query.","N/A","NONE","MAINTAIN_SHORT_NEWS"
"","B","src/articles/india/snakes-in-flower-pots-five-garden-species-explained-not-to-panic.md","snakes-in-flower-pots-five-garden-species-explained-not-to-panic","India","2026-09-18T02:30:24.000Z",103,"Snakes in Flower Pots: Five Garden Species Explained, Not to Panic","Factual news wire summary that adequately answers immediate user query.","N/A","NONE","MAINTAIN_SHORT_NEWS"
"","B","src/articles/india/south-indian-breads-offer-crisp-soft-and-smoky-alternatives-to-naan.md","south-indian-breads-offer-crisp-soft-and-smoky-alternatives-to-naan","India","2026-09-21T23:30:24.000Z",61,"South Indian breads offer crisp, soft and smoky alternatives to naan","Factual news wire summary that adequately answers immediate user query.","N/A","NONE","MAINTAIN_SHORT_NEWS"
"P1","A","src/articles/india/sp-mp-slams-bjp-for-excluding-opposition-chief-ministers-from-new-delhi-brics-summit.md","sp-mp-slams-bjp-for-excluding-opposition-chief-ministers-from-new-delhi-brics-summit","India","2026-09-14T22:30:41.000Z",62,"SP MP slams BJP for excluding opposition chief ministers from New Delhi BRICS summit","High-value search query / commercial topic with severely compressed (<140 words) body text.","SOURCE VERIFICATION REQUIRED","NONE","ENRICH_P1"
"","B","src/articles/india/speeding-mahindra-thar-kills-57yearold-dairy-operator-in-jaipur-collision.md","speeding-mahindra-thar-kills-57yearold-dairy-operator-in-jaipur-collision","India","2026-09-22T01:30:31.000Z",66,"Speeding Mahindra Thar Kills 57‑Year‑Old Dairy Operator in Jaipur Collision","Factual news wire summary that adequately answers immediate user query.","N/A","NONE","MAINTAIN_SHORT_NEWS"
"","B","src/articles/india/srabani-nanda-lauds-polands-spaa-olympic-centre-as-sprint-training-boost-for-india.md","srabani-nanda-lauds-polands-spaa-olympic-centre-as-sprint-training-boost-for-india","India","2026-09-13T04:10:08.000Z",50,"Srabani Nanda lauds Poland's Spała Olympic Centre as sprint training boost for India","Factual news wire summary that adequately answers immediate user query.","N/A","NONE","MAINTAIN_SHORT_NEWS"
"","B","src/articles/india/srm-school-of-law-hosts-landmark-lecture-on-sustainability-law-and-human-rights.md","srm-school-of-law-hosts-landmark-lecture-on-sustainability-law-and-human-rights","India","2026-09-12T13:10:13.000Z",87,"SRM School of Law Hosts Landmark Lecture on Sustainability, Law and Human Rights","Factual news wire summary that adequately answers immediate user query.","N/A","NONE","MAINTAIN_SHORT_NEWS"
"P1","A","src/articles/india/supreme-court-takes-up-manav-bhanot-vs-nhai-dispute-over-debt-resolution.md","supreme-court-takes-up-manav-bhanot-vs-nhai-dispute-over-debt-resolution","India","2026-09-10T08:47:49.000Z",128,"Supreme Court Takes Up Manav Bhanot vs. NHAI Dispute Over Debt Resolution","High-value search query / commercial topic with severely compressed (<140 words) body text.","SOURCE VERIFICATION REQUIRED","NONE","ENRICH_P1"
"P1","A","src/articles/india/surat-trader-allegedly-stolen-of-gold-worth-rs-195-cr-and-aed-128-lakh-at-mumbai-airp.md","surat-trader-allegedly-stolen-of-gold-worth-rs-195-cr-and-aed-128-lakh-at-mumbai-airp","India","2026-09-12T06:10:06.000Z",81,"Surat Trader Allegedly Stolen of Gold Worth Rs 1.95 Cr and AED 1.28 Lakh at Mumbai Airport","High-value search query / commercial topic with severely compressed (<140 words) body text.","SOURCE VERIFICATION REQUIRED","NONE","ENRICH_P1"
"","B","src/articles/india/tejashwi-yadav-urges-bihar-cm-to-install-lifesize-statues-of-three-late-leaders.md","tejashwi-yadav-urges-bihar-cm-to-install-lifesize-statues-of-three-late-leaders","India","2026-09-12T10:10:06.000Z",100,"Tejashwi Yadav urges Bihar CM to install life‑size statues of three late leaders","Factual news wire summary that adequately answers immediate user query.","N/A","NONE","MAINTAIN_SHORT_NEWS"
"","B","src/articles/india/toxic-box-office-collection-day-3-live-updates-yash-film-eyes-rs-30-cr-day-4-after-ea.md","toxic-box-office-collection-day-3-live-updates-yash-film-eyes-rs-30-cr-day-4-after-ea","India","2026-08-29T14:39:23.000Z",144,"Yash’s ‘Toxic’ pulls Rs 221.45 cr globally by Day 3, targets Rs 30 cr on Day 4","Factual news wire summary that adequately answers immediate user query.","N/A","NONE","MAINTAIN_SHORT_NEWS"
"","B","src/articles/india/uttar-pradesh-cabinet-approves-transfer-of-26-hectares-for-nsg-centre-in-ayodhya.md","uttar-pradesh-cabinet-approves-transfer-of-26-hectares-for-nsg-centre-in-ayodhya","India","2026-09-16T22:30:25.000Z",65,"Uttar Pradesh Cabinet Approves Transfer of 26 Hectares for NSG Centre in Ayodhya","Concise breaking news alert or transactional notice; provides complete immediate facts.","N/A","NONE","MAINTAIN_SHORT_NEWS"
"","B","src/articles/india/vice-president-radhakrishnan-urges-educational-institutions-to-become-global-research.md","vice-president-radhakrishnan-urges-educational-institutions-to-become-global-research","India","2026-08-30T00:52:35.000Z",124,"Vice President Radhakrishnan calls for Indian colleges to become global research hubs","Factual news wire summary that adequately answers immediate user query.","N/A","NONE","MAINTAIN_SHORT_NEWS"
"P1","A","src/articles/india/vivo-india-launches-its-new-vivo-buds-earbuds-with-long-battery-and-noisecancellation.md","vivo-india-launches-its-new-vivo-buds-earbuds-with-long-battery-and-noisecancellation","India","2026-09-12T19:10:05.000Z",73,"vivo India launches its new vivo Buds earbuds with long battery and noise‑cancellation","High-value search query / commercial topic with severely compressed (<140 words) body text.","SOURCE VERIFICATION REQUIRED","NONE","ENRICH_P1"
"","B","src/articles/india/vp-cp-radhakrishnan-to-attend-upasi-trf-centenary-conference-in-tamil-nadu.md","vp-cp-radhakrishnan-to-attend-upasi-trf-centenary-conference-in-tamil-nadu","India","2026-09-21T17:30:26.000Z",90,"VP C.P. Radhakrishnan to Attend UPASI TRF Centenary Conference in Tamil Nadu","Factual news wire summary that adequately answers immediate user query.","N/A","NONE","MAINTAIN_SHORT_NEWS"
"","C","src/articles/india/west-bengal-bypolls-left-announces-nandigram-rejinagar-candidates-as-tmc-splits.md","west-bengal-bypolls-left-announces-nandigram-rejinagar-candidates-as-tmc-splits","India","2026-09-13T06:10:05.000Z",38,"West Bengal Bypolls: Left Announces Nandigram, Rejinagar Candidates as TMC Splits","Single commercial product listing, fleeting social item, or ultra-niche micro-notice with minimal search shelf-life.","N/A","NONE","LOW_PRIORITY_MAINTAIN"
"","B","src/articles/india/why-was-vaibhav-sooryavanshi-not-selected-in-india-u-19-squad-bcci-rule-is-the-reason.md","why-was-vaibhav-sooryavanshi-not-selected-in-india-u-19-squad-bcci-rule-is-the-reason","India","2026-08-29T11:21:11.000Z",145,"BCCI rule bars Vaibhav Sooryavanshi from India U‑19 squad despite strong performances","Factual news wire summary that adequately answers immediate user query.","N/A","NONE","MAINTAIN_SHORT_NEWS"
"P2","A","src/articles/india/workshop-at-ooty-explores-space-science-human-biology.md","workshop-at-ooty-explores-space-science-human-biology","India","2026-08-29T17:52:33.000Z",132,"Astro‑Bio 2026 Workshop in Ooty Examines Space Simulation and Human Biology","High-value search query / commercial topic with severely compressed (<140 words) body text.","SOURCE VERIFICATION REQUIRED","NONE","ENRICH_P2"
"P1","A","src/articles/india/wrestleractor-saurav-gurjar-arrested-at-mumbai-airport-on-sexual-exploitation-charges.md","wrestleractor-saurav-gurjar-arrested-at-mumbai-airport-on-sexual-exploitation-charges","India","2026-09-21T02:30:24.000Z",75,"Wrestler‑actor Saurav Gurjar arrested at Mumbai airport on sexual exploitation charges","High-value search query / commercial topic with severely compressed (<140 words) body text.","SOURCE VERIFICATION REQUIRED","NONE","ENRICH_P1"
"","B","src/articles/india/wwe-smackdown-free-live-streaming-online-august-28-get-wrestling-weekly-episode-live.md","wwe-smackdown-free-live-streaming-online-august-28-get-wrestling-weekly-episode-live","India","2026-08-29T11:04:23.000Z",145,"WWE SmackDown Live on Aug 28, 2026: US TV, Peacock & Netflix Stream Details","Factual news wire summary that adequately answers immediate user query.","N/A","NONE","MAINTAIN_SHORT_NEWS"
"","B","src/articles/india/yangi-uzbekistan-monument-reflects-aspirations-of-uzbek-people-pm-modi.md","yangi-uzbekistan-monument-reflects-aspirations-of-uzbek-people-pm-modi","India","2026-08-30T06:52:34.000Z",127,"Modi says Yangi Uzbekistan Monument Symbolizes Uzbek Aspirations During Bilateral Visit","Factual news wire summary that adequately answers immediate user query.","N/A","NONE","MAINTAIN_SHORT_NEWS"
"","B","src/articles/sports/1979-beetles-tribute-team-wins-21st-annual-parker-youth-golf-tournament.md","1979-beetles-tribute-team-wins-21st-annual-parker-youth-golf-tournament","Sports","2026-09-12T09:05:09.000Z",99,"1979 Beetles Tribute Team Wins 21st Annual Parker Youth Golf Tournament","Factual news wire summary that adequately answers immediate user query.","N/A","NONE","MAINTAIN_SHORT_NEWS"
"","B","src/articles/sports/911-as-generational-line-author-sees-it-as-memory-for-millennials-history-for-gen-z.md","911-as-generational-line-author-sees-it-as-memory-for-millennials-history-for-gen-z","Sports","2026-09-12T03:05:09.000Z",113,"9/11 as generational line: Author sees it as memory for millennials, history for Gen Z","Factual news wire summary that adequately answers immediate user query.","N/A","NONE","MAINTAIN_SHORT_NEWS"
"","B","src/articles/sports/abhishek-sharmas-82-off-32-fuels-indias-7-wicket-win-over-afghanistan-in-1st-t20i.md","abhishek-sharmas-82-off-32-fuels-indias-7-wicket-win-over-afghanistan-in-1st-t20i","Sports","2026-09-14T05:17:18.000Z",50,"Abhishek Sharma's 82 off 32 fuels India's 7-wicket win over Afghanistan in 1st T20I","Factual news wire summary that adequately answers immediate user query.","N/A","NONE","MAINTAIN_SHORT_NEWS"
"","B","src/articles/sports/alex-neil-urges-millwall-to-build-on-newcastle-display-ahead-of-vital-week.md","alex-neil-urges-millwall-to-build-on-newcastle-display-ahead-of-vital-week","Sports","2026-09-11T19:06:42.000Z",86,"Alex Neil Urges Millwall to Build on Newcastle Display Ahead of Vital Week","Factual news wire summary that adequately answers immediate user query.","N/A","NONE","MAINTAIN_SHORT_NEWS"
"","B","src/articles/sports/asakura-ko-prop-tops-ufc-shanghai-weekend-lock.md","asakura-ko-prop-tops-ufc-shanghai-weekend-lock","Sports","2026-08-29T11:32:01.000Z",142,"Kai Asakura Favored for KO/TKO in UFC Shanghai Main Event","Factual news wire summary that adequately answers immediate user query.","N/A","NONE","MAINTAIN_SHORT_NEWS"
"","C","src/articles/sports/atlanta-hawks-waive-former-lottery-pick-devin-carter-roster-still-over-limit.md","atlanta-hawks-waive-former-lottery-pick-devin-carter-roster-still-over-limit","Sports","2026-09-12T19:05:02.000Z",40,"Atlanta Hawks waive former lottery pick Devin Carter, roster still over limit","Single commercial product listing, fleeting social item, or ultra-niche micro-notice with minimal search shelf-life.","N/A","NONE","LOW_PRIORITY_MAINTAIN"
"","B","src/articles/sports/ben-shelton-books-us-open-final-eyes-first-us-mens-title-in-23-years.md","ben-shelton-books-us-open-final-eyes-first-us-mens-title-in-23-years","Sports","2026-09-12T17:05:07.000Z",51,"Ben Shelton books US Open final, eyes first US men's title in 23 years","Factual news wire summary that adequately answers immediate user query.","N/A","NONE","MAINTAIN_SHORT_NEWS"
"","B","src/articles/sports/bengals-shift-focus-to-adversity-ahead-of-season-opener-vs-buccaneers.md","bengals-shift-focus-to-adversity-ahead-of-season-opener-vs-buccaneers","Sports","2026-09-13T13:05:47.000Z",91,"Bengals Shift Focus to Adversity Ahead of Season Opener vs Buccaneers","Factual news wire summary that adequately answers immediate user query.","N/A","NONE","MAINTAIN_SHORT_NEWS"
"","B","src/articles/sports/bivol-eyes-december-wbo-mandatory-vs-smith-eyes-2027-blockbuster.md","bivol-eyes-december-wbo-mandatory-vs-smith-eyes-2027-blockbuster","Sports","2026-09-17T23:17:34.000Z",73,"Bivol eyes December WBO mandatory vs Smith, eyes 2027 blockbuster","Factual news wire summary that adequately answers immediate user query.","N/A","NONE","MAINTAIN_SHORT_NEWS"
"","B","src/articles/sports/brics-international-football-alliance-opens-india-chapter-to-boost-unity-through-spor.md","brics-international-football-alliance-opens-india-chapter-to-boost-unity-through-spor","Sports","2026-09-13T23:17:18.000Z",68,"BRICS International Football Alliance Opens India Chapter to Boost Unity Through Sport","Factual news wire summary that adequately answers immediate user query.","N/A","NONE","MAINTAIN_SHORT_NEWS"
"","B","src/articles/sports/bucy-nets-six-as-allegany-thumps-hampshire-10-0.md","bucy-nets-six-as-allegany-thumps-hampshire-10-0","Sports","2026-09-22T01:17:20.000Z",79,"Bucy nets six as Allegany thumps Hampshire 10-0","Factual news wire summary that adequately answers immediate user query.","N/A","NONE","MAINTAIN_SHORT_NEWS"
"","B","src/articles/sports/cbnc-previews-2026-nfl-season-with-power-rankings-draft-picks-and-award-outlook.md","cbnc-previews-2026-nfl-season-with-power-rankings-draft-picks-and-award-outlook","Sports","2026-09-12T05:05:10.000Z",94,"CBNC previews 2026 NFL season with power rankings, draft picks and award outlook","Factual news wire summary that adequately answers immediate user query.","N/A","NONE","MAINTAIN_SHORT_NEWS"
"","C","src/articles/sports/chelsea-poised-to-table-100m-bid-for-real-madrid-midfielder-says-xabi-alonso.md","chelsea-poised-to-table-100m-bid-for-real-madrid-midfielder-says-xabi-alonso","Sports","2026-09-17T19:17:19.000Z",42,"Chelsea poised to table €100m bid for Real Madrid midfielder, says Xabi Alonso","Single commercial product listing, fleeting social item, or ultra-niche micro-notice with minimal search shelf-life.","N/A","NONE","LOW_PRIORITY_MAINTAIN"
"","B","src/articles/sports/chiefs-top-broncos-as-mahomes-walker-kelce-nix-and-waddle-shine.md","chiefs-top-broncos-as-mahomes-walker-kelce-nix-and-waddle-shine","Sports","2026-09-15T15:17:19.000Z",67,"Chiefs Top Broncos as Mahomes, Walker, Kelce, Nix, and Waddle Shine","Factual news wire summary that adequately answers immediate user query.","N/A","NONE","MAINTAIN_SHORT_NEWS"
"","B","src/articles/sports/cole-palmer-pulls-out-of-england-squad-with-minor-muscle-injury-ahead-of-nations-leag.md","cole-palmer-pulls-out-of-england-squad-with-minor-muscle-injury-ahead-of-nations-leag","Sports","2026-09-21T23:17:25.000Z",117,"Cole Palmer pulls out of England squad with minor muscle injury ahead of Nations League","Factual news wire summary that adequately answers immediate user query.","N/A","NONE","MAINTAIN_SHORT_NEWS"
"","B","src/articles/sports/congress-leader-salman-khurshid-comments-on-indias-refusal-to-accept-asia-cup-trophy.md","congress-leader-salman-khurshid-comments-on-indias-refusal-to-accept-asia-cup-trophy","Sports","2026-09-14T19:17:23.000Z",63,"Congress Leader Salman Khurshid Comments on India's Refusal to Accept Asia Cup Trophy","Factual news wire summary that adequately answers immediate user query.","N/A","NONE","MAINTAIN_SHORT_NEWS"
"","B","src/articles/sports/delhi-capitals-plan-coaching-overhaul-with-chaminda-vaas-and-sourav-ganguly.md","delhi-capitals-plan-coaching-overhaul-with-chaminda-vaas-and-sourav-ganguly","Sports","2026-09-14T23:17:43.000Z",88,"Delhi Capitals Plan Coaching Overhaul With Chaminda Vaas and Sourav Ganguly","Factual news wire summary that adequately answers immediate user query.","N/A","NONE","MAINTAIN_SHORT_NEWS"
"","B","src/articles/sports/derbyshires-aneurin-donald-to-make-england-t20-debut-at-rose-bowl-against-sri-lanka.md","derbyshires-aneurin-donald-to-make-england-t20-debut-at-rose-bowl-against-sri-lanka","Sports","2026-09-15T03:17:21.000Z",94,"Derbyshire’s Aneurin Donald to make England T20 debut at Rose Bowl against Sri Lanka","Factual news wire summary that adequately answers immediate user query.","N/A","NONE","MAINTAIN_SHORT_NEWS"
"","B","src/articles/sports/diana-edulji-urges-harmanpreet-kaur-to-pass-captaincy-to-smriti-mandhana.md","diana-edulji-urges-harmanpreet-kaur-to-pass-captaincy-to-smriti-mandhana","Sports","2026-09-18T17:17:25.000Z",118,"Diana Edulji urges Harmanpreet Kaur to pass captaincy to Smriti Mandhana","Concise breaking news alert or transactional notice; provides complete immediate facts.","N/A","NONE","MAINTAIN_SHORT_NEWS"
"","B","src/articles/sports/dodgers-prospect-josue-de-paula-belts-416-foot-homer-for-first-mlb-hit.md","dodgers-prospect-josue-de-paula-belts-416-foot-homer-for-first-mlb-hit","Sports","2026-09-14T15:17:37.000Z",61,"Dodgers Prospect Josue De Paula Belts 416-Foot Homer for First MLB Hit","Factual news wire summary that adequately answers immediate user query.","N/A","NONE","MAINTAIN_SHORT_NEWS"
"","B","src/articles/sports/eci-assigns-new-symbols-to-mamata-banerjee-and-arup-roy-tmc-factions-ahead-of-oct-6-b.md","eci-assigns-new-symbols-to-mamata-banerjee-and-arup-roy-tmc-factions-ahead-of-oct-6-b","Sports","2026-09-18T21:18:38.000Z",81,"ECI assigns new symbols to Mamata Banerjee and Arup Roy TMC factions ahead of Oct 6 bypoll","Concise breaking news alert or transactional notice; provides complete immediate facts.","N/A","NONE","MAINTAIN_SHORT_NEWS"
"","B","src/articles/sports/edinburgh-castle-rockers-face-belfast-wolves-in-etpl-2026-final-at-dublin.md","edinburgh-castle-rockers-face-belfast-wolves-in-etpl-2026-final-at-dublin","Sports","2026-09-20T23:17:21.000Z",64,"Edinburgh Castle Rockers Face Belfast Wolves in ETPL 2026 Final at Dublin","Factual news wire summary that adequately answers immediate user query.","N/A","NONE","MAINTAIN_SHORT_NEWS"
"","B","src/articles/sports/flix-bautista-vows-orioles-comeback-after-2025-shoulder-surgery.md","flix-bautista-vows-orioles-comeback-after-2025-shoulder-surgery","Sports","2026-09-21T09:17:19.000Z",55,"Félix Bautista vows Orioles comeback after 2025 shoulder surgery","Factual news wire summary that adequately answers immediate user query.","N/A","NONE","MAINTAIN_SHORT_NEWS"
"","B","src/articles/sports/freeman-praises-notre-dame-after-27-10-win-over-michigan-state.md","freeman-praises-notre-dame-after-27-10-win-over-michigan-state","Sports","2026-09-20T19:17:19.000Z",63,"Freeman praises Notre Dame after 27-10 win over Michigan State","Factual news wire summary that adequately answers immediate user query.","N/A","NONE","MAINTAIN_SHORT_NEWS"
"","B","src/articles/sports/fulham-edge-west-ham-3-2-in-carabao-cup-london-derby-oscar-bobb-clinches-win.md","fulham-edge-west-ham-3-2-in-carabao-cup-london-derby-oscar-bobb-clinches-win","Sports","2026-09-16T15:17:22.000Z",77,"Fulham edge West Ham 3-2 in Carabao Cup London derby, Oscar Bobb clinches win","Factual news wire summary that adequately answers immediate user query.","N/A","NONE","MAINTAIN_SHORT_NEWS"
"","C","src/articles/sports/hamilton-slams-barrier-in-practice-defies-team-orders-to-stop.md","hamilton-slams-barrier-in-practice-defies-team-orders-to-stop","Sports","2026-09-12T23:05:02.000Z",38,"Hamilton slams barrier in practice, defies team orders to stop","Single commercial product listing, fleeting social item, or ultra-niche micro-notice with minimal search shelf-life.","N/A","NONE","LOW_PRIORITY_MAINTAIN"
"","B","src/articles/sports/harbaughs-grueling-camp-readies-giants-for-rams-showdown-after-dallas-win.md","harbaughs-grueling-camp-readies-giants-for-rams-showdown-after-dallas-win","Sports","2026-09-17T11:17:19.000Z",87,"Harbaugh’s grueling camp readies Giants for Rams showdown after Dallas win","Factual news wire summary that adequately answers immediate user query.","N/A","NONE","MAINTAIN_SHORT_NEWS"
"","B","src/articles/sports/hibernian-aberdeen-under-fire-as-fans-demand-answers-ahead-of-cup-quarter-finals.md","hibernian-aberdeen-under-fire-as-fans-demand-answers-ahead-of-cup-quarter-finals","Sports","2026-09-12T07:05:02.000Z",89,"Hibernian, Aberdeen under fire as fans demand answers ahead of cup quarter-finals","Factual news wire summary that adequately answers immediate user query.","N/A","NONE","MAINTAIN_SHORT_NEWS"
"","B","src/articles/sports/hornets-split-pool-play-at-greater-kansas-city-softball-invitational-with-one-whammy.md","hornets-split-pool-play-at-greater-kansas-city-softball-invitational-with-one-whammy","Sports","2026-08-29T11:22:54.000Z",135,"Hornets Split Pool Play at Greater Kansas City Softball Invitational, 4-2 Loss, 17-0 Win","Factual news wire summary that adequately answers immediate user query.","N/A","NONE","MAINTAIN_SHORT_NEWS"
"","B","src/articles/sports/i-am-the-king-deep-dasgupta-reveals-how-sourav-ganguly-transformed-team-indias-mindse.md","i-am-the-king-deep-dasgupta-reveals-how-sourav-ganguly-transformed-team-indias-mindse","Sports","2026-08-30T03:06:19.000Z",142,"Deep Dasgupta says Sourav Ganguly reshaped India's cricket mindset on sledging","Factual news wire summary that adequately answers immediate user query.","N/A","NONE","MAINTAIN_SHORT_NEWS"
"","B","src/articles/sports/india-announces-30shooter-squad-for-2026-asian-games-in-nagoya.md","india-announces-30shooter-squad-for-2026-asian-games-in-nagoya","Sports","2026-09-19T21:17:26.000Z",49,"India Announces 30‑Shooter Squad for 2026 Asian Games in Nagoya","Factual news wire summary that adequately answers immediate user query.","N/A","NONE","MAINTAIN_SHORT_NEWS"
"","B","src/articles/sports/india-clinches-asia-cup-as-pcb-chief-skips-trophy-handover.md","india-clinches-asia-cup-as-pcb-chief-skips-trophy-handover","Sports","2026-09-15T05:17:18.000Z",80,"India Clinches Asia Cup as PCB Chief Skips Trophy Hand‑over","Factual news wire summary that adequately answers immediate user query.","N/A","NONE","MAINTAIN_SHORT_NEWS"
"","B","src/articles/sports/india-to-host-west-indies-for-5th-t20i-at-bengaluru-on-oct-17-2026.md","india-to-host-west-indies-for-5th-t20i-at-bengaluru-on-oct-17-2026","Sports","2026-09-18T19:17:55.000Z",143,"India to host West Indies for 5th T20I at Bengaluru on Oct 17, 2026","Factual news wire summary that adequately answers immediate user query.","N/A","NONE","MAINTAIN_SHORT_NEWS"
"","B","src/articles/sports/india-women-choose-to-bat-first-in-asian-games-semifinal-vs-bangladesh.md","india-women-choose-to-bat-first-in-asian-games-semifinal-vs-bangladesh","Sports","2026-09-20T17:17:18.000Z",94,"India Women Choose to Bat First in Asian Games Semifinal vs Bangladesh","Factual news wire summary that adequately answers immediate user query.","N/A","NONE","MAINTAIN_SHORT_NEWS"
"","B","src/articles/sports/indiana-state-aims-for-second-straight-win-against-valparaiso-at-memorial-stadium.md","indiana-state-aims-for-second-straight-win-against-valparaiso-at-memorial-stadium","Sports","2026-09-18T11:17:19.000Z",75,"Indiana State aims for second straight win against Valparaiso at Memorial Stadium","Factual news wire summary that adequately answers immediate user query.","N/A","NONE","MAINTAIN_SHORT_NEWS"
"","B","src/articles/sports/inter-miamis-nu-stadium-to-host-2027-womens-champions-cup-semi-finals-and-final.md","inter-miamis-nu-stadium-to-host-2027-womens-champions-cup-semi-finals-and-final","Sports","2026-09-21T05:17:21.000Z",109,"Inter Miami’s Nu Stadium to Host 2027 Women’s Champions Cup Semi-Finals and Final","Factual news wire summary that adequately answers immediate user query.","N/A","NONE","MAINTAIN_SHORT_NEWS"
"","C","src/articles/sports/iowa-meets-michigan-in-football-showdown-on-sept-26-2026.md","iowa-meets-michigan-in-football-showdown-on-sept-26-2026","Sports","2026-09-22T07:17:41.000Z",44,"Iowa Meets Michigan in Football Showdown on Sept. 26, 2026","Single commercial product listing, fleeting social item, or ultra-niche micro-notice with minimal search shelf-life.","N/A","NONE","LOW_PRIORITY_MAINTAIN"
"","B","src/articles/sports/jamie-carragher-likens-arsenals-mikel-arteta-to-sir-alex-ferguson-after-referee-rant.md","jamie-carragher-likens-arsenals-mikel-arteta-to-sir-alex-ferguson-after-referee-rant","Sports","2026-09-15T19:17:22.000Z",77,"Jamie Carragher likens Arsenal's Mikel Arteta to Sir Alex Ferguson after referee rant","Factual news wire summary that adequately answers immediate user query.","N/A","NONE","MAINTAIN_SHORT_NEWS"
"","B","src/articles/sports/jayden-danns-out-for-liverpooltottenham-carabao-cup-three-others-in-contention.md","jayden-danns-out-for-liverpooltottenham-carabao-cup-three-others-in-contention","Sports","2026-09-15T21:17:19.000Z",102,"Jayden Danns out for Liverpool‑Tottenham Carabao Cup; three others in contention","Factual news wire summary that adequately answers immediate user query.","N/A","NONE","MAINTAIN_SHORT_NEWS"
"","B","src/articles/sports/joe-root-eclipses-tendulkars-test-fifty-record-in-englands-win-over-pakistan.md","joe-root-eclipses-tendulkars-test-fifty-record-in-englands-win-over-pakistan","Sports","2026-09-13T01:05:04.000Z",62,"Joe Root eclipses Tendulkar’s Test fifty record in England’s win over Pakistan","Factual news wire summary that adequately answers immediate user query.","N/A","NONE","MAINTAIN_SHORT_NEWS"
"","C","src/articles/sports/lightning-halts-clemson-unc-football-clash-at-home-stadium-due-to-lightning.md","lightning-halts-clemson-unc-football-clash-at-home-stadium-due-to-lightning","Sports","2026-09-20T07:17:40.000Z",44,"Lightning Halts Clemson-UNC Football Clash at Home Stadium Due to Lightning","Single commercial product listing, fleeting social item, or ultra-niche micro-notice with minimal search shelf-life.","N/A","NONE","LOW_PRIORITY_MAINTAIN"
"","B","src/articles/sports/logano-clinches-bristol-win-as-hocevars-third-place-sparks-pit-fight-with-blaney.md","logano-clinches-bristol-win-as-hocevars-third-place-sparks-pit-fight-with-blaney","Sports","2026-09-20T15:17:19.000Z",76,"Logano clinches Bristol win as Hocevar’s third place sparks pit fight with Blaney","Factual news wire summary that adequately answers immediate user query.","N/A","NONE","MAINTAIN_SHORT_NEWS"
"","B","src/articles/sports/man-united-cite-dowman-rooney-claims-in-jj-gabriels-transfer-request.md","man-united-cite-dowman-rooney-claims-in-jj-gabriels-transfer-request","Sports","2026-09-22T09:17:20.000Z",119,"Man United cite Dowman, Rooney claims in JJ Gabriel’s transfer request","Concise breaking news alert or transactional notice; provides complete immediate facts.","N/A","NONE","MAINTAIN_SHORT_NEWS"
"","B","src/articles/sports/mayo-tops-se-minnesota-soccer-rankings-after-late-win-over-john-marshall.md","mayo-tops-se-minnesota-soccer-rankings-after-late-win-over-john-marshall","Sports","2026-09-20T05:17:19.000Z",101,"Mayo Tops SE Minnesota Soccer Rankings After Late Win Over John Marshall","Factual news wire summary that adequately answers immediate user query.","N/A","NONE","MAINTAIN_SHORT_NEWS"
"","B","src/articles/sports/mizutani-why-is-vikings-quarterback-jj-mccarthy-so-polarizing.md","mizutani-why-is-vikings-quarterback-jj-mccarthy-so-polarizing","Sports","2026-08-29T13:00:17.000Z",147,"Vikings quarterback J.J. McCarthy’s polarizing rise sparks fan and media debate","Factual news wire summary that adequately answers immediate user query.","N/A","NONE","MAINTAIN_SHORT_NEWS"
"","B","src/articles/sports/norris-on-pole-as-hamiltons-brake-failure-ends-his-spanish-gp-run.md","norris-on-pole-as-hamiltons-brake-failure-ends-his-spanish-gp-run","Sports","2026-09-14T01:17:18.000Z",53,"Norris on pole as Hamilton's brake failure ends his Spanish GP run","Factual news wire summary that adequately answers immediate user query.","N/A","NONE","MAINTAIN_SHORT_NEWS"
"","B","src/articles/sports/ole-miss-rolls-past-charlotte-41-9-in-a-comfortable-dominant-win.md","ole-miss-rolls-past-charlotte-41-9-in-a-comfortable-dominant-win","Sports","2026-09-13T15:05:05.000Z",63,"Ole Miss rolls past Charlotte 41-9 in a comfortable, dominant win","Factual news wire summary that adequately answers immediate user query.","N/A","NONE","MAINTAIN_SHORT_NEWS"
"","C","src/articles/sports/pelicans-sign-guard-markquis-nowell-to-exhibit10-deal-set-for-gleague-squad.md","pelicans-sign-guard-markquis-nowell-to-exhibit10-deal-set-for-gleague-squad","Sports","2026-09-20T01:17:34.000Z",93,"Pelicans sign guard Markquis Nowell to Exhibit‑10 deal, set for G‑League squad","Single commercial product listing, fleeting social item, or ultra-niche micro-notice with minimal search shelf-life.","N/A","NONE","LOW_PRIORITY_MAINTAIN"
"","C","src/articles/sports/protesters-ejected-from-irish-open-seventh-green-as-trump-arrives.md","protesters-ejected-from-irish-open-seventh-green-as-trump-arrives","Sports","2026-09-13T19:17:20.000Z",38,"Protesters Ejected from Irish Open Seventh Green as Trump Arrives","Single commercial product listing, fleeting social item, or ultra-niche micro-notice with minimal search shelf-life.","N/A","NONE","LOW_PRIORITY_MAINTAIN"
"","B","src/articles/sports/rangers-near-return-of-key-bullpen-arm-as-peyton-gray-shows-full-velocity.md","rangers-near-return-of-key-bullpen-arm-as-peyton-gray-shows-full-velocity","Sports","2026-09-20T11:17:18.000Z",56,"Rangers Near Return of Key Bullpen Arm as Peyton Gray Shows Full Velocity","Factual news wire summary that adequately answers immediate user query.","N/A","NONE","MAINTAIN_SHORT_NEWS"
"","B","src/articles/sports/riq-woolen-blanks-four-targets-in-dominant-eagles-debut-performance.md","riq-woolen-blanks-four-targets-in-dominant-eagles-debut-performance","Sports","2026-09-16T11:17:18.000Z",67,"Riq Woolen blanks four targets in dominant Eagles debut performance","Factual news wire summary that adequately answers immediate user query.","N/A","NONE","MAINTAIN_SHORT_NEWS"
"","B","src/articles/sports/roadsters-pitching-stifles-coast-series-tied-in-playoff-showdown.md","roadsters-pitching-stifles-coast-series-tied-in-playoff-showdown","Sports","2026-09-13T07:05:05.000Z",46,"Roadsters' Pitching Stifles Coast, Series Tied in Playoff Showdown","Factual news wire summary that adequately answers immediate user query.","N/A","NONE","MAINTAIN_SHORT_NEWS"
"","B","src/articles/sports/rohit-sharmas-world-cup-prospects-in-focus-as-selectors-convene-for-west-indies-odis.md","rohit-sharmas-world-cup-prospects-in-focus-as-selectors-convene-for-west-indies-odis","Sports","2026-09-16T17:17:19.000Z",99,"Rohit Sharma’s World Cup Prospects in Focus as Selectors Convene for West Indies ODIs","Factual news wire summary that adequately answers immediate user query.","N/A","NONE","MAINTAIN_SHORT_NEWS"
"","B","src/articles/sports/sandeep-patil-says-rohit-sharma-virat-kohlis-inclusion-poses-no-issue-for-2027-world.md","sandeep-patil-says-rohit-sharma-virat-kohlis-inclusion-poses-no-issue-for-2027-world","Sports","2026-09-21T17:17:22.000Z",48,"Sandeep Patil says Rohit Sharma, Virat Kohli’s inclusion poses no issue for 2027 World Cup","Factual news wire summary that adequately answers immediate user query.","N/A","NONE","MAINTAIN_SHORT_NEWS"
"","B","src/articles/sports/skyland-conference-names-boys-soccer-players-of-the-week-for-sept-15.md","skyland-conference-names-boys-soccer-players-of-the-week-for-sept-15","Sports","2026-09-15T23:17:40.000Z",45,"Skyland Conference Names Boys Soccer Players of the Week for Sept. 15","Factual news wire summary that adequately answers immediate user query.","N/A","NONE","MAINTAIN_SHORT_NEWS"
"","B","src/articles/sports/south-webster-jeeps-hold-minford-falcons-to-0-0-draw-in-soc-iii-showdown.md","south-webster-jeeps-hold-minford-falcons-to-0-0-draw-in-soc-iii-showdown","Sports","2026-09-19T13:17:21.000Z",50,"South Webster Jeeps Hold Minford Falcons to 0-0 Draw in SOC III Showdown","Factual news wire summary that adequately answers immediate user query.","N/A","NONE","MAINTAIN_SHORT_NEWS"
"","B","src/articles/sports/state-college-football-secures-crucial-road-win-over-commonwealth-rival-bishop-mcdevi.md","state-college-football-secures-crucial-road-win-over-commonwealth-rival-bishop-mcdevi","Sports","2026-09-12T15:05:20.000Z",81,"State College Football Secures Crucial Road Win Over Commonwealth Rival Bishop McDevitt","Factual news wire summary that adequately answers immediate user query.","N/A","NONE","MAINTAIN_SHORT_NEWS"
"","B","src/articles/sports/thompson-twins-become-nbas-highestpaid-brothers-with-363-million-extensions.md","thompson-twins-become-nbas-highestpaid-brothers-with-363-million-extensions","Sports","2026-09-19T19:17:16.000Z",88,"Thompson twins become NBA’s highest‑paid brothers with $363 million extensions","Factual news wire summary that adequately answers immediate user query.","N/A","NONE","MAINTAIN_SHORT_NEWS"
"","C","src/articles/sports/tottenham-hotspur-set-to-face-aston-villa-in-saturday-premier-league-clash-preview.md","tottenham-hotspur-set-to-face-aston-villa-in-saturday-premier-league-clash-preview","Sports","2026-09-17T21:17:21.000Z",34,"Tottenham Hotspur set to face Aston Villa in Saturday Premier League clash – preview","Single commercial product listing, fleeting social item, or ultra-niche micro-notice with minimal search shelf-life.","N/A","NONE","LOW_PRIORITY_MAINTAIN"
"","B","src/articles/sports/turnovers-seal-34-7-owatonna-victory-over-century.md","turnovers-seal-34-7-owatonna-victory-over-century","Sports","2026-09-19T05:17:18.000Z",74,"Turnovers Seal 34-7 Owatonna Victory Over Century","Factual news wire summary that adequately answers immediate user query.","N/A","NONE","MAINTAIN_SHORT_NEWS"
"","B","src/articles/sports/und-rallies-late-scores-three-q4-tds-to-beat-portland-state-47-23.md","und-rallies-late-scores-three-q4-tds-to-beat-portland-state-47-23","Sports","2026-09-13T21:17:19.000Z",71,"UND rallies late, scores three Q4 TDs to beat Portland State 47-23","Concise breaking news alert or transactional notice; provides complete immediate facts.","N/A","NONE","MAINTAIN_SHORT_NEWS"
"","B","src/articles/sports/us-open-champion-urges-alcaraz-sinner-to-sustain-dominance-as-grand-slam-reign-falter.md","us-open-champion-urges-alcaraz-sinner-to-sustain-dominance-as-grand-slam-reign-falter","Sports","2026-09-13T05:05:45.000Z",74,"US Open champion urges Alcaraz, Sinner to sustain dominance as Grand Slam reign falters","Factual news wire summary that adequately answers immediate user query.","N/A","NONE","MAINTAIN_SHORT_NEWS"
"P1","A","src/articles/sports/vanderbilt-snatches-win-with-lastsecond-td-after-nc-state-fumble-on-intentional-safet.md","vanderbilt-snatches-win-with-lastsecond-td-after-nc-state-fumble-on-intentional-safet","Sports","2026-09-20T09:17:17.000Z",76,"Vanderbilt snatches win with last‑second TD after NC State fumble on intentional safety","High-value search query / commercial topic with severely compressed (<140 words) body text.","SOURCE VERIFICATION REQUIRED","NONE","ENRICH_P1"
"","B","src/articles/sports/vikings-weigh-jj-mccarthys-future-after-naming-kyler-murray-starter.md","vikings-weigh-jj-mccarthys-future-after-naming-kyler-murray-starter","Sports","2026-09-18T03:17:17.000Z",62,"Vikings Weigh J.J. McCarthy’s Future After Naming Kyler Murray Starter","Factual news wire summary that adequately answers immediate user query.","N/A","NONE","MAINTAIN_SHORT_NEWS"
"","B","src/articles/sports/westchester-country-day-rallies-past-caldwell-2-1-claims-top-ncisaa-2a-spot.md","westchester-country-day-rallies-past-caldwell-2-1-claims-top-ncisaa-2a-spot","Sports","2026-09-22T11:17:58.000Z",86,"Westchester Country Day rallies past Caldwell 2-1, claims top NCISAA 2A spot","Factual news wire summary that adequately answers immediate user query.","N/A","NONE","MAINTAIN_SHORT_NEWS"
"","B","src/articles/sports/yannick-cahuzac-steps-in-as-interim-lens-manager-amid-postsage-transition.md","yannick-cahuzac-steps-in-as-interim-lens-manager-amid-postsage-transition","Sports","2026-09-22T03:17:20.000Z",125,"Yannick Cahuzac Steps In as Interim Lens Manager Amid Post‑Sage Transition","Factual news wire summary that adequately answers immediate user query.","N/A","NONE","MAINTAIN_SHORT_NEWS"
"P2","A","src/articles/sports/zverev-advances-to-us-open-final-eyes-sheltontiafoe-winner.md","zverev-advances-to-us-open-final-eyes-sheltontiafoe-winner","Sports","2026-09-12T11:05:05.000Z",81,"Zverev advances to US Open final, eyes Shelton‑Tiafoe winner","High-value search query / commercial topic with severely compressed (<140 words) body text.","SOURCE VERIFICATION REQUIRED","NONE","ENRICH_P2"
"","C","src/articles/sports/zverevs-alcaraz-comment-sparks-buzz-ahead-of-us-open-final.md","zverevs-alcaraz-comment-sparks-buzz-ahead-of-us-open-final","Sports","2026-09-13T03:05:04.000Z",41,"Zverev's Alcaraz comment sparks buzz ahead of US Open final","Single commercial product listing, fleeting social item, or ultra-niche micro-notice with minimal search shelf-life.","N/A","NONE","LOW_PRIORITY_MAINTAIN"
"P1","A","src/articles/tech/700-delegates-convene-at-fourth-chinaasean-ai-forum-in-nanning.md","700-delegates-convene-at-fourth-chinaasean-ai-forum-in-nanning","Tech","2026-09-20T17:24:03.000Z",78,"700+ Delegates Convene at Fourth China‑ASEAN AI Forum in Nanning","High-value search query / commercial topic with severely compressed (<140 words) body text.","SOURCE VERIFICATION REQUIRED","NONE","ENRICH_P1"
"P0","A","src/articles/tech/ai-nova-tab-set-for-india-launch-via-flipkart-reveals-orange-option-and-flat-rear-des.md","ai-nova-tab-set-for-india-launch-via-flipkart-reveals-orange-option-and-flat-rear-des","Tech","2026-09-21T21:24:05.000Z",73,"Ai+ Nova Tab Set for India Launch via Flipkart, Reveals Orange Option and Flat Rear Design","High-value search query / commercial topic with severely compressed (<140 words) body text.","SOURCE EVIDENCE ALREADY PRESENT","NONE","ENRICH_P0"
"P1","A","src/articles/tech/ai-photo-prompts-empower-personalized-ganesh-chaturthi-images-and-invitations.md","ai-photo-prompts-empower-personalized-ganesh-chaturthi-images-and-invitations","Tech","2026-09-13T19:24:11.000Z",89,"AI Photo Prompts Empower Personalized Ganesh Chaturthi Images and Invitations","High-value search query / commercial topic with severely compressed (<140 words) body text.","SOURCE VERIFICATION REQUIRED","NONE","ENRICH_P1"
"","C","src/articles/tech/ai-titans-anthropic-openai-spacexai-google-accused-of-antitrust-slowdown-deal.md","ai-titans-anthropic-openai-spacexai-google-accused-of-antitrust-slowdown-deal","Tech","2026-09-20T13:24:23.000Z",55,"AI Titans Anthropic, OpenAI, SpaceXAI, Google Accused of Antitrust Slowdown Deal","Single commercial product listing, fleeting social item, or ultra-niche micro-notice with minimal search shelf-life.","N/A","NONE","LOW_PRIORITY_MAINTAIN"
"P1","A","src/articles/tech/ai-visibility-tools-clash-41-vs-23-on-key-prompts-precision-over-accuracy.md","ai-visibility-tools-clash-41-vs-23-on-key-prompts-precision-over-accuracy","Tech","2026-09-18T07:24:07.000Z",86,"AI Visibility Tools Clash: 41% vs 23% on Key Prompts, Precision Over Accuracy","High-value search query / commercial topic with severely compressed (<140 words) body text.","SOURCE VERIFICATION REQUIRED","NONE","ENRICH_P1"
"P1","A","src/articles/tech/air-india-expands-ai-partnership-with-salesforce-to-automate-passenger-services.md","air-india-expands-ai-partnership-with-salesforce-to-automate-passenger-services","Tech","2026-09-16T15:24:00.000Z",94,"Air India expands AI partnership with Salesforce to automate passenger services","High-value search query / commercial topic with severely compressed (<140 words) body text.","SOURCE VERIFICATION REQUIRED","NONE","ENRICH_P1"
"P1","A","src/articles/tech/albanese-seeks-bigtech-backing-for-childonline-safety-laws-and-ai-rules-after-tim-coo.md","albanese-seeks-bigtech-backing-for-childonline-safety-laws-and-ai-rules-after-tim-coo","Tech","2026-09-21T15:24:18.000Z",91,"Albanese seeks big‑tech backing for child‑online safety laws and AI rules after Tim Cook meeting","High-value search query / commercial topic with severely compressed (<140 words) body text.","SOURCE VERIFICATION REQUIRED","NONE","ENRICH_P1"
"","B","src/articles/tech/amazon-to-close-mechanical-turk-amid-rise-of-ai.md","amazon-to-close-mechanical-turk-amid-rise-of-ai","Tech","2026-08-29T10:19:24.000Z",145,"Amazon Announces Shutdown of Mechanical Turk Platform as AI Alternatives Expand","Concise breaking news alert or transactional notice; provides complete immediate facts.","N/A","NONE","MAINTAIN_SHORT_NEWS"
"P1","A","src/articles/tech/anthropic-adds-coordinator-to-claude-projects-boosting-parallel-ai-work.md","anthropic-adds-coordinator-to-claude-projects-boosting-parallel-ai-work","Tech","2026-09-18T19:24:16.000Z",67,"Anthropic Adds Coordinator to Claude Projects, Boosting Parallel AI Work","High-value search query / commercial topic with severely compressed (<140 words) body text.","SOURCE VERIFICATION REQUIRED","NONE","ENRICH_P1"
"P1","A","src/articles/tech/anthropic-ceo-dario-amodei-urges-ai-industry-to-slow-development-cites-bot-swarm-thre.md","anthropic-ceo-dario-amodei-urges-ai-industry-to-slow-development-cites-bot-swarm-thre","Tech","2026-09-13T04:45:13.000Z",63,"Anthropic CEO Dario Amodei Urges AI Industry to Slow Development, Cites Bot Swarm Threats","High-value search query / commercial topic with severely compressed (<140 words) body text.","SOURCE VERIFICATION REQUIRED","NONE","ENRICH_P1"
"","D","src/articles/tech/anthropic-ceo-urges-slowdown-of-ai-development-amid-rising-safety-concerns.md","anthropic-ceo-urges-slowdown-of-ai-development-amid-rising-safety-concerns","Tech","2026-09-13T00:45:12.000Z",51,"Anthropic CEO Dario Amodei Warns of AI Safety Risks and Urges Slower Industry Pace","Tracked in established cannibalization cluster (already addressed in Phase 2B-2A/2B-2H).","N/A","CANNIBALIZATION RISK","CANNIBALIZATION_MANAGEMENT"
"","D","src/articles/tech/anthropic-ceo-urges-slower-ai-development-openai-and-musk-echo-concerns.md","anthropic-ceo-urges-slower-ai-development-openai-and-musk-echo-concerns","Tech","2026-09-13T23:24:00.000Z",74,"Sam Altman and Elon Musk Back Anthropic CEO's Call for AI Governance and Safeguards","Tracked in established cannibalization cluster (already addressed in Phase 2B-2A/2B-2H).","N/A","CANNIBALIZATION RISK","CANNIBALIZATION_MANAGEMENT"
"P1","A","src/articles/tech/anthropic-ceo-warns-ai-danger-if-placed-in-wrong-hands-cites-researchers-lethal-risk.md","anthropic-ceo-warns-ai-danger-if-placed-in-wrong-hands-cites-researchers-lethal-risk","Tech","2026-09-14T15:24:13.000Z",79,"Anthropic CEO warns AI danger if placed in wrong hands, cites researcher’s lethal risk claim","High-value search query / commercial topic with severely compressed (<140 words) body text.","SOURCE VERIFICATION REQUIRED","NONE","ENRICH_P1"
"P1","A","src/articles/tech/aoc-intros-new-5k-gaming-monitor-with-excellent-color-coverage-and-2000-dimming-zones.md","aoc-intros-new-5k-gaming-monitor-with-excellent-color-coverage-and-2000-dimming-zones","Tech","2026-08-30T07:22:30.000Z",145,"AOC launches Optimus Ultra 5K gaming monitor with 180 Hz refresh, 98% DCI‑P3 coverage","Valuable technical or business topic that would benefit from structured background and context.","SOURCE VERIFICATION REQUIRED","NONE","ENRICH_P1"
"P1","A","src/articles/tech/apple-slips-nostalgic-dogcow-easter-egg-into-ios-27-steps-to-uncover-it.md","apple-slips-nostalgic-dogcow-easter-egg-into-ios-27-steps-to-uncover-it","Tech","2026-09-16T03:24:04.000Z",134,"Apple slips nostalgic dogcow easter egg into iOS 27 – steps to uncover it","High-value search query / commercial topic with severely compressed (<140 words) body text.","SOURCE VERIFICATION REQUIRED","NONE","ENRICH_P1"
"P0","A","src/articles/tech/apples-ios-27-embeds-private-frameworks-enabling-thirdparty-ai-to-replace-siri.md","apples-ios-27-embeds-private-frameworks-enabling-thirdparty-ai-to-replace-siri","Tech","2026-09-15T03:24:02.000Z",88,"Apple's iOS 27 Embeds Private Frameworks Enabling Third‑Party AI to Replace Siri","High-value search query / commercial topic with severely compressed (<140 words) body text.","SOURCE EVIDENCE ALREADY PRESENT","NONE","ENRICH_P0"
"P1","A","src/articles/tech/beyond-data-scientists-indias-overlooked-ai-engineering-shortfall.md","beyond-data-scientists-indias-overlooked-ai-engineering-shortfall","Tech","2026-09-15T19:24:05.000Z",73,"Beyond Data Scientists: India’s Overlooked AI Engineering Shortfall","High-value search query / commercial topic with severely compressed (<140 words) body text.","SOURCE VERIFICATION REQUIRED","NONE","ENRICH_P1"
"P1","A","src/articles/tech/billionaire-ai-makers-urge-us-to-provide-real-leadership-as-technology-threatens-worl.md","billionaire-ai-makers-urge-us-to-provide-real-leadership-as-technology-threatens-worl","Tech","2026-09-20T19:24:18.000Z",82,"Billionaire AI Makers Urge US to Provide Real Leadership as Technology Threatens World","High-value search query / commercial topic with severely compressed (<140 words) body text.","SOURCE VERIFICATION REQUIRED","NONE","ENRICH_P1"
"P1","A","src/articles/tech/bloombergs-gurman-says-iphone-duo-is-just-the-start-most-iphones-could-fold-in-a-deca.md","bloombergs-gurman-says-iphone-duo-is-just-the-start-most-iphones-could-fold-in-a-deca","Tech","2026-09-14T23:24:07.000Z",87,"Bloomberg's Gurman says iPhone Duo is just the start; most iPhones could fold in a decade","High-value search query / commercial topic with severely compressed (<140 words) body text.","SOURCE VERIFICATION REQUIRED","NONE","ENRICH_P1"
"P1","A","src/articles/tech/comprint-founder-pankaj-sancheti-sets-fourstep-blueprint-for-ai-investment-evaluation.md","comprint-founder-pankaj-sancheti-sets-fourstep-blueprint-for-ai-investment-evaluation","Tech","2026-09-15T23:23:59.000Z",69,"Comprint Founder Pankaj Sancheti Sets Four‑Step Blueprint for AI Investment Evaluation","High-value search query / commercial topic with severely compressed (<140 words) body text.","SOURCE VERIFICATION REQUIRED","NONE","ENRICH_P1"
"P1","A","src/articles/tech/cxmt-to-launch-the-first-lpddr6-memory.md","cxmt-to-launch-the-first-lpddr6-memory","Tech","2026-08-29T19:22:30.000Z",103,"CXMT to Debut World’s First LPDDR6 Memory in Xiaomi 18 Fold","High-value search query / commercial topic with severely compressed (<140 words) body text.","SOURCE VERIFICATION REQUIRED","NONE","ENRICH_P1"
"P0","A","src/articles/tech/cybersecurity-stocks-rally-as-threats-mount-crowdstrike-palo-alto-sentinelone-surge.md","cybersecurity-stocks-rally-as-threats-mount-crowdstrike-palo-alto-sentinelone-surge","Tech","2026-09-21T09:24:01.000Z",54,"Cybersecurity Stocks Rally as Threats Mount, CrowdStrike, Palo Alto, SentinelOne Surge","High-value search query / commercial topic with severely compressed (<140 words) body text.","SOURCE EVIDENCE ALREADY PRESENT","NONE","ENRICH_P0"
"P1","A","src/articles/tech/cyble-and-uae-cyber-security-council-ink-mou-to-boost-national-threat-intelligence.md","cyble-and-uae-cyber-security-council-ink-mou-to-boost-national-threat-intelligence","Tech","2026-09-18T01:24:04.000Z",115,"Cyble and UAE Cyber Security Council Ink MOU to Boost National Threat Intelligence","High-value search query / commercial topic with severely compressed (<140 words) body text.","SOURCE VERIFICATION REQUIRED","NONE","ENRICH_P1"
"P1","A","src/articles/tech/esda-to-host-day-long-ai-design-session-at-semicon-west.md","esda-to-host-day-long-ai-design-session-at-semicon-west","Tech","2026-09-19T01:24:01.000Z",116,"ESDA to Host Day-Long AI Design Session at SEMICON West","High-value search query / commercial topic with severely compressed (<140 words) body text.","SOURCE VERIFICATION REQUIRED","NONE","ENRICH_P1"
"P1","A","src/articles/tech/fall-smash-hits-or-hitting-stop-button.md","fall-smash-hits-or-hitting-stop-button","Tech","2026-08-30T01:22:33.000Z",100,"Tech firms weigh fall product launches against canceling projects","High-value search query / commercial topic with severely compressed (<140 words) body text.","SOURCE VERIFICATION REQUIRED","NONE","ENRICH_P1"
"P0","A","src/articles/tech/google-says-android-auto-speedometer-vanishes-because-its-a-paidplan-feature.md","google-says-android-auto-speedometer-vanishes-because-its-a-paidplan-feature","Tech","2026-09-12T08:45:22.000Z",88,"Google says Android Auto speedometer vanishes because it’s a paid‑plan feature","High-value search query / commercial topic with severely compressed (<140 words) body text.","SOURCE EVIDENCE ALREADY PRESENT","NONE","ENRICH_P0"
"P0","A","src/articles/tech/gsmarena-lists-display-sizes-resolutions-for-next-years-pro-iphones.md","gsmarena-lists-display-sizes-resolutions-for-next-years-pro-iphones","Tech","2026-09-22T11:24:03.000Z",54,"GSMArena lists display sizes, resolutions for next year’s Pro iPhones","High-value search query / commercial topic with severely compressed (<140 words) body text.","SOURCE EVIDENCE ALREADY PRESENT","NONE","ENRICH_P0"
"P0","A","src/articles/tech/ideagen-retains-verdantix-green-quadrant-leader-status-in-2026-ehs-software-report.md","ideagen-retains-verdantix-green-quadrant-leader-status-in-2026-ehs-software-report","Tech","2026-09-22T03:24:00.000Z",84,"Ideagen retains Verdantix Green Quadrant Leader status in 2026 EHS Software report","High-value search query / commercial topic with severely compressed (<140 words) body text.","SOURCE EVIDENCE ALREADY PRESENT","NONE","ENRICH_P0"
"P1","A","src/articles/tech/india-deploys-ai-across-government-raises-debate-over-authority-limits.md","india-deploys-ai-across-government-raises-debate-over-authority-limits","Tech","2026-09-12T16:45:10.000Z",71,"India Deploys AI Across Government, Raises Debate Over Authority Limits","High-value search query / commercial topic with severely compressed (<140 words) body text.","SOURCE VERIFICATION REQUIRED","NONE","ENRICH_P1"
"P1","A","src/articles/tech/indias-ai-education-drive-aims-for-speed-yet-risks-passive-learning.md","indias-ai-education-drive-aims-for-speed-yet-risks-passive-learning","Tech","2026-09-17T13:23:59.000Z",89,"India’s AI Education Drive Aims for Speed, Yet Risks Passive Learning","High-value search query / commercial topic with severely compressed (<140 words) body text.","SOURCE VERIFICATION REQUIRED","NONE","ENRICH_P1"
"P2","A","src/articles/tech/indias-lr-ashm-family-could-reach-3500-km-as-drdo-develops-extended-range-hypersonic.md","indias-lr-ashm-family-could-reach-3500-km-as-drdo-develops-extended-range-hypersonic","Tech","2026-08-29T17:22:29.000Z",132,"DRDO eyes 3,500‑km range for LR‑AShM hypersonic missile family","High-value search query / commercial topic with severely compressed (<140 words) body text.","SOURCE VERIFICATION REQUIRED","NONE","ENRICH_P2"
"P1","A","src/articles/tech/iphone-duos-dualcamera-design-trades-tradition-for-thinness-not-flaw.md","iphone-duos-dualcamera-design-trades-tradition-for-thinness-not-flaw","Tech","2026-09-16T01:24:03.000Z",93,"iPhone Duo’s dual‑camera design trades tradition for thinness, not flaw","High-value search query / commercial topic with severely compressed (<140 words) body text.","SOURCE VERIFICATION REQUIRED","NONE","ENRICH_P1"
"P1","A","src/articles/tech/mediatek-unveils-dimensity-9600-pro-a-2nm-flagship-chip-powering-oppo-find-x10-pro-ma.md","mediatek-unveils-dimensity-9600-pro-a-2nm-flagship-chip-powering-oppo-find-x10-pro-ma","Tech","2026-09-16T13:24:08.000Z",62,"MediaTek unveils Dimensity 9600 Pro, a 2nm flagship chip powering OPPO Find X10 Pro Max","High-value search query / commercial topic with severely compressed (<140 words) body text.","SOURCE VERIFICATION REQUIRED","NONE","ENRICH_P1"
"P1","A","src/articles/tech/microsoft-ai-chief-flags-anthropics-claude-training-as-threat-to-human-control.md","microsoft-ai-chief-flags-anthropics-claude-training-as-threat-to-human-control","Tech","2026-09-18T03:26:11.000Z",81,"Microsoft AI Chief Flags Anthropic’s Claude Training as Threat to Human Control","High-value search query / commercial topic with severely compressed (<140 words) body text.","SOURCE VERIFICATION REQUIRED","NONE","ENRICH_P1"
"P1","A","src/articles/tech/mitsubishi-electric-to-deploy-ai-talent-platform-for-150000-staff-by-fy2029.md","mitsubishi-electric-to-deploy-ai-talent-platform-for-150000-staff-by-fy2029","Tech","2026-09-12T10:45:11.000Z",82,"Mitsubishi Electric to Deploy AI Talent Platform for 150,000 Staff by FY2029","High-value search query / commercial topic with severely compressed (<140 words) body text.","SOURCE VERIFICATION REQUIRED","NONE","ENRICH_P1"
"P1","A","src/articles/tech/nasa-administrator-conducts-flypast-over-cape-canaveral-launchpad-on-eve-of-launch-of.md","nasa-administrator-conducts-flypast-over-cape-canaveral-launchpad-on-eve-of-launch-of","Tech","2026-08-30T05:22:35.000Z",110,"NASA Administrator Flies Over Cape Canaveral Launchpad Before Telescope Launch","High-value search query / commercial topic with severely compressed (<140 words) body text.","SOURCE VERIFICATION REQUIRED","NONE","ENRICH_P1"
"P1","A","src/articles/tech/nasa-engineers-chip-gamble-fuels-billionunit-smartphone-camera-boom.md","nasa-engineers-chip-gamble-fuels-billionunit-smartphone-camera-boom","Tech","2026-09-21T03:24:02.000Z",102,"NASA Engineer’s Chip Gamble Fuels Billion‑Unit Smartphone Camera Boom","High-value search query / commercial topic with severely compressed (<140 words) body text.","SOURCE VERIFICATION REQUIRED","NONE","ENRICH_P1"
"P1","A","src/articles/tech/openai-embeds-chatgpt-in-microsoft-word-enabling-ai-drafting-and-editing.md","openai-embeds-chatgpt-in-microsoft-word-enabling-ai-drafting-and-editing","Tech","2026-09-21T19:24:05.000Z",122,"OpenAI embeds ChatGPT in Microsoft Word, enabling AI drafting and editing","High-value search query / commercial topic with severely compressed (<140 words) body text.","SOURCE VERIFICATION REQUIRED","NONE","ENRICH_P1"
"P1","A","src/articles/tech/oppo-find-x10-vivo-x500-oneplus-16-flagship-launch-timelines-leaked-for-india.md","oppo-find-x10-vivo-x500-oneplus-16-flagship-launch-timelines-leaked-for-india","Tech","2026-09-18T21:24:01.000Z",90,"OPPO Find X10, Vivo X500, OnePlus 16 Flagship Launch Timelines Leaked for India","High-value search query / commercial topic with severely compressed (<140 words) body text.","SOURCE VERIFICATION REQUIRED","NONE","ENRICH_P1"
"P1","A","src/articles/tech/peladn-unveils-budget-wo5-mini-pc-in-china-with-ryzen-5-3500u-and-tripledisplay-suppo.md","peladn-unveils-budget-wo5-mini-pc-in-china-with-ryzen-5-3500u-and-tripledisplay-suppo","Tech","2026-09-15T11:24:01.000Z",67,"Peladn Unveils Budget WO5 Mini PC in China with Ryzen 5 3500U and Triple‑Display Support","High-value search query / commercial topic with severely compressed (<140 words) body text.","SOURCE VERIFICATION REQUIRED","NONE","ENRICH_P1"
"P1","A","src/articles/tech/qualcomm-redesigns-snapdragon-line-to-enable-ondevice-ai-agents-not-just-faster-ai.md","qualcomm-redesigns-snapdragon-line-to-enable-ondevice-ai-agents-not-just-faster-ai","Tech","2026-09-15T01:24:11.000Z",73,"Qualcomm Redesigns Snapdragon Line to Enable On‑Device AI Agents, Not Just Faster AI","High-value search query / commercial topic with severely compressed (<140 words) body text.","SOURCE VERIFICATION REQUIRED","NONE","ENRICH_P1"
"P1","A","src/articles/tech/samsung-launches-one-ui-90-for-galaxy-s26-series-expands-update-to-s25-and-z7-devices.md","samsung-launches-one-ui-90-for-galaxy-s26-series-expands-update-to-s25-and-z7-devices","Tech","2026-09-19T19:24:03.000Z",78,"Samsung launches One UI 9.0 for Galaxy S26 series, expands update to S25 and Z7 devices","High-value search query / commercial topic with severely compressed (<140 words) body text.","SOURCE VERIFICATION REQUIRED","NONE","ENRICH_P1"
"P1","A","src/articles/tech/strategy-trumps-tech-in-determining-agentic-ai-success-forbes-says.md","strategy-trumps-tech-in-determining-agentic-ai-success-forbes-says","Tech","2026-09-12T04:45:09.000Z",93,"Strategy Trumps Tech in Determining Agentic AI Success, Forbes Says","High-value search query / commercial topic with severely compressed (<140 words) body text.","SOURCE VERIFICATION REQUIRED","NONE","ENRICH_P1"
"P2","A","src/articles/tech/tata-motors-rebranding-tmpv-remains-legal-entity-tata-showroom-new-look-tata-motors-b.md","tata-motors-rebranding-tmpv-remains-legal-entity-tata-showroom-new-look-tata-motors-b","Tech","2026-08-29T14:44:00.000Z",141,"Tata Motors rebrands passenger vehicle line, unveils new logo color and showroom look","Valuable technical or business topic that would benefit from structured background and context.","SOURCE VERIFICATION REQUIRED","NONE","ENRICH_P2"
"P1","A","src/articles/tech/texas-qb-arch-manning-apologizes-to-holly-rowe-for-laughing-at-aifabricated-slap-vide.md","texas-qb-arch-manning-apologizes-to-holly-rowe-for-laughing-at-aifabricated-slap-vide","Tech","2026-09-16T09:24:05.000Z",93,"Texas QB Arch Manning apologizes to Holly Rowe for laughing at AI‑fabricated slap video","High-value search query / commercial topic with severely compressed (<140 words) body text.","SOURCE VERIFICATION REQUIRED","NONE","ENRICH_P1"
"P1","A","src/articles/tech/trump-brands-ai-takeover-warnings-a-hoax-in-rapidfire-truth-social-posts.md","trump-brands-ai-takeover-warnings-a-hoax-in-rapidfire-truth-social-posts","Tech","2026-09-15T09:24:05.000Z",99,"Trump brands AI takeover warnings a ‘hoax’ in rapid‑fire Truth Social posts","High-value search query / commercial topic with severely compressed (<140 words) body text.","SOURCE VERIFICATION REQUIRED","NONE","ENRICH_P1"
"P2","A","src/articles/tech/us-to-get-new-nasa-led-space-academy-trump-signs-order-what-is-it-all-about-explained.md","us-to-get-new-nasa-led-space-academy-trump-signs-order-what-is-it-all-about-explained","Tech","2026-08-29T11:31:38.000Z",138,"Trump Signs Order Creating NASA-Led US Space Academy to Train Space Force Cadets","High-value search query / commercial topic with severely compressed (<140 words) body text.","SOURCE VERIFICATION REQUIRED","NONE","ENRICH_P2"
"P2","A","src/articles/tech/vc-funding-deals-apollo-atomics-fcvc-maxq-medical-atlantic-blue-ventures-pixelgen-tec.md","vc-funding-deals-apollo-atomics-fcvc-maxq-medical-atlantic-blue-ventures-pixelgen-tec","Tech","2026-08-29T16:44:02.000Z",125,"VC Funding Rounds Announced for Apollo Atomics, MaxQ Medical, Pixelgen and Others","High-value search query / commercial topic with severely compressed (<140 words) body text.","SOURCE VERIFICATION REQUIRED","NONE","ENRICH_P2"
"P1","A","src/articles/tech/white-house-responds-to-viral-ai-image-of-trump-and-aide-natalie-harp.md","white-house-responds-to-viral-ai-image-of-trump-and-aide-natalie-harp","Tech","2026-09-18T05:24:02.000Z",78,"White House Responds to Viral AI Image of Trump and Aide Natalie Harp","High-value search query / commercial topic with severely compressed (<140 words) body text.","SOURCE VERIFICATION REQUIRED","NONE","ENRICH_P1"
"P1","A","src/articles/tech/world-pharma-today-highlights-challenges-in-aidriven-molecule-design.md","world-pharma-today-highlights-challenges-in-aidriven-molecule-design","Tech","2026-09-17T19:24:04.000Z",78,"World Pharma Today Highlights Challenges in AI‑Driven Molecule Design","High-value search query / commercial topic with severely compressed (<140 words) body text.","SOURCE VERIFICATION REQUIRED","NONE","ENRICH_P1"
"","B","src/articles/world/australian-regulator-warns-after-oesophagus-tear-from-counterfeit-weightloss-peptide.md","australian-regulator-warns-after-oesophagus-tear-from-counterfeit-weightloss-peptide","World","2026-09-14T14:43:31.000Z",64,"Australian regulator warns after oesophagus tear from counterfeit weight‑loss peptide","Factual news wire summary that adequately answers immediate user query.","N/A","NONE","MAINTAIN_SHORT_NEWS"
"","B","src/articles/world/buckingham-palace-marks-911-25th-anniversary-with-special-guard-ceremony.md","buckingham-palace-marks-911-25th-anniversary-with-special-guard-ceremony","World","2026-09-12T13:22:51.000Z",138,"Buckingham Palace Marks 9/11 25th Anniversary With Special Guard Ceremony","Factual news wire summary that adequately answers immediate user query.","N/A","NONE","MAINTAIN_SHORT_NEWS"
"","B","src/articles/world/defense-secretary-hegseth-welcomes-paul-brothers-for-pentagon-tour-with-troops.md","defense-secretary-hegseth-welcomes-paul-brothers-for-pentagon-tour-with-troops","World","2026-09-21T08:43:32.000Z",109,"Defense Secretary Hegseth Welcomes Paul Brothers for Pentagon Tour with Troops","Factual news wire summary that adequately answers immediate user query.","N/A","NONE","MAINTAIN_SHORT_NEWS"
"","B","src/articles/world/goas-hidden-gems-inland-heritage-sites-from-fontainhas-to-dudhsagar-falls.md","goas-hidden-gems-inland-heritage-sites-from-fontainhas-to-dudhsagar-falls","World","2026-09-13T09:22:18.000Z",87,"Goa’s Hidden Gems: Inland Heritage Sites From Fontainhas to Dudhsagar Falls","Factual news wire summary that adequately answers immediate user query.","N/A","NONE","MAINTAIN_SHORT_NEWS"
"","B","src/articles/world/house-clears-russia-sanctions-bill-overcoming-democratic-opposition.md","house-clears-russia-sanctions-bill-overcoming-democratic-opposition","World","2026-09-17T10:43:50.000Z",56,"House Clears Russia Sanctions Bill, Overcoming Democratic Opposition","Factual news wire summary that adequately answers immediate user query.","N/A","NONE","MAINTAIN_SHORT_NEWS"
"","C","src/articles/world/hungarys-pm-pledges-to-repeal-2020-ban-on-gay-and-lesbian-adoption.md","hungarys-pm-pledges-to-repeal-2020-ban-on-gay-and-lesbian-adoption","World","2026-09-13T07:23:54.000Z",39,"Hungary's PM pledges to repeal 2020 ban on gay and lesbian adoption","Single commercial product listing, fleeting social item, or ultra-niche micro-notice with minimal search shelf-life.","N/A","NONE","LOW_PRIORITY_MAINTAIN"
"","B","src/articles/world/iaea-refers-iran-to-security-council-as-oman-prepares-strait-of-hormuz-talks.md","iaea-refers-iran-to-security-council-as-oman-prepares-strait-of-hormuz-talks","World","2026-09-13T22:43:49.000Z",113,"IAEA Refers Iran to Security Council as Oman Prepares Strait of Hormuz Talks","Factual news wire summary that adequately answers immediate user query.","N/A","NONE","MAINTAIN_SHORT_NEWS"
"","C","src/articles/world/iran-urges-us-to-honor-pakistanibrokered-june-framework-deal-says-interior-ministry.md","iran-urges-us-to-honor-pakistanibrokered-june-framework-deal-says-interior-ministry","World","2026-09-20T06:43:32.000Z",95,"Iran Urges US to Honor Pakistani‑Brokered June Framework Deal, Says Interior Ministry","Single commercial product listing, fleeting social item, or ultra-niche micro-notice with minimal search shelf-life.","N/A","NONE","LOW_PRIORITY_MAINTAIN"
"","B","src/articles/world/iraq-scrambles-to-contain-fallout-after-iranbacked-militias-hit-saudi-pipeline.md","iraq-scrambles-to-contain-fallout-after-iranbacked-militias-hit-saudi-pipeline","World","2026-09-12T21:22:20.000Z",50,"Iraq Scrambles to Contain Fallout After Iran‑Backed Militias Hit Saudi Pipeline","Factual news wire summary that adequately answers immediate user query.","N/A","NONE","MAINTAIN_SHORT_NEWS"
"","B","src/articles/world/israel-places-banat-yaqub-shrine-under-its-authority-palestine-urges-urgent-action.md","israel-places-banat-yaqub-shrine-under-its-authority-palestine-urges-urgent-action","World","2026-09-21T22:43:30.000Z",128,"Israel places Banat Yaqub shrine under its authority; Palestine urges urgent action","Concise breaking news alert or transactional notice; provides complete immediate facts.","N/A","NONE","MAINTAIN_SHORT_NEWS"
"","B","src/articles/world/israeli-army-chief-declares-hamas-defeated-says-conflict-essentially-over.md","israeli-army-chief-declares-hamas-defeated-says-conflict-essentially-over","World","2026-09-16T22:43:30.000Z",109,"Israeli army chief declares Hamas defeated, says conflict essentially over","Factual news wire summary that adequately answers immediate user query.","N/A","NONE","MAINTAIN_SHORT_NEWS"
"","B","src/articles/world/israeli-pm-threatens-citizenship-loss-for-those-who-defame-army-after-naza-documentar.md","israeli-pm-threatens-citizenship-loss-for-those-who-defame-army-after-naza-documentar","World","2026-09-20T00:43:31.000Z",100,"Israeli PM threatens citizenship loss for those who 'defame' army after 'NAZA' documentary","Factual news wire summary that adequately answers immediate user query.","N/A","NONE","MAINTAIN_SHORT_NEWS"
"","B","src/articles/world/juan-soto-returns-to-help-the-mets-beat-the-astros-6-2.md","juan-soto-returns-to-help-the-mets-beat-the-astros-6-2","World","2026-08-30T10:57:49.000Z",143,"Juan Soto Returns from IL, Drives Mets Past Astros 6-2 with Go-Ahead RBI","Factual news wire summary that adequately answers immediate user query.","N/A","NONE","MAINTAIN_SHORT_NEWS"
"","B","src/articles/world/keith-olbermann-announces-return-of-podcast-after-surgery-to-address-atrial-fibrillat.md","keith-olbermann-announces-return-of-podcast-after-surgery-to-address-atrial-fibrillat","World","2026-08-29T10:56:11.000Z",117,"Keith Olbermann to resume podcast after atrial fibrillation surgery","Factual news wire summary that adequately answers immediate user query.","N/A","NONE","MAINTAIN_SHORT_NEWS"
"","B","src/articles/world/marco-bechis-returns-after-decade-with-back-to-buenos-aires-review-finds-mixed-effect.md","marco-bechis-returns-after-decade-with-back-to-buenos-aires-review-finds-mixed-effect","World","2026-09-12T07:22:20.000Z",125,"Marco Bechis Returns After Decade with ‘Back to Buenos Aires’, Review Finds Mixed Effectiveness","Factual news wire summary that adequately answers immediate user query.","N/A","NONE","MAINTAIN_SHORT_NEWS"
"","B","src/articles/world/meghan-markle-posts-first-uk-family-video-showing-harry-kids-fishing-and-mud-play.md","meghan-markle-posts-first-uk-family-video-showing-harry-kids-fishing-and-mud-play","World","2026-09-14T12:43:30.000Z",75,"Meghan Markle posts first UK family video, showing Harry, kids fishing and mud play","Factual news wire summary that adequately answers immediate user query.","N/A","NONE","MAINTAIN_SHORT_NEWS"
"","B","src/articles/world/odisha-secures-242-trillion-uae-investment-proposals-618000-jobs-targeted.md","odisha-secures-242-trillion-uae-investment-proposals-618000-jobs-targeted","World","2026-09-12T19:22:19.000Z",71,"Odisha Secures ₹2.42 trillion UAE Investment Proposals, 618,000 Jobs Targeted","Factual news wire summary that adequately answers immediate user query.","N/A","NONE","MAINTAIN_SHORT_NEWS"
"","B","src/articles/world/one-suspect-injured-in-northern-israel-as-idf-responds-to-stone-throwing-incident.md","one-suspect-injured-in-northern-israel-as-idf-responds-to-stone-throwing-incident","World","2026-09-13T01:22:36.000Z",63,"One Suspect Injured in Northern Israel as IDF Responds to Stone-Throwing Incident","Concise breaking news alert or transactional notice; provides complete immediate facts.","N/A","NONE","MAINTAIN_SHORT_NEWS"
"","B","src/articles/world/oscar-winning-the-last-emperor-uk-producer-jeremy-thomas-passes-away-at-77.md","oscar-winning-the-last-emperor-uk-producer-jeremy-thomas-passes-away-at-77","World","2026-09-13T03:22:38.000Z",58,"Oscar-Winning 'The Last Emperor' UK Producer Jeremy Thomas Passes Away at 77","Concise breaking news alert or transactional notice; provides complete immediate facts.","N/A","NONE","MAINTAIN_SHORT_NEWS"
"","B","src/articles/world/reading-festival-review-fontaines-dc-on-brilliant-form.md","reading-festival-review-fontaines-dc-on-brilliant-form","World","2026-08-31T01:09:14.000Z",140,"Fontaines DC Delivers Standout Performance at Reading Festival, Review Notes","Factual news wire summary that adequately answers immediate user query.","N/A","NONE","MAINTAIN_SHORT_NEWS"
"","B","src/articles/world/sda-awaits-faa-nod-to-test-spacebased-link-16-in-us-overseas-trials-ongoing.md","sda-awaits-faa-nod-to-test-spacebased-link-16-in-us-overseas-trials-ongoing","World","2026-09-17T04:43:30.000Z",147,"SDA Awaits FAA Nod to Test Space‑Based Link 16 in U.S.; Overseas Trials Ongoing","Factual news wire summary that adequately answers immediate user query.","N/A","NONE","MAINTAIN_SHORT_NEWS"
"","B","src/articles/world/south-park-rebrands-as-south-america-with-naked-trump-in-viral-season-29-intro.md","south-park-rebrands-as-south-america-with-naked-trump-in-viral-season-29-intro","World","2026-09-17T18:43:31.000Z",76,"South Park Rebrands as 'South America' with Naked Trump in Viral Season 29 Intro","Factual news wire summary that adequately answers immediate user query.","N/A","NONE","MAINTAIN_SHORT_NEWS"
"","B","src/articles/world/south-park-slams-trumps-geographic-renaming-in-season29-premiere.md","south-park-slams-trumps-geographic-renaming-in-season29-premiere","World","2026-09-17T16:43:46.000Z",94,"South Park Slams Trump’s Geographic Renaming in Season‑29 Premiere","Factual news wire summary that adequately answers immediate user query.","N/A","NONE","MAINTAIN_SHORT_NEWS"
"","B","src/articles/world/square-enix-unveils-updated-tifa-look-in-final-fantasy-7-revelation-demo-at-tgs-2026.md","square-enix-unveils-updated-tifa-look-in-final-fantasy-7-revelation-demo-at-tgs-2026","World","2026-09-21T02:43:29.000Z",69,"Square Enix Unveils Updated Tifa Look in Final Fantasy 7 Revelation Demo at TGS 2026","Factual news wire summary that adequately answers immediate user query.","N/A","NONE","MAINTAIN_SHORT_NEWS"
"","B","src/articles/world/the-witcher-4-will-have-a-physical-edition-even-if-discs-go-away-cd-projekt-red-confi.md","the-witcher-4-will-have-a-physical-edition-even-if-discs-go-away-cd-projekt-red-confi","World","2026-08-30T06:57:47.000Z",117,"CD Projekt Red Confirms Physical Edition for The Witcher 4 Despite Disc Phase‑out","Factual news wire summary that adequately answers immediate user query.","N/A","NONE","MAINTAIN_SHORT_NEWS"
"","B","src/articles/world/tim-mcgraw-falls-flat-on-his-back-during-cincinnati-concert-after-boot-gets-caught-in.md","tim-mcgraw-falls-flat-on-his-back-during-cincinnati-concert-after-boot-gets-caught-in","World","2026-08-30T04:57:54.000Z",143,"Tim McGraw Falls Flat on Back After Boot Catches on Cincinnati Stage","Factual news wire summary that adequately answers immediate user query.","N/A","NONE","MAINTAIN_SHORT_NEWS"
"","B","src/articles/world/treenod-to-debut-new-game-poko-merge-at-tokyo-game-show-2026.md","treenod-to-debut-new-game-poko-merge-at-tokyo-game-show-2026","World","2026-09-15T12:43:31.000Z",49,"Treenod to Debut New Game ‘Poko Merge’ at Tokyo Game Show 2026","Factual news wire summary that adequately answers immediate user query.","N/A","NONE","MAINTAIN_SHORT_NEWS"
"","B","src/articles/world/trump-bars-cnn-msnow-politico-from-white-house-labels-them-fake-news.md","trump-bars-cnn-msnow-politico-from-white-house-labels-them-fake-news","World","2026-09-19T14:43:31.000Z",46,"Trump bars CNN, MSNOW, Politico from White House, labels them ‘fake news’","Factual news wire summary that adequately answers immediate user query.","N/A","NONE","MAINTAIN_SHORT_NEWS"
"","B","src/articles/world/trump-loses-bid-to-move-ny-hush-money-case-to-federal-court.md","trump-loses-bid-to-move-ny-hush-money-case-to-federal-court","World","2026-08-29T11:39:12.000Z",138,"Trump's bid to shift NY hush‑money conviction to federal court rejected","Factual news wire summary that adequately answers immediate user query.","N/A","NONE","MAINTAIN_SHORT_NEWS"
"","B","src/articles/world/trump-mocked-nonvoters-at-gops-first-midterm-convention-in-dallas-sparking-fox-viewer.md","trump-mocked-nonvoters-at-gops-first-midterm-convention-in-dallas-sparking-fox-viewer","World","2026-09-12T05:22:19.000Z",85,"Trump mocked non‑voters at GOP’s first midterm convention in Dallas, sparking Fox viewer backlash","Factual news wire summary that adequately answers immediate user query.","N/A","NONE","MAINTAIN_SHORT_NEWS"
"","B","src/articles/world/typhoon-dujuan-kills-two-cuts-power-to-46000-homes-as-record-rain-hits-tokyo.md","typhoon-dujuan-kills-two-cuts-power-to-46000-homes-as-record-rain-hits-tokyo","World","2026-09-22T10:43:36.000Z",61,"Typhoon Dujuan kills two, cuts power to 46,000 homes as record rain hits Tokyo","Factual news wire summary that adequately answers immediate user query.","N/A","NONE","MAINTAIN_SHORT_NEWS"
"","B","src/articles/world/will-paris-is-always-a-good-idea-get-a-season-2-one-hallmark-star-has-strong-feelings.md","will-paris-is-always-a-good-idea-get-a-season-2-one-hallmark-star-has-strong-feelings","World","2026-08-29T11:03:05.000Z",146,"Hallmark Star Pushes for Season 2 of ‘Paris Is Always A Good Idea’","Factual news wire summary that adequately answers immediate user query.","N/A","NONE","MAINTAIN_SHORT_NEWS"