url,source_file,category,pub_date,body_words,noindex_status,canonical_url,sitemap_status,http_status,has_video_embed,has_video_object,has_news_article,has_breadcrumb_list,technical_class,gsc_indexing_status
"https://thesamachardaily.in/404/","src/pages/404.md","Static","N/A",0,"INDEX","https://thesamachardaily.in/404.html","OMITTED","200 OK","NO","NO","NO","NO","CLASS C — NOT INDEXABLE (404/ERR)","CLASS F — UNKNOWN GOOGLE STATUS"
"https://thesamachardaily.in/about/","src/pages/about.md","Static","N/A",341,"INDEX","https://thesamachardaily.in/about/","IN_SITEMAP","200 OK","NO","NO","NO","NO","CLASS A — INDEXABLE","CLASS F — UNKNOWN GOOGLE STATUS"
"https://thesamachardaily.in/articles/business/7-essential-hr-software-features-you-cant-ignore/","src/articles/business/7-essential-hr-software-features-you-cant-ignore.md","Business","2026-08-29T11:31:15Z",129,"INDEX","https://thesamachardaily.in/articles/business/7-essential-hr-software-features-you-cant-ignore/","IN_SITEMAP","200 OK","YES","NO","YES","YES","CLASS A — INDEXABLE","CLASS F — UNKNOWN GOOGLE STATUS"
"https://thesamachardaily.in/articles/business/alex-rajak-launches-profundity-operational-value-assessment-to-strengthen-firms/","src/articles/business/alex-rajak-launches-profundity-operational-value-assessment-to-strengthen-firms.md","Business","2026-09-07T12:44:41Z",295,"INDEX","https://thesamachardaily.in/articles/business/alex-rajak-launches-profundity-operational-value-assessment-to-strengthen-firms/","IN_SITEMAP","200 OK","NO","NO","YES","YES","CLASS A — INDEXABLE","CLASS F — UNKNOWN GOOGLE STATUS"
"https://thesamachardaily.in/articles/business/analysts-probe-schds-fiveyear-outlook-as-dividends-remain-core-to-returns/","src/articles/business/analysts-probe-schds-fiveyear-outlook-as-dividends-remain-core-to-returns.md","Business","2026-09-07T04:44:39Z",269,"INDEX","https://thesamachardaily.in/articles/business/analysts-probe-schds-fiveyear-outlook-as-dividends-remain-core-to-returns/","IN_SITEMAP","200 OK","YES","NO","YES","YES","CLASS A — INDEXABLE","CLASS F — UNKNOWN GOOGLE STATUS"
"https://thesamachardaily.in/articles/business/ap-sports-summarybrief-at-848-pm-edt/","src/articles/business/ap-sports-summarybrief-at-848-pm-edt.md","Business","2026-08-29T12:50:02Z",180,"INDEX","https://thesamachardaily.in/articles/business/ap-sports-summarybrief-at-848-pm-edt/","IN_SITEMAP","200 OK","YES","NO","YES","YES","CLASS A — INDEXABLE","CLASS F — UNKNOWN GOOGLE STATUS"
"https://thesamachardaily.in/articles/business/arizona-home-lost-to-hoa-foreclosure-over-977-debt-owner-claims/","src/articles/business/arizona-home-lost-to-hoa-foreclosure-over-977-debt-owner-claims.md","Business","2026-09-16T12:40:34Z",53,"INDEX","https://thesamachardaily.in/articles/business/arizona-home-lost-to-hoa-foreclosure-over-977-debt-owner-claims/","IN_SITEMAP","200 OK","NO","NO","YES","YES","CLASS A — INDEXABLE","CLASS F — UNKNOWN GOOGLE STATUS"
"https://thesamachardaily.in/articles/business/asian-lng-demand-set-to-fall-310-as-prices-surge-after-qatarenergy-halt/","src/articles/business/asian-lng-demand-set-to-fall-310-as-prices-surge-after-qatarenergy-halt.md","Business","2026-09-17T18:40:35Z",116,"INDEX","https://thesamachardaily.in/articles/business/asian-lng-demand-set-to-fall-310-as-prices-surge-after-qatarenergy-halt/","IN_SITEMAP","200 OK","YES","NO","YES","YES","CLASS A — INDEXABLE","CLASS F — UNKNOWN GOOGLE STATUS"
"https://thesamachardaily.in/articles/business/asian-tech-shares-surge-as-us-jobs-report-boosts-growth-hopes-market-wrap/","src/articles/business/asian-tech-shares-surge-as-us-jobs-report-boosts-growth-hopes-market-wrap.md","Business","2026-09-07T16:44:58Z",246,"INDEX","https://thesamachardaily.in/articles/business/asian-tech-shares-surge-as-us-jobs-report-boosts-growth-hopes-market-wrap/","IN_SITEMAP","200 OK","YES","NO","YES","YES","CLASS A — INDEXABLE","CLASS F — UNKNOWN GOOGLE STATUS"
"https://thesamachardaily.in/articles/business/ather-konarc-electric-scooter-launch-live-updates-specifications-prices-images/","src/articles/business/ather-konarc-electric-scooter-launch-live-updates-specifications-prices-images.md","Business","2026-08-29T16:50:00Z",167,"INDEX","https://thesamachardaily.in/articles/business/ather-konarc-electric-scooter-launch-live-updates-specifications-prices-images/","IN_SITEMAP","200 OK","YES","NO","YES","YES","CLASS A — INDEXABLE","CLASS F — UNKNOWN GOOGLE STATUS"
"https://thesamachardaily.in/articles/business/bank-of-canada-holds-policy-rate-as-inflation-risks-prompt-possible-multiple-hikes/","src/articles/business/bank-of-canada-holds-policy-rate-as-inflation-risks-prompt-possible-multiple-hikes.md","Business","2026-09-03T04:44:36Z",251,"INDEX","https://thesamachardaily.in/articles/business/bank-of-canada-holds-policy-rate-as-inflation-risks-prompt-possible-multiple-hikes/","IN_SITEMAP","200 OK","YES","NO","YES","YES","CLASS A — INDEXABLE","CLASS F — UNKNOWN GOOGLE STATUS"
"https://thesamachardaily.in/articles/business/bank-strike-hits-assam-demands-fiveday-week-pension-overhaul-pli-repeal/","src/articles/business/bank-strike-hits-assam-demands-fiveday-week-pension-overhaul-pli-repeal.md","Business","2026-09-12T16:55:59Z",77,"INDEX","https://thesamachardaily.in/articles/business/bank-strike-hits-assam-demands-fiveday-week-pension-overhaul-pli-repeal/","IN_SITEMAP","200 OK","YES","NO","YES","YES","CLASS A — INDEXABLE","CLASS F — UNKNOWN GOOGLE STATUS"
"https://thesamachardaily.in/articles/business/bapudham-mahotsav-2026-cm-samrat-chaudhary-and-union-minister-gajendra-singh-shekhawa/","src/articles/business/bapudham-mahotsav-2026-cm-samrat-chaudhary-and-union-minister-gajendra-singh-shekhawa.md","Business","2026-08-31T00:57:18Z",204,"INDEX","https://thesamachardaily.in/articles/business/bapudham-mahotsav-2026-cm-samrat-chaudhary-and-union-minister-gajendra-singh-shekhawa/","IN_SITEMAP","200 OK","NO","NO","YES","YES","CLASS A — INDEXABLE","CLASS F — UNKNOWN GOOGLE STATUS"
"https://thesamachardaily.in/articles/business/bengalurus-paid-parking-plan-20-roads-set-for-rollout-3-crore-annual-revenue-expected/","src/articles/business/bengalurus-paid-parking-plan-20-roads-set-for-rollout-3-crore-annual-revenue-expected.md","Business","2026-08-30T14:43:41Z",146,"INDEX","https://thesamachardaily.in/articles/business/bengalurus-paid-parking-plan-20-roads-set-for-rollout-3-crore-annual-revenue-expected/","IN_SITEMAP","200 OK","YES","NO","YES","YES","CLASS A — INDEXABLE","CLASS F — UNKNOWN GOOGLE STATUS"
"https://thesamachardaily.in/articles/business/bitcoin-steadies-near-79000-as-us-inflation-data-looms-ratecut-hopes-on-edge/","src/articles/business/bitcoin-steadies-near-79000-as-us-inflation-data-looms-ratecut-hopes-on-edge.md","Business","2026-09-05T20:44:39Z",354,"INDEX","https://thesamachardaily.in/articles/business/bitcoin-steadies-near-79000-as-us-inflation-data-looms-ratecut-hopes-on-edge/","IN_SITEMAP","200 OK","YES","NO","YES","YES","CLASS A — INDEXABLE","CLASS F — UNKNOWN GOOGLE STATUS"
"https://thesamachardaily.in/articles/business/bobs-famous-donuts-closes-factory-doors/","src/articles/business/bobs-famous-donuts-closes-factory-doors.md","Business","2026-08-30T00:41:53Z",98,"NOINDEX","https://thesamachardaily.in/articles/business/bobs-famous-donuts-closes-factory-doors/","OMITTED","200 OK","YES","NO","YES","YES","CLASS B — INTENTIONALLY NOINDEX","CLASS F — UNKNOWN GOOGLE STATUS"
"https://thesamachardaily.in/articles/business/bond-vigilantes-return-who-will-hold-the-line-on-sovereign-debt-discipline/","src/articles/business/bond-vigilantes-return-who-will-hold-the-line-on-sovereign-debt-discipline.md","Business","2026-09-02T16:44:57Z",382,"INDEX","https://thesamachardaily.in/articles/business/bond-vigilantes-return-who-will-hold-the-line-on-sovereign-debt-discipline/","IN_SITEMAP","200 OK","YES","NO","YES","YES","CLASS A — INDEXABLE","CLASS F — UNKNOWN GOOGLE STATUS"
"https://thesamachardaily.in/articles/business/boomers-flock-to-five-high-yield-dividend-stocks-claim-no-yield-traps/","src/articles/business/boomers-flock-to-five-high-yield-dividend-stocks-claim-no-yield-traps.md","Business","2026-09-18T00:40:37Z",78,"INDEX","https://thesamachardaily.in/articles/business/boomers-flock-to-five-high-yield-dividend-stocks-claim-no-yield-traps/","IN_SITEMAP","200 OK","YES","YES","YES","YES","CLASS A — INDEXABLE","CLASS F — UNKNOWN GOOGLE STATUS"
"https://thesamachardaily.in/articles/business/bradenton-comfortfood-eatery-raises-prices-as-rising-costs-shrink-customer-base/","src/articles/business/bradenton-comfortfood-eatery-raises-prices-as-rising-costs-shrink-customer-base.md","Business","2026-09-11T08:56:04Z",175,"INDEX","https://thesamachardaily.in/articles/business/bradenton-comfortfood-eatery-raises-prices-as-rising-costs-shrink-customer-base/","IN_SITEMAP","200 OK","NO","NO","YES","YES","CLASS A — INDEXABLE","CLASS F — UNKNOWN GOOGLE STATUS"
"https://thesamachardaily.in/articles/business/butterhands-adds-second-gurugram-outlet-with-new-caf-at-dlf-summit-plaza/","src/articles/business/butterhands-adds-second-gurugram-outlet-with-new-caf-at-dlf-summit-plaza.md","Business","2026-09-15T00:40:37Z",85,"INDEX","https://thesamachardaily.in/articles/business/butterhands-adds-second-gurugram-outlet-with-new-caf-at-dlf-summit-plaza/","IN_SITEMAP","200 OK","NO","NO","YES","YES","CLASS A — INDEXABLE","CLASS F — UNKNOWN GOOGLE STATUS"
"https://thesamachardaily.in/articles/business/can-volkswagen-sidestep-board-opposition-to-push-through-its-overhaul/","src/articles/business/can-volkswagen-sidestep-board-opposition-to-push-through-its-overhaul.md","Business","2026-08-28T23:48:42Z",187,"INDEX","https://thesamachardaily.in/articles/business/can-volkswagen-sidestep-board-opposition-to-push-through-its-overhaul/","IN_SITEMAP","200 OK","YES","NO","YES","YES","CLASS A — INDEXABLE","CLASS F — UNKNOWN GOOGLE STATUS"
"https://thesamachardaily.in/articles/business/canada-infrastructure-bank-finalises-20-million-loan-for-inuit-led-nunavut-wind-power/","src/articles/business/canada-infrastructure-bank-finalises-20-million-loan-for-inuit-led-nunavut-wind-power.md","Business","2026-09-10T00:33:23Z",245,"INDEX","https://thesamachardaily.in/articles/business/canada-infrastructure-bank-finalises-20-million-loan-for-inuit-led-nunavut-wind-power/","IN_SITEMAP","200 OK","NO","NO","YES","YES","CLASS A — INDEXABLE","CLASS F — UNKNOWN GOOGLE STATUS"
"https://thesamachardaily.in/articles/business/canadian-firms-branch-into-defense-production-as-us-relations-fray/","src/articles/business/canadian-firms-branch-into-defense-production-as-us-relations-fray.md","Business","2026-08-30T18:57:21Z",279,"INDEX","https://thesamachardaily.in/articles/business/canadian-firms-branch-into-defense-production-as-us-relations-fray/","IN_SITEMAP","200 OK","YES","NO","YES","YES","CLASS A — INDEXABLE","CLASS F — UNKNOWN GOOGLE STATUS"
"https://thesamachardaily.in/articles/business/carson-city-legal-case-64621-remains-behind-paywall/","src/articles/business/carson-city-legal-case-64621-remains-behind-paywall.md","Business","N/A",0,"INDEX","https://thesamachardaily.in/articles/business/carson-city-legal-case-64621-remains-behind-paywall/","OMITTED","200 OK","NO","NO","YES","NO","CLASS D — INDEXABLE NOT IN SITEMAP","CLASS F — UNKNOWN GOOGLE STATUS"
"https://thesamachardaily.in/articles/business/cbic-to-push-msmes-into-emi-scheme-as-enrolments-stay-under-1000/","src/articles/business/cbic-to-push-msmes-into-emi-scheme-as-enrolments-stay-under-1000.md","Business","2026-09-16T18:40:34Z",107,"INDEX","https://thesamachardaily.in/articles/business/cbic-to-push-msmes-into-emi-scheme-as-enrolments-stay-under-1000/","IN_SITEMAP","200 OK","NO","NO","YES","YES","CLASS A — INDEXABLE","CLASS F — UNKNOWN GOOGLE STATUS"
"https://thesamachardaily.in/articles/business/cc-group-to-acquire-asahi-uk-wholesale-arm-boosting-matthew-clark-bibendum-reach/","src/articles/business/cc-group-to-acquire-asahi-uk-wholesale-arm-boosting-matthew-clark-bibendum-reach.md","Business","2026-09-12T04:55:56Z",67,"NOINDEX","https://thesamachardaily.in/articles/business/cc-group-to-acquire-asahi-uk-wholesale-arm-boosting-matthew-clark-bibendum-reach/","OMITTED","200 OK","NO","NO","YES","YES","CLASS B — INTENTIONALLY NOINDEX","CLASS F — UNKNOWN GOOGLE STATUS"
"https://thesamachardaily.in/articles/business/chatham-county-weighs-new-parking-plan-requirement-for-shortterm-rentals/","src/articles/business/chatham-county-weighs-new-parking-plan-requirement-for-shortterm-rentals.md","Business","2026-09-12T10:55:56Z",88,"INDEX","https://thesamachardaily.in/articles/business/chatham-county-weighs-new-parking-plan-requirement-for-shortterm-rentals/","IN_SITEMAP","200 OK","NO","NO","YES","YES","CLASS A — INDEXABLE","CLASS F — UNKNOWN GOOGLE STATUS"
"https://thesamachardaily.in/articles/business/chemical-supply-chains-face-disruptions-pricing-pressure-and-push-for-localization/","src/articles/business/chemical-supply-chains-face-disruptions-pricing-pressure-and-push-for-localization.md","Business","2026-09-04T14:44:42Z",310,"INDEX","https://thesamachardaily.in/articles/business/chemical-supply-chains-face-disruptions-pricing-pressure-and-push-for-localization/","IN_SITEMAP","200 OK","YES","NO","YES","YES","CLASS A — INDEXABLE","CLASS F — UNKNOWN GOOGLE STATUS"
"https://thesamachardaily.in/articles/business/chips-ahoy-mystery-cookies-flagged-as-product-to-watch-by-sn-editors/","src/articles/business/chips-ahoy-mystery-cookies-flagged-as-product-to-watch-by-sn-editors.md","Business","2026-09-04T06:45:27Z",304,"INDEX","https://thesamachardaily.in/articles/business/chips-ahoy-mystery-cookies-flagged-as-product-to-watch-by-sn-editors/","IN_SITEMAP","200 OK","YES","NO","YES","YES","CLASS A — INDEXABLE","CLASS F — UNKNOWN GOOGLE STATUS"
"https://thesamachardaily.in/articles/business/cipla-pharma-license-cancellation-fda-withdraws-order-after-hc-raps-it-for-going-over/","src/articles/business/cipla-pharma-license-cancellation-fda-withdraws-order-after-hc-raps-it-for-going-over.md","Business","2026-08-29T20:41:55Z",121,"INDEX","https://thesamachardaily.in/articles/business/cipla-pharma-license-cancellation-fda-withdraws-order-after-hc-raps-it-for-going-over/","IN_SITEMAP","200 OK","YES","NO","YES","YES","CLASS A — INDEXABLE","CLASS F — UNKNOWN GOOGLE STATUS"
"https://thesamachardaily.in/articles/business/city-holds-public-meetings-on-huntington-fremont-corridor/","src/articles/business/city-holds-public-meetings-on-huntington-fremont-corridor.md","Business","2026-08-29T10:19:11Z",166,"INDEX","https://thesamachardaily.in/articles/business/city-holds-public-meetings-on-huntington-fremont-corridor/","IN_SITEMAP","200 OK","NO","NO","YES","YES","CLASS A — INDEXABLE","CLASS F — UNKNOWN GOOGLE STATUS"
"https://thesamachardaily.in/articles/business/comso-demands-transparent-st-representation-in-mrb-officer-recruitment/","src/articles/business/comso-demands-transparent-st-representation-in-mrb-officer-recruitment.md","Business","2026-09-12T06:56:07Z",84,"INDEX","https://thesamachardaily.in/articles/business/comso-demands-transparent-st-representation-in-mrb-officer-recruitment/","IN_SITEMAP","200 OK","YES","NO","YES","YES","CLASS A — INDEXABLE","CLASS F — UNKNOWN GOOGLE STATUS"
"https://thesamachardaily.in/articles/business/couldnt-believe-it-instamart-customer-gets-1-kg-onions-for-rs-1/","src/articles/business/couldnt-believe-it-instamart-customer-gets-1-kg-onions-for-rs-1.md","Business","2026-08-28T22:59:54Z",232,"INDEX","https://thesamachardaily.in/articles/business/couldnt-believe-it-instamart-customer-gets-1-kg-onions-for-rs-1/","IN_SITEMAP","200 OK","YES","NO","YES","YES","CLASS A — INDEXABLE","CLASS F — UNKNOWN GOOGLE STATUS"
"https://thesamachardaily.in/articles/business/cpsc-orders-recall-of-hundreds-of-thousands-of-amazon-fingerlight-toys-over-battery-s/","src/articles/business/cpsc-orders-recall-of-hundreds-of-thousands-of-amazon-fingerlight-toys-over-battery-s.md","Business","2026-09-13T08:55:56Z",47,"INDEX","https://thesamachardaily.in/articles/business/cpsc-orders-recall-of-hundreds-of-thousands-of-amazon-fingerlight-toys-over-battery-s/","IN_SITEMAP","200 OK","NO","NO","YES","YES","CLASS A — INDEXABLE","CLASS F — UNKNOWN GOOGLE STATUS"
"https://thesamachardaily.in/articles/business/crowdstrike-crwd-stock-surges-past-80-year-to-date-amid-bullish-outlook/","src/articles/business/crowdstrike-crwd-stock-surges-past-80-year-to-date-amid-bullish-outlook.md","Business","2026-09-06T02:46:22Z",343,"INDEX","https://thesamachardaily.in/articles/business/crowdstrike-crwd-stock-surges-past-80-year-to-date-amid-bullish-outlook/","IN_SITEMAP","200 OK","YES","NO","YES","YES","CLASS A — INDEXABLE","CLASS F — UNKNOWN GOOGLE STATUS"
"https://thesamachardaily.in/articles/business/crude-oil-futures-surge-to-40-day-highs-as-middle-east-risk-escalates/","src/articles/business/crude-oil-futures-surge-to-40-day-highs-as-middle-east-risk-escalates.md","Business","2026-09-02T22:44:54Z",230,"INDEX","https://thesamachardaily.in/articles/business/crude-oil-futures-surge-to-40-day-highs-as-middle-east-risk-escalates/","IN_SITEMAP","200 OK","YES","NO","YES","YES","CLASS A — INDEXABLE","CLASS F — UNKNOWN GOOGLE STATUS"
"https://thesamachardaily.in/articles/business/crude-oil-us-tariffs-on-russian-oil-and-west-asia-tensions-set-to-steer-indian-equiti/","src/articles/business/crude-oil-us-tariffs-on-russian-oil-and-west-asia-tensions-set-to-steer-indian-equiti.md","Business","2026-09-20T18:40:35Z",92,"INDEX","https://thesamachardaily.in/articles/business/crude-oil-us-tariffs-on-russian-oil-and-west-asia-tensions-set-to-steer-indian-equiti/","IN_SITEMAP","200 OK","YES","NO","YES","YES","CLASS A — INDEXABLE","CLASS F — UNKNOWN GOOGLE STATUS"
"https://thesamachardaily.in/articles/business/dare-biosciences-hc-wainwright-conference-presentation-now-ondemand/","src/articles/business/dare-biosciences-hc-wainwright-conference-presentation-now-ondemand.md","Business","2026-09-11T22:56:06Z",83,"INDEX","https://thesamachardaily.in/articles/business/dare-biosciences-hc-wainwright-conference-presentation-now-ondemand/","IN_SITEMAP","200 OK","NO","NO","YES","YES","CLASS A — INDEXABLE","CLASS F — UNKNOWN GOOGLE STATUS"
"https://thesamachardaily.in/articles/business/dave-ramsey-cautions-us-buyers-delaying-home-purchase-may-backfire/","src/articles/business/dave-ramsey-cautions-us-buyers-delaying-home-purchase-may-backfire.md","Business","2026-09-10T12:33:21Z",276,"INDEX","https://thesamachardaily.in/articles/business/dave-ramsey-cautions-us-buyers-delaying-home-purchase-may-backfire/","IN_SITEMAP","200 OK","YES","NO","YES","YES","CLASS A — INDEXABLE","CLASS F — UNKNOWN GOOGLE STATUS"
"https://thesamachardaily.in/articles/business/david-baileys-bitcoin-bet-collapses-99-triggers-reverse-split-amid-stock-turmoil/","src/articles/business/david-baileys-bitcoin-bet-collapses-99-triggers-reverse-split-amid-stock-turmoil.md","Business","2026-09-03T12:46:45Z",300,"INDEX","https://thesamachardaily.in/articles/business/david-baileys-bitcoin-bet-collapses-99-triggers-reverse-split-amid-stock-turmoil/","IN_SITEMAP","200 OK","YES","NO","YES","YES","CLASS A — INDEXABLE","CLASS F — UNKNOWN GOOGLE STATUS"
"https://thesamachardaily.in/articles/business/delaware-is-quietly-stealing-floridas-retirees-and-the-tax-math-explains-why/","src/articles/business/delaware-is-quietly-stealing-floridas-retirees-and-the-tax-math-explains-why.md","Business","2026-08-31T10:57:07Z",147,"INDEX","https://thesamachardaily.in/articles/business/delaware-is-quietly-stealing-floridas-retirees-and-the-tax-math-explains-why/","IN_SITEMAP","200 OK","YES","NO","YES","YES","CLASS A — INDEXABLE","CLASS F — UNKNOWN GOOGLE STATUS"
"https://thesamachardaily.in/articles/business/dolby-vision-tv-revenue-projected-at-27b-in-2025-over-67b-by-2032/","src/articles/business/dolby-vision-tv-revenue-projected-at-27b-in-2025-over-67b-by-2032.md","Business","2026-09-20T10:40:34Z",81,"INDEX","https://thesamachardaily.in/articles/business/dolby-vision-tv-revenue-projected-at-27b-in-2025-over-67b-by-2032/","IN_SITEMAP","200 OK","NO","NO","YES","YES","CLASS A — INDEXABLE","CLASS F — UNKNOWN GOOGLE STATUS"
"https://thesamachardaily.in/articles/business/dominos-takes-on-big-mac-and-whopper-in-darkly-comedic-campaign-push/","src/articles/business/dominos-takes-on-big-mac-and-whopper-in-darkly-comedic-campaign-push.md","Business","2026-09-01T01:17:10Z",231,"INDEX","https://thesamachardaily.in/articles/business/dominos-takes-on-big-mac-and-whopper-in-darkly-comedic-campaign-push/","IN_SITEMAP","200 OK","NO","NO","YES","YES","CLASS A — INDEXABLE","CLASS F — UNKNOWN GOOGLE STATUS"
"https://thesamachardaily.in/articles/business/dow-jones-futures-point-to-near-51700-as-wall-street-opens-monday/","src/articles/business/dow-jones-futures-point-to-near-51700-as-wall-street-opens-monday.md","Business","2026-09-20T22:40:34Z",60,"INDEX","https://thesamachardaily.in/articles/business/dow-jones-futures-point-to-near-51700-as-wall-street-opens-monday/","IN_SITEMAP","200 OK","YES","NO","YES","YES","CLASS A — INDEXABLE","CLASS F — UNKNOWN GOOGLE STATUS"
"https://thesamachardaily.in/articles/business/dra-snaps-up-10acre-chennai-plot-for-rs-159-cr-eyes-rs-1200-cr-housing-venture/","src/articles/business/dra-snaps-up-10acre-chennai-plot-for-rs-159-cr-eyes-rs-1200-cr-housing-venture.md","Business","2026-09-16T22:40:33Z",79,"INDEX","https://thesamachardaily.in/articles/business/dra-snaps-up-10acre-chennai-plot-for-rs-159-cr-eyes-rs-1200-cr-housing-venture/","IN_SITEMAP","200 OK","NO","NO","YES","YES","CLASS A — INDEXABLE","CLASS F — UNKNOWN GOOGLE STATUS"
"https://thesamachardaily.in/articles/business/ebony-merkerson-turns-4millionstrong-digital-fanbase-into-live-entertainment-hosting/","src/articles/business/ebony-merkerson-turns-4millionstrong-digital-fanbase-into-live-entertainment-hosting.md","Business","2026-09-02T12:44:40Z",316,"INDEX","https://thesamachardaily.in/articles/business/ebony-merkerson-turns-4millionstrong-digital-fanbase-into-live-entertainment-hosting/","IN_SITEMAP","200 OK","YES","NO","YES","YES","CLASS A — INDEXABLE","CLASS F — UNKNOWN GOOGLE STATUS"
"https://thesamachardaily.in/articles/business/ecb-calls-on-online-and-mobile-merchants-to-join-digital-euro-pilot/","src/articles/business/ecb-calls-on-online-and-mobile-merchants-to-join-digital-euro-pilot.md","Business","2026-09-16T08:40:36Z",66,"INDEX","https://thesamachardaily.in/articles/business/ecb-calls-on-online-and-mobile-merchants-to-join-digital-euro-pilot/","IN_SITEMAP","200 OK","NO","NO","YES","YES","CLASS A — INDEXABLE","CLASS F — UNKNOWN GOOGLE STATUS"
"https://thesamachardaily.in/articles/business/ecosynthetix-shares-slip-12-to-160-as-volume-plunges-77/","src/articles/business/ecosynthetix-shares-slip-12-to-160-as-volume-plunges-77.md","Business","2026-09-05T16:44:42Z",265,"INDEX","https://thesamachardaily.in/articles/business/ecosynthetix-shares-slip-12-to-160-as-volume-plunges-77/","IN_SITEMAP","200 OK","YES","NO","YES","YES","CLASS A — INDEXABLE","CLASS F — UNKNOWN GOOGLE STATUS"
"https://thesamachardaily.in/articles/business/edgar-e-easterly-iii-longtime-nicholasville-resident-dies-at-95/","src/articles/business/edgar-e-easterly-iii-longtime-nicholasville-resident-dies-at-95.md","Business","2026-09-05T00:45:09Z",357,"INDEX","https://thesamachardaily.in/articles/business/edgar-e-easterly-iii-longtime-nicholasville-resident-dies-at-95/","IN_SITEMAP","200 OK","NO","NO","YES","YES","CLASS A — INDEXABLE","CLASS F — UNKNOWN GOOGLE STATUS"
"https://thesamachardaily.in/articles/business/edreams-odigeo-beats-forecasts-hits-81-million-subscribers-in-peak-investment-year/","src/articles/business/edreams-odigeo-beats-forecasts-hits-81-million-subscribers-in-peak-investment-year.md","Business","2026-09-01T20:44:39Z",354,"INDEX","https://thesamachardaily.in/articles/business/edreams-odigeo-beats-forecasts-hits-81-million-subscribers-in-peak-investment-year/","IN_SITEMAP","200 OK","YES","NO","YES","YES","CLASS A — INDEXABLE","CLASS F — UNKNOWN GOOGLE STATUS"
"https://thesamachardaily.in/articles/business/elringklinger-shares-slip-26-on-monday-midday-trade-as-volume-rises-to-3192/","src/articles/business/elringklinger-shares-slip-26-on-monday-midday-trade-as-volume-rises-to-3192.md","Business","2026-09-01T16:44:47Z",289,"INDEX","https://thesamachardaily.in/articles/business/elringklinger-shares-slip-26-on-monday-midday-trade-as-volume-rises-to-3192/","IN_SITEMAP","200 OK","NO","NO","YES","YES","CLASS A — INDEXABLE","CLASS F — UNKNOWN GOOGLE STATUS"
"https://thesamachardaily.in/articles/business/epfo-revises-partial-withdrawal-rules-expanding-limits-for-education-marriage-illness/","src/articles/business/epfo-revises-partial-withdrawal-rules-expanding-limits-for-education-marriage-illness.md","Business","2026-09-10T18:33:16Z",174,"INDEX","https://thesamachardaily.in/articles/business/epfo-revises-partial-withdrawal-rules-expanding-limits-for-education-marriage-illness/","IN_SITEMAP","200 OK","YES","NO","YES","YES","CLASS A — INDEXABLE","CLASS F — UNKNOWN GOOGLE STATUS"
"https://thesamachardaily.in/articles/business/esds-software-solutions-ipo-to-list-on-sept-4-gmp-indicates-569-upside/","src/articles/business/esds-software-solutions-ipo-to-list-on-sept-4-gmp-indicates-569-upside.md","Business","2026-09-04T16:44:44Z",274,"INDEX","https://thesamachardaily.in/articles/business/esds-software-solutions-ipo-to-list-on-sept-4-gmp-indicates-569-upside/","IN_SITEMAP","200 OK","YES","NO","YES","YES","CLASS A — INDEXABLE","CLASS F — UNKNOWN GOOGLE STATUS"
"https://thesamachardaily.in/articles/business/experts-press-fda-for-clear-safety-and-access-rules-on-psychedelic-drugs/","src/articles/business/experts-press-fda-for-clear-safety-and-access-rules-on-psychedelic-drugs.md","Business","2026-09-15T10:40:41Z",81,"INDEX","https://thesamachardaily.in/articles/business/experts-press-fda-for-clear-safety-and-access-rules-on-psychedelic-drugs/","IN_SITEMAP","200 OK","YES","NO","YES","YES","CLASS A — INDEXABLE","CLASS F — UNKNOWN GOOGLE STATUS"
"https://thesamachardaily.in/articles/business/explainer-can-volkswagen-sidestep-board-opposition-to-push-through-its-overhaul/","src/articles/business/explainer-can-volkswagen-sidestep-board-opposition-to-push-through-its-overhaul.md","Business","2026-08-28T23:45:05Z",272,"INDEX","https://thesamachardaily.in/articles/business/explainer-can-volkswagen-sidestep-board-opposition-to-push-through-its-overhaul/","IN_SITEMAP","200 OK","YES","NO","YES","YES","CLASS A — INDEXABLE","CLASS F — UNKNOWN GOOGLE STATUS"
"https://thesamachardaily.in/articles/business/fed-hikes-rates-for-first-time-in-three-years-as-gasprice-surge-fuels-inflation/","src/articles/business/fed-hikes-rates-for-first-time-in-three-years-as-gasprice-surge-fuels-inflation.md","Business","2026-09-19T02:40:39Z",217,"INDEX","https://thesamachardaily.in/articles/business/fed-hikes-rates-for-first-time-in-three-years-as-gasprice-surge-fuels-inflation/","IN_SITEMAP","200 OK","YES","NO","YES","YES","CLASS A — INDEXABLE","CLASS F — UNKNOWN GOOGLE STATUS"
"https://thesamachardaily.in/articles/business/fed-rate-hike-bets-creep-higher-as-inflation-data-looms-over-wall-street/","src/articles/business/fed-rate-hike-bets-creep-higher-as-inflation-data-looms-over-wall-street.md","Business","2026-09-05T06:44:54Z",254,"INDEX","https://thesamachardaily.in/articles/business/fed-rate-hike-bets-creep-higher-as-inflation-data-looms-over-wall-street/","IN_SITEMAP","200 OK","YES","NO","YES","YES","CLASS A — INDEXABLE","CLASS F — UNKNOWN GOOGLE STATUS"
"https://thesamachardaily.in/articles/business/fed-to-announce-fomc-rate-decision-at-2-pm-et-90-odds-of-25bp-hike/","src/articles/business/fed-to-announce-fomc-rate-decision-at-2-pm-et-90-odds-of-25bp-hike.md","Business","2026-09-17T04:40:36Z",72,"INDEX","https://thesamachardaily.in/articles/business/fed-to-announce-fomc-rate-decision-at-2-pm-et-90-odds-of-25bp-hike/","IN_SITEMAP","200 OK","YES","NO","YES","YES","CLASS A — INDEXABLE","CLASS F — UNKNOWN GOOGLE STATUS"
"https://thesamachardaily.in/articles/business/first-mining-reports-526-gt-au-over-1955-m-as-drilling-expands-miroir-discovery-at-du/","src/articles/business/first-mining-reports-526-gt-au-over-1955-m-as-drilling-expands-miroir-discovery-at-du.md","Business","2026-09-11T04:56:00Z",348,"INDEX","https://thesamachardaily.in/articles/business/first-mining-reports-526-gt-au-over-1955-m-as-drilling-expands-miroir-discovery-at-du/","IN_SITEMAP","200 OK","YES","NO","YES","YES","CLASS A — INDEXABLE","CLASS F — UNKNOWN GOOGLE STATUS"
"https://thesamachardaily.in/articles/business/food-bank-for-nyc-urges-congress-to-halt-snap-cost-shift-and-fully-fund-emergency-aid/","src/articles/business/food-bank-for-nyc-urges-congress-to-halt-snap-cost-shift-and-fully-fund-emergency-aid.md","Business","2026-09-10T04:33:20Z",261,"INDEX","https://thesamachardaily.in/articles/business/food-bank-for-nyc-urges-congress-to-halt-snap-cost-shift-and-fully-fund-emergency-aid/","IN_SITEMAP","200 OK","YES","NO","YES","YES","CLASS A — INDEXABLE","CLASS F — UNKNOWN GOOGLE STATUS"
"https://thesamachardaily.in/articles/business/fortunex-spac-strikes-deal-with-tech-driven-wt-realty-platform/","src/articles/business/fortunex-spac-strikes-deal-with-tech-driven-wt-realty-platform.md","Business","2026-09-19T12:40:34Z",60,"INDEX","https://thesamachardaily.in/articles/business/fortunex-spac-strikes-deal-with-tech-driven-wt-realty-platform/","IN_SITEMAP","200 OK","NO","NO","YES","YES","CLASS A — INDEXABLE","CLASS F — UNKNOWN GOOGLE STATUS"
"https://thesamachardaily.in/articles/business/foster-city-consolidates-lagoon-rules-into-single-waterfront-code-chapter/","src/articles/business/foster-city-consolidates-lagoon-rules-into-single-waterfront-code-chapter.md","Business","2026-09-06T16:44:45Z",258,"INDEX","https://thesamachardaily.in/articles/business/foster-city-consolidates-lagoon-rules-into-single-waterfront-code-chapter/","IN_SITEMAP","200 OK","YES","NO","YES","YES","CLASS A — INDEXABLE","CLASS F — UNKNOWN GOOGLE STATUS"
"https://thesamachardaily.in/articles/business/foundries-decode-machining-datums-inside-casting-datum-design/","src/articles/business/foundries-decode-machining-datums-inside-casting-datum-design.md","Business","2026-09-12T14:55:59Z",52,"NOINDEX","https://thesamachardaily.in/articles/business/foundries-decode-machining-datums-inside-casting-datum-design/","OMITTED","200 OK","NO","NO","YES","YES","CLASS B — INTENTIONALLY NOINDEX","CLASS F — UNKNOWN GOOGLE STATUS"
"https://thesamachardaily.in/articles/business/four-essential-steps-before-purchasing-a-certified-preowned-car-says-edmunds/","src/articles/business/four-essential-steps-before-purchasing-a-certified-preowned-car-says-edmunds.md","Business","2026-09-09T22:33:12Z",210,"INDEX","https://thesamachardaily.in/articles/business/four-essential-steps-before-purchasing-a-certified-preowned-car-says-edmunds/","IN_SITEMAP","200 OK","YES","NO","YES","YES","CLASS A — INDEXABLE","CLASS F — UNKNOWN GOOGLE STATUS"
"https://thesamachardaily.in/articles/business/fox-news-media-parts-ways-with-veteran-business-anchor-maria-bartiromo/","src/articles/business/fox-news-media-parts-ways-with-veteran-business-anchor-maria-bartiromo.md","Business","2026-09-04T08:44:38Z",275,"INDEX","https://thesamachardaily.in/articles/business/fox-news-media-parts-ways-with-veteran-business-anchor-maria-bartiromo/","IN_SITEMAP","200 OK","YES","NO","YES","YES","CLASS A — INDEXABLE","CLASS F — UNKNOWN GOOGLE STATUS"
"https://thesamachardaily.in/articles/business/friendship-dynamics-some-adults-stay-shallow-after-being-the-goto-support/","src/articles/business/friendship-dynamics-some-adults-stay-shallow-after-being-the-goto-support.md","Business","2026-09-21T12:40:36Z",81,"INDEX","https://thesamachardaily.in/articles/business/friendship-dynamics-some-adults-stay-shallow-after-being-the-goto-support/","IN_SITEMAP","200 OK","YES","NO","YES","YES","CLASS A — INDEXABLE","CLASS F — UNKNOWN GOOGLE STATUS"
"https://thesamachardaily.in/articles/business/gasoline-set-to-lift-us-consumer-prices-in-august-as-wholesale-inflation-climbs/","src/articles/business/gasoline-set-to-lift-us-consumer-prices-in-august-as-wholesale-inflation-climbs.md","Business","2026-09-11T16:05:57Z",90,"INDEX","https://thesamachardaily.in/articles/business/gasoline-set-to-lift-us-consumer-prices-in-august-as-wholesale-inflation-climbs/","IN_SITEMAP","200 OK","YES","NO","YES","YES","CLASS A — INDEXABLE","CLASS F — UNKNOWN GOOGLE STATUS"
"https://thesamachardaily.in/articles/business/gcrta-stalls-service-cuts-until-2027-election-amid-taxincrease-debate/","src/articles/business/gcrta-stalls-service-cuts-until-2027-election-amid-taxincrease-debate.md","Business","2026-09-14T04:40:44Z",56,"INDEX","https://thesamachardaily.in/articles/business/gcrta-stalls-service-cuts-until-2027-election-amid-taxincrease-debate/","IN_SITEMAP","200 OK","NO","NO","YES","YES","CLASS A — INDEXABLE","CLASS F — UNKNOWN GOOGLE STATUS"
"https://thesamachardaily.in/articles/business/global-public-debt-hits-wwii-high-imf-warns-of-further-rise/","src/articles/business/global-public-debt-hits-wwii-high-imf-warns-of-further-rise.md","Business","2026-09-11T15:41:57Z",123,"INDEX","https://thesamachardaily.in/articles/business/global-public-debt-hits-wwii-high-imf-warns-of-further-rise/","IN_SITEMAP","200 OK","YES","NO","YES","YES","CLASS A — INDEXABLE","CLASS F — UNKNOWN GOOGLE STATUS"
"https://thesamachardaily.in/articles/business/glooko-introduces-gestationalcare-to-streamline-diabetes-data-in-highrisk-pregnancies/","src/articles/business/glooko-introduces-gestationalcare-to-streamline-diabetes-data-in-highrisk-pregnancies.md","Business","2026-09-02T02:44:46Z",246,"INDEX","https://thesamachardaily.in/articles/business/glooko-introduces-gestationalcare-to-streamline-diabetes-data-in-highrisk-pregnancies/","IN_SITEMAP","200 OK","NO","NO","YES","YES","CLASS A — INDEXABLE","CLASS F — UNKNOWN GOOGLE STATUS"
"https://thesamachardaily.in/articles/business/gold-position-trade-pre-september/","src/articles/business/gold-position-trade-pre-september.md","Business","2026-08-29T02:13:12Z",248,"INDEX","https://thesamachardaily.in/articles/business/gold-position-trade-pre-september/","IN_SITEMAP","200 OK","YES","NO","YES","YES","CLASS A — INDEXABLE","CLASS F — UNKNOWN GOOGLE STATUS"
"https://thesamachardaily.in/articles/business/google-ceo-sundar-pichai-reconnects-with-iit-batchmate-turned-renowned-monk/","src/articles/business/google-ceo-sundar-pichai-reconnects-with-iit-batchmate-turned-renowned-monk.md","Business","2026-09-12T20:56:04Z",179,"INDEX","https://thesamachardaily.in/articles/business/google-ceo-sundar-pichai-reconnects-with-iit-batchmate-turned-renowned-monk/","IN_SITEMAP","200 OK","NO","NO","YES","YES","CLASS A — INDEXABLE","CLASS F — UNKNOWN GOOGLE STATUS"
"https://thesamachardaily.in/articles/business/gov-abbott-blocks-state-agencies-from-spending-money-on-flock-cameras/","src/articles/business/gov-abbott-blocks-state-agencies-from-spending-money-on-flock-cameras.md","Business","2026-08-31T06:58:04Z",260,"INDEX","https://thesamachardaily.in/articles/business/gov-abbott-blocks-state-agencies-from-spending-money-on-flock-cameras/","IN_SITEMAP","200 OK","YES","NO","YES","YES","CLASS A — INDEXABLE","CLASS F — UNKNOWN GOOGLE STATUS"
"https://thesamachardaily.in/articles/business/gov-newsoms-failed-fight-to-block-billionaire-tax-tests-presidential-prospects/","src/articles/business/gov-newsoms-failed-fight-to-block-billionaire-tax-tests-presidential-prospects.md","Business","2026-09-12T00:55:58Z",78,"NOINDEX","https://thesamachardaily.in/articles/business/gov-newsoms-failed-fight-to-block-billionaire-tax-tests-presidential-prospects/","OMITTED","200 OK","YES","NO","YES","YES","CLASS B — INTENTIONALLY NOINDEX","CLASS F — UNKNOWN GOOGLE STATUS"
"https://thesamachardaily.in/articles/business/government-eases-defence-export-sop-to-help-local-manufacturers-tap-global-marke/","src/articles/business/government-eases-defence-export-sop-to-help-local-manufacturers-tap-global-marke.md","Business","2026-08-29T08:14:28Z",236,"INDEX","https://thesamachardaily.in/articles/business/government-eases-defence-export-sop-to-help-local-manufacturers-tap-global-marke/","IN_SITEMAP","200 OK","YES","NO","YES","YES","CLASS A — INDEXABLE","CLASS F — UNKNOWN GOOGLE STATUS"
"https://thesamachardaily.in/articles/business/greek-government-offers-tax-relief-and-wage-hikes-amid-street-protests-over-living-co/","src/articles/business/greek-government-offers-tax-relief-and-wage-hikes-amid-street-protests-over-living-co.md","Business","2026-09-06T14:44:37Z",302,"INDEX","https://thesamachardaily.in/articles/business/greek-government-offers-tax-relief-and-wage-hikes-amid-street-protests-over-living-co/","IN_SITEMAP","200 OK","YES","NO","YES","YES","CLASS A — INDEXABLE","CLASS F — UNKNOWN GOOGLE STATUS"
"https://thesamachardaily.in/articles/business/green-modular-cloud-couch-hits-450-down-100-targeting-renters/","src/articles/business/green-modular-cloud-couch-hits-450-down-100-targeting-renters.md","Business","2026-09-14T08:40:36Z",66,"INDEX","https://thesamachardaily.in/articles/business/green-modular-cloud-couch-hits-450-down-100-targeting-renters/","IN_SITEMAP","200 OK","NO","NO","YES","YES","CLASS A — INDEXABLE","CLASS F — UNKNOWN GOOGLE STATUS"
"https://thesamachardaily.in/articles/business/guru-organic-energy-posts-record-115-million-revenue-beats-prior-quarter/","src/articles/business/guru-organic-energy-posts-record-115-million-revenue-beats-prior-quarter.md","Business","2026-09-10T10:33:18Z",206,"INDEX","https://thesamachardaily.in/articles/business/guru-organic-energy-posts-record-115-million-revenue-beats-prior-quarter/","IN_SITEMAP","200 OK","YES","NO","YES","YES","CLASS A — INDEXABLE","CLASS F — UNKNOWN GOOGLE STATUS"
"https://thesamachardaily.in/articles/business/hanuman-ansh-beats-yashs-toxic-at-thursday-box-office-extending-spiritual-drama-lead/","src/articles/business/hanuman-ansh-beats-yashs-toxic-at-thursday-box-office-extending-spiritual-drama-lead.md","Business","2026-09-11T16:56:03Z",46,"NOINDEX","https://thesamachardaily.in/articles/business/hanuman-ansh-beats-yashs-toxic-at-thursday-box-office-extending-spiritual-drama-lead/","OMITTED","200 OK","YES","NO","YES","YES","CLASS B — INTENTIONALLY NOINDEX","CLASS F — UNKNOWN GOOGLE STATUS"
"https://thesamachardaily.in/articles/business/hbs-announces-expansion-of-national-services-into-georgia/","src/articles/business/hbs-announces-expansion-of-national-services-into-georgia.md","Business","2026-09-10T02:33:20Z",225,"INDEX","https://thesamachardaily.in/articles/business/hbs-announces-expansion-of-national-services-into-georgia/","IN_SITEMAP","200 OK","NO","NO","YES","YES","CLASS A — INDEXABLE","CLASS F — UNKNOWN GOOGLE STATUS"
"https://thesamachardaily.in/articles/business/hfcl-board-approves-820-crore-capex-boost-raising-total-fibre-expansion-spend-to-1800/","src/articles/business/hfcl-board-approves-820-crore-capex-boost-raising-total-fibre-expansion-spend-to-1800.md","Business","2026-09-15T14:40:39Z",231,"INDEX","https://thesamachardaily.in/articles/business/hfcl-board-approves-820-crore-capex-boost-raising-total-fibre-expansion-spend-to-1800/","IN_SITEMAP","200 OK","NO","NO","YES","YES","CLASS A — INDEXABLE","CLASS F — UNKNOWN GOOGLE STATUS"
"https://thesamachardaily.in/articles/business/hims-hers-class-action-sbs-law-reminds-investors-of-lead-plaintiff-filing/","src/articles/business/hims-hers-class-action-sbs-law-reminds-investors-of-lead-plaintiff-filing.md","Business","2026-09-03T10:44:57Z",256,"INDEX","https://thesamachardaily.in/articles/business/hims-hers-class-action-sbs-law-reminds-investors-of-lead-plaintiff-filing/","IN_SITEMAP","200 OK","YES","NO","YES","YES","CLASS A — INDEXABLE","CLASS F — UNKNOWN GOOGLE STATUS"
"https://thesamachardaily.in/articles/business/house-to-vote-on-bill-forcing-tech-firms-to-cover-datacenter-energy-costs/","src/articles/business/house-to-vote-on-bill-forcing-tech-firms-to-cover-datacenter-energy-costs.md","Business","2026-09-11T10:56:13Z",383,"INDEX","https://thesamachardaily.in/articles/business/house-to-vote-on-bill-forcing-tech-firms-to-cover-datacenter-energy-costs/","IN_SITEMAP","200 OK","YES","NO","YES","YES","CLASS A — INDEXABLE","CLASS F — UNKNOWN GOOGLE STATUS"
"https://thesamachardaily.in/articles/business/houston-homes-launches-super-savings-sale-the-sequel-on-sept-3-to-cut-buyer-costs/","src/articles/business/houston-homes-launches-super-savings-sale-the-sequel-on-sept-3-to-cut-buyer-costs.md","Business","2026-09-11T02:56:19Z",294,"INDEX","https://thesamachardaily.in/articles/business/houston-homes-launches-super-savings-sale-the-sequel-on-sept-3-to-cut-buyer-costs/","IN_SITEMAP","200 OK","YES","NO","YES","YES","CLASS A — INDEXABLE","CLASS F — UNKNOWN GOOGLE STATUS"
"https://thesamachardaily.in/articles/business/how-a-860000-investment-portfolio-can-yield-5100-monthly-cash-flow/","src/articles/business/how-a-860000-investment-portfolio-can-yield-5100-monthly-cash-flow.md","Business","2026-09-06T00:45:20Z",238,"INDEX","https://thesamachardaily.in/articles/business/how-a-860000-investment-portfolio-can-yield-5100-monthly-cash-flow/","IN_SITEMAP","200 OK","YES","NO","YES","YES","CLASS A — INDEXABLE","CLASS F — UNKNOWN GOOGLE STATUS"
"https://thesamachardaily.in/articles/business/how-much-were-the-top-7-most-expensive-home-sales-in-windsor-last-week/","src/articles/business/how-much-were-the-top-7-most-expensive-home-sales-in-windsor-last-week.md","Business","2026-08-30T02:42:04Z",99,"INDEX","https://thesamachardaily.in/articles/business/how-much-were-the-top-7-most-expensive-home-sales-in-windsor-last-week/","IN_SITEMAP","200 OK","YES","NO","YES","YES","CLASS A — INDEXABLE","CLASS F — UNKNOWN GOOGLE STATUS"
"https://thesamachardaily.in/articles/business/how-recent-home-sales-reshape-property-value-estimates-in-todays-real-estate-market/","src/articles/business/how-recent-home-sales-reshape-property-value-estimates-in-todays-real-estate-market.md","Business","2026-09-11T14:57:27Z",323,"INDEX","https://thesamachardaily.in/articles/business/how-recent-home-sales-reshape-property-value-estimates-in-todays-real-estate-market/","IN_SITEMAP","200 OK","YES","NO","YES","YES","CLASS A — INDEXABLE","CLASS F — UNKNOWN GOOGLE STATUS"
"https://thesamachardaily.in/articles/business/ibio-reports-wider-fy-26-loss-as-ibio-600-phase-1-for-obesity-progresses/","src/articles/business/ibio-reports-wider-fy-26-loss-as-ibio-600-phase-1-for-obesity-progresses.md","Business","2026-08-30T04:41:54Z",144,"INDEX","https://thesamachardaily.in/articles/business/ibio-reports-wider-fy-26-loss-as-ibio-600-phase-1-for-obesity-progresses/","IN_SITEMAP","200 OK","YES","NO","YES","YES","CLASS A — INDEXABLE","CLASS F — UNKNOWN GOOGLE STATUS"
"https://thesamachardaily.in/articles/business/ibps-po-recruitment-2026-vacancy-increased-to-7565-posts-update/","src/articles/business/ibps-po-recruitment-2026-vacancy-increased-to-7565-posts-update.md","Business","2026-08-28T23:31:57Z",252,"INDEX","https://thesamachardaily.in/articles/business/ibps-po-recruitment-2026-vacancy-increased-to-7565-posts-update/","IN_SITEMAP","200 OK","YES","NO","YES","YES","CLASS A — INDEXABLE","CLASS F — UNKNOWN GOOGLE STATUS"
"https://thesamachardaily.in/articles/business/illinois-mother-charged-with-murder-after-hanging-2-year-old-son-in-alleged-clancy-co/","src/articles/business/illinois-mother-charged-with-murder-after-hanging-2-year-old-son-in-alleged-clancy-co.md","Business","2026-09-06T10:46:29Z",450,"INDEX","https://thesamachardaily.in/articles/business/illinois-mother-charged-with-murder-after-hanging-2-year-old-son-in-alleged-clancy-co/","IN_SITEMAP","200 OK","YES","NO","YES","YES","CLASS A — INDEXABLE","CLASS F — UNKNOWN GOOGLE STATUS"
"https://thesamachardaily.in/articles/business/india-post-gds-2026-session-ii-registration-dates-eligibility-and-complete-applicatio/","src/articles/business/india-post-gds-2026-session-ii-registration-dates-eligibility-and-complete-applicatio.md","Business","2026-08-30T20:57:20Z",190,"INDEX","https://thesamachardaily.in/articles/business/india-post-gds-2026-session-ii-registration-dates-eligibility-and-complete-applicatio/","IN_SITEMAP","200 OK","YES","NO","YES","YES","CLASS A — INDEXABLE","CLASS F — UNKNOWN GOOGLE STATUS"
"https://thesamachardaily.in/articles/business/india-wants-to-be-vietnam-vietnam-wants-to-be-china-the-reason-why/","src/articles/business/india-wants-to-be-vietnam-vietnam-wants-to-be-china-the-reason-why.md","Business","2026-08-28T23:29:58Z",232,"INDEX","https://thesamachardaily.in/articles/business/india-wants-to-be-vietnam-vietnam-wants-to-be-china-the-reason-why/","IN_SITEMAP","200 OK","YES","NO","YES","YES","CLASS A — INDEXABLE","CLASS F — UNKNOWN GOOGLE STATUS"
"https://thesamachardaily.in/articles/business/indias-july-industrial-output-grows-67-yy/","src/articles/business/indias-july-industrial-output-grows-67-yy.md","Business","2026-08-28T22:41:04Z",243,"INDEX","https://thesamachardaily.in/articles/business/indias-july-industrial-output-grows-67-yy/","IN_SITEMAP","200 OK","YES","NO","YES","YES","CLASS A — INDEXABLE","CLASS F — UNKNOWN GOOGLE STATUS"
"https://thesamachardaily.in/articles/business/inflation-outlook-and-real-rates-squeeze-indian-equities-raising-cost-concerns/","src/articles/business/inflation-outlook-and-real-rates-squeeze-indian-equities-raising-cost-concerns.md","Business","2026-09-21T18:40:37Z",38,"INDEX","https://thesamachardaily.in/articles/business/inflation-outlook-and-real-rates-squeeze-indian-equities-raising-cost-concerns/","IN_SITEMAP","200 OK","YES","NO","YES","YES","CLASS A — INDEXABLE","CLASS F — UNKNOWN GOOGLE STATUS"
"https://thesamachardaily.in/articles/business/irvine-officials-in-talks-to-bring-back-daisy-chain-fields-festival-next-year/","src/articles/business/irvine-officials-in-talks-to-bring-back-daisy-chain-fields-festival-next-year.md","Business","2026-09-01T03:16:57Z",370,"INDEX","https://thesamachardaily.in/articles/business/irvine-officials-in-talks-to-bring-back-daisy-chain-fields-festival-next-year/","IN_SITEMAP","200 OK","YES","NO","YES","YES","CLASS A — INDEXABLE","CLASS F — UNKNOWN GOOGLE STATUS"
"https://thesamachardaily.in/articles/business/isro-chief-v-narayanan-reassures-staff-rules-out-privatisation-in-allhands-video-call/","src/articles/business/isro-chief-v-narayanan-reassures-staff-rules-out-privatisation-in-allhands-video-call.md","Business","2026-09-09T20:33:17Z",271,"INDEX","https://thesamachardaily.in/articles/business/isro-chief-v-narayanan-reassures-staff-rules-out-privatisation-in-allhands-video-call/","IN_SITEMAP","200 OK","YES","NO","YES","YES","CLASS A — INDEXABLE","CLASS F — UNKNOWN GOOGLE STATUS"
"https://thesamachardaily.in/articles/business/ivory-coast-to-maintain-reduced-cocoa-farmgate-price-for-202627-sources-say/","src/articles/business/ivory-coast-to-maintain-reduced-cocoa-farmgate-price-for-202627-sources-say.md","Business","2026-08-29T07:13:12Z",199,"INDEX","https://thesamachardaily.in/articles/business/ivory-coast-to-maintain-reduced-cocoa-farmgate-price-for-202627-sources-say/","IN_SITEMAP","200 OK","YES","NO","YES","YES","CLASS A — INDEXABLE","CLASS F — UNKNOWN GOOGLE STATUS"
"https://thesamachardaily.in/articles/business/jersey-city-council-to-hear-controversial-canal-crossing-tax-abatements-and-garden-la/","src/articles/business/jersey-city-council-to-hear-controversial-canal-crossing-tax-abatements-and-garden-la.md","Business","2026-09-21T14:40:39Z",94,"INDEX","https://thesamachardaily.in/articles/business/jersey-city-council-to-hear-controversial-canal-crossing-tax-abatements-and-garden-la/","IN_SITEMAP","200 OK","NO","NO","YES","YES","CLASS A — INDEXABLE","CLASS F — UNKNOWN GOOGLE STATUS"
"https://thesamachardaily.in/articles/business/jetblue-offers-72-roundtrip-baltimoreorlando-fare-taxes-included/","src/articles/business/jetblue-offers-72-roundtrip-baltimoreorlando-fare-taxes-included.md","Business","2026-09-13T02:55:56Z",65,"INDEX","https://thesamachardaily.in/articles/business/jetblue-offers-72-roundtrip-baltimoreorlando-fare-taxes-included/","IN_SITEMAP","200 OK","YES","NO","YES","YES","CLASS A — INDEXABLE","CLASS F — UNKNOWN GOOGLE STATUS"
"https://thesamachardaily.in/articles/business/jharkhand-anganwadis-grapple-with-financial-crisis-as-rates-lag-market/","src/articles/business/jharkhand-anganwadis-grapple-with-financial-crisis-as-rates-lag-market.md","Business","2026-09-07T00:46:37Z",388,"INDEX","https://thesamachardaily.in/articles/business/jharkhand-anganwadis-grapple-with-financial-crisis-as-rates-lag-market/","IN_SITEMAP","200 OK","YES","NO","YES","YES","CLASS A — INDEXABLE","CLASS F — UNKNOWN GOOGLE STATUS"
"https://thesamachardaily.in/articles/business/jio-platforms-gets-sebis-nod-to-launch-ipo/","src/articles/business/jio-platforms-gets-sebis-nod-to-launch-ipo.md","Business","2026-08-28T23:37:10Z",262,"INDEX","https://thesamachardaily.in/articles/business/jio-platforms-gets-sebis-nod-to-launch-ipo/","IN_SITEMAP","200 OK","YES","NO","YES","YES","CLASS A — INDEXABLE","CLASS F — UNKNOWN GOOGLE STATUS"
"https://thesamachardaily.in/articles/business/juror-claims-feminist-agenda-drove-lindsay-clancy-verdict-in-massachusetts-trial/","src/articles/business/juror-claims-feminist-agenda-drove-lindsay-clancy-verdict-in-massachusetts-trial.md","Business","2026-09-15T08:40:50Z",146,"INDEX","https://thesamachardaily.in/articles/business/juror-claims-feminist-agenda-drove-lindsay-clancy-verdict-in-massachusetts-trial/","IN_SITEMAP","200 OK","YES","NO","YES","YES","CLASS A — INDEXABLE","CLASS F — UNKNOWN GOOGLE STATUS"
"https://thesamachardaily.in/articles/business/kahn-swick-foti-opens-probe-into-super-micro-officers-and-directors/","src/articles/business/kahn-swick-foti-opens-probe-into-super-micro-officers-and-directors.md","Business","2026-09-01T05:16:55Z",397,"INDEX","https://thesamachardaily.in/articles/business/kahn-swick-foti-opens-probe-into-super-micro-officers-and-directors/","IN_SITEMAP","200 OK","YES","NO","YES","YES","CLASS A — INDEXABLE","CLASS F — UNKNOWN GOOGLE STATUS"
"https://thesamachardaily.in/articles/business/kansas-city-overlook-project-adds-apartment-tower-on-mlk-blvd/","src/articles/business/kansas-city-overlook-project-adds-apartment-tower-on-mlk-blvd.md","Business","2026-09-01T10:47:29Z",387,"INDEX","https://thesamachardaily.in/articles/business/kansas-city-overlook-project-adds-apartment-tower-on-mlk-blvd/","IN_SITEMAP","200 OK","YES","NO","YES","YES","CLASS A — INDEXABLE","CLASS F — UNKNOWN GOOGLE STATUS"
"https://thesamachardaily.in/articles/business/karpacz-economic-forum-2026-highlights-polands-growth-political-rift-and-v4-outlook/","src/articles/business/karpacz-economic-forum-2026-highlights-polands-growth-political-rift-and-v4-outlook.md","Business","2026-09-13T04:55:57Z",56,"INDEX","https://thesamachardaily.in/articles/business/karpacz-economic-forum-2026-highlights-polands-growth-political-rift-and-v4-outlook/","IN_SITEMAP","200 OK","NO","NO","YES","YES","CLASS A — INDEXABLE","CLASS F — UNKNOWN GOOGLE STATUS"
"https://thesamachardaily.in/articles/business/key-tronic-evp-adam-agress-sells-6654-in-company-common-stock/","src/articles/business/key-tronic-evp-adam-agress-sells-6654-in-company-common-stock.md","Business","2026-09-01T07:17:06Z",352,"INDEX","https://thesamachardaily.in/articles/business/key-tronic-evp-adam-agress-sells-6654-in-company-common-stock/","IN_SITEMAP","200 OK","NO","NO","YES","YES","CLASS A — INDEXABLE","CLASS F — UNKNOWN GOOGLE STATUS"
"https://thesamachardaily.in/articles/business/keyrenter-names-rentscale-official-sales-training-partner-across-property-network/","src/articles/business/keyrenter-names-rentscale-official-sales-training-partner-across-property-network.md","Business","2026-09-04T00:45:39Z",226,"INDEX","https://thesamachardaily.in/articles/business/keyrenter-names-rentscale-official-sales-training-partner-across-property-network/","IN_SITEMAP","200 OK","YES","NO","YES","YES","CLASS A — INDEXABLE","CLASS F — UNKNOWN GOOGLE STATUS"
"https://thesamachardaily.in/articles/business/lancaster-county-man-gets-prison-term-for-755995-bank-and-wire-fraud-scheme/","src/articles/business/lancaster-county-man-gets-prison-term-for-755995-bank-and-wire-fraud-scheme.md","Business","2026-09-02T06:45:21Z",408,"INDEX","https://thesamachardaily.in/articles/business/lancaster-county-man-gets-prison-term-for-755995-bank-and-wire-fraud-scheme/","IN_SITEMAP","200 OK","YES","NO","YES","YES","CLASS A — INDEXABLE","CLASS F — UNKNOWN GOOGLE STATUS"
"https://thesamachardaily.in/articles/business/lpl-financial-adds-northstar-founder-jeneen-slack-bringing-270-million-in-assets/","src/articles/business/lpl-financial-adds-northstar-founder-jeneen-slack-bringing-270-million-in-assets.md","Business","2026-09-11T00:56:08Z",344,"INDEX","https://thesamachardaily.in/articles/business/lpl-financial-adds-northstar-founder-jeneen-slack-bringing-270-million-in-assets/","IN_SITEMAP","200 OK","NO","NO","YES","YES","CLASS A — INDEXABLE","CLASS F — UNKNOWN GOOGLE STATUS"
"https://thesamachardaily.in/articles/business/lv-petroleum-expands-footprint-across-four-states-with-new-qsr-outlets-and-travel-cen/","src/articles/business/lv-petroleum-expands-footprint-across-four-states-with-new-qsr-outlets-and-travel-cen.md","Business","2026-09-04T10:44:59Z",208,"INDEX","https://thesamachardaily.in/articles/business/lv-petroleum-expands-footprint-across-four-states-with-new-qsr-outlets-and-travel-cen/","IN_SITEMAP","200 OK","YES","NO","YES","YES","CLASS A — INDEXABLE","CLASS F — UNKNOWN GOOGLE STATUS"
"https://thesamachardaily.in/articles/business/major-indian-banks-to-close-up-to-four-days-between-sep-1420-2026-per-rbi-holiday-cal/","src/articles/business/major-indian-banks-to-close-up-to-four-days-between-sep-1420-2026-per-rbi-holiday-cal.md","Business","2026-09-13T14:56:00Z",223,"INDEX","https://thesamachardaily.in/articles/business/major-indian-banks-to-close-up-to-four-days-between-sep-1420-2026-per-rbi-holiday-cal/","IN_SITEMAP","200 OK","YES","NO","YES","YES","CLASS A — INDEXABLE","CLASS F — UNKNOWN GOOGLE STATUS"
"https://thesamachardaily.in/articles/business/man-group-acquires-778000-stake-in-exagen-inc-amid-q2-expansion/","src/articles/business/man-group-acquires-778000-stake-in-exagen-inc-amid-q2-expansion.md","Business","2026-09-04T20:45:14Z",304,"INDEX","https://thesamachardaily.in/articles/business/man-group-acquires-778000-stake-in-exagen-inc-amid-q2-expansion/","IN_SITEMAP","200 OK","YES","NO","YES","YES","CLASS A — INDEXABLE","CLASS F — UNKNOWN GOOGLE STATUS"
"https://thesamachardaily.in/articles/business/manufacturers-life-insurance-buys-39-million-stake-in-international-bancshares/","src/articles/business/manufacturers-life-insurance-buys-39-million-stake-in-international-bancshares.md","Business","2026-09-02T20:45:13Z",273,"INDEX","https://thesamachardaily.in/articles/business/manufacturers-life-insurance-buys-39-million-stake-in-international-bancshares/","IN_SITEMAP","200 OK","YES","NO","YES","YES","CLASS A — INDEXABLE","CLASS F — UNKNOWN GOOGLE STATUS"
"https://thesamachardaily.in/articles/business/map-shows-countries-paying-people-to-have-babies-as-birth-rate-drops/","src/articles/business/map-shows-countries-paying-people-to-have-babies-as-birth-rate-drops.md","Business","2026-08-30T10:41:52Z",200,"INDEX","https://thesamachardaily.in/articles/business/map-shows-countries-paying-people-to-have-babies-as-birth-rate-drops/","IN_SITEMAP","200 OK","YES","NO","YES","YES","CLASS A — INDEXABLE","CLASS F — UNKNOWN GOOGLE STATUS"
"https://thesamachardaily.in/articles/business/market-technology-acquisition-corp-enables-separate-trading-of-shares-and-warrants-st/","src/articles/business/market-technology-acquisition-corp-enables-separate-trading-of-shares-and-warrants-st.md","Business","2026-09-17T00:40:37Z",63,"INDEX","https://thesamachardaily.in/articles/business/market-technology-acquisition-corp-enables-separate-trading-of-shares-and-warrants-st/","IN_SITEMAP","200 OK","YES","NO","YES","YES","CLASS A — INDEXABLE","CLASS F — UNKNOWN GOOGLE STATUS"
"https://thesamachardaily.in/articles/business/maruti-upgrades-baleno-with-new-engine-level2-adas-i20-altroz-remain-strong-rivals/","src/articles/business/maruti-upgrades-baleno-with-new-engine-level2-adas-i20-altroz-remain-strong-rivals.md","Business","2026-09-13T22:40:39Z",295,"INDEX","https://thesamachardaily.in/articles/business/maruti-upgrades-baleno-with-new-engine-level2-adas-i20-altroz-remain-strong-rivals/","IN_SITEMAP","200 OK","YES","NO","YES","YES","CLASS A — INDEXABLE","CLASS F — UNKNOWN GOOGLE STATUS"
"https://thesamachardaily.in/articles/business/mckesson-to-buy-precision-medicine-group-in-225-billion-oncology-push/","src/articles/business/mckesson-to-buy-precision-medicine-group-in-225-billion-oncology-push.md","Business","2026-09-07T08:45:25Z",354,"INDEX","https://thesamachardaily.in/articles/business/mckesson-to-buy-precision-medicine-group-in-225-billion-oncology-push/","IN_SITEMAP","200 OK","YES","NO","YES","YES","CLASS A — INDEXABLE","CLASS F — UNKNOWN GOOGLE STATUS"
"https://thesamachardaily.in/articles/business/microcap-stocks-surge-541-in-august-as-nifty-slips-124/","src/articles/business/microcap-stocks-surge-541-in-august-as-nifty-slips-124.md","Business","2026-09-15T16:40:40Z",104,"INDEX","https://thesamachardaily.in/articles/business/microcap-stocks-surge-541-in-august-as-nifty-slips-124/","IN_SITEMAP","200 OK","YES","NO","YES","YES","CLASS A — INDEXABLE","CLASS F — UNKNOWN GOOGLE STATUS"
"https://thesamachardaily.in/articles/business/microsoft-to-report-azure-revenue-separately-boosting-investor-transparency/","src/articles/business/microsoft-to-report-azure-revenue-separately-boosting-investor-transparency.md","Business","2026-09-03T16:44:40Z",235,"INDEX","https://thesamachardaily.in/articles/business/microsoft-to-report-azure-revenue-separately-boosting-investor-transparency/","IN_SITEMAP","200 OK","YES","NO","YES","YES","CLASS A — INDEXABLE","CLASS F — UNKNOWN GOOGLE STATUS"
"https://thesamachardaily.in/articles/business/mirae-asset-small-cap-fund-ticks-up-075-to-1312-as-one-year-return-holds-at-1390-60-9/","src/articles/business/mirae-asset-small-cap-fund-ticks-up-075-to-1312-as-one-year-return-holds-at-1390-60-9.md","Business","2026-09-04T18:45:06Z",274,"INDEX","https://thesamachardaily.in/articles/business/mirae-asset-small-cap-fund-ticks-up-075-to-1312-as-one-year-return-holds-at-1390-60-9/","IN_SITEMAP","200 OK","YES","NO","YES","YES","CLASS A — INDEXABLE","CLASS F — UNKNOWN GOOGLE STATUS"
"https://thesamachardaily.in/articles/business/moon-water-find-sparks-city-dreams-but-scientists-warn-of-scarcity/","src/articles/business/moon-water-find-sparks-city-dreams-but-scientists-warn-of-scarcity.md","Business","2026-09-15T04:40:39Z",83,"INDEX","https://thesamachardaily.in/articles/business/moon-water-find-sparks-city-dreams-but-scientists-warn-of-scarcity/","IN_SITEMAP","200 OK","YES","NO","YES","YES","CLASS A — INDEXABLE","CLASS F — UNKNOWN GOOGLE STATUS"
"https://thesamachardaily.in/articles/business/mukesh-ambani-led-jio-platforms-ipo-receives-sebi-approval/","src/articles/business/mukesh-ambani-led-jio-platforms-ipo-receives-sebi-approval.md","Business","2026-08-29T14:50:02Z",161,"INDEX","https://thesamachardaily.in/articles/business/mukesh-ambani-led-jio-platforms-ipo-receives-sebi-approval/","IN_SITEMAP","200 OK","YES","NO","YES","YES","CLASS A — INDEXABLE","CLASS F — UNKNOWN GOOGLE STATUS"
"https://thesamachardaily.in/articles/business/nashik-kanda-express-of-453-tonnes-of-onions-reaches-delhi-to-reduce-prices/","src/articles/business/nashik-kanda-express-of-453-tonnes-of-onions-reaches-delhi-to-reduce-prices.md","Business","2026-08-28T22:51:28Z",255,"INDEX","https://thesamachardaily.in/articles/business/nashik-kanda-express-of-453-tonnes-of-onions-reaches-delhi-to-reduce-prices/","IN_SITEMAP","200 OK","YES","NO","YES","YES","CLASS A — INDEXABLE","CLASS F — UNKNOWN GOOGLE STATUS"
"https://thesamachardaily.in/articles/business/national-petroleum-council-calls-for-nationwide-subsurface-mapping-to-safeguard-us-su/","src/articles/business/national-petroleum-council-calls-for-nationwide-subsurface-mapping-to-safeguard-us-su.md","Business","2026-09-01T18:44:40Z",306,"INDEX","https://thesamachardaily.in/articles/business/national-petroleum-council-calls-for-nationwide-subsurface-mapping-to-safeguard-us-su/","IN_SITEMAP","200 OK","YES","NO","YES","YES","CLASS A — INDEXABLE","CLASS F — UNKNOWN GOOGLE STATUS"
"https://thesamachardaily.in/articles/business/nbfcs-warn-rbis-revolvingcredit-ban-could-widen-to-more-lenders/","src/articles/business/nbfcs-warn-rbis-revolvingcredit-ban-could-widen-to-more-lenders.md","Business","2026-09-04T02:44:41Z",423,"INDEX","https://thesamachardaily.in/articles/business/nbfcs-warn-rbis-revolvingcredit-ban-could-widen-to-more-lenders/","IN_SITEMAP","200 OK","YES","NO","YES","YES","CLASS A — INDEXABLE","CLASS F — UNKNOWN GOOGLE STATUS"
"https://thesamachardaily.in/articles/business/nevada-candidate-sandra-jauregui-proposes-ban-on-elected-officials-trading-stocks/","src/articles/business/nevada-candidate-sandra-jauregui-proposes-ban-on-elected-officials-trading-stocks.md","Business","2026-09-10T06:33:13Z",279,"INDEX","https://thesamachardaily.in/articles/business/nevada-candidate-sandra-jauregui-proposes-ban-on-elected-officials-trading-stocks/","IN_SITEMAP","200 OK","NO","NO","YES","YES","CLASS A — INDEXABLE","CLASS F — UNKNOWN GOOGLE STATUS"
"https://thesamachardaily.in/articles/business/new-report-blames-fed-regulators-for-silicon-valley-bank-collapse-says-official/","src/articles/business/new-report-blames-fed-regulators-for-silicon-valley-bank-collapse-says-official.md","Business","2026-09-19T04:40:34Z",100,"INDEX","https://thesamachardaily.in/articles/business/new-report-blames-fed-regulators-for-silicon-valley-bank-collapse-says-official/","IN_SITEMAP","200 OK","YES","NO","YES","YES","CLASS A — INDEXABLE","CLASS F — UNKNOWN GOOGLE STATUS"
"https://thesamachardaily.in/articles/business/nifty-seen-eyeing-24296-resistance-on-weekly-expiry-day-23853-acts-as-key-support/","src/articles/business/nifty-seen-eyeing-24296-resistance-on-weekly-expiry-day-23853-acts-as-key-support.md","Business","2026-09-02T14:44:56Z",386,"INDEX","https://thesamachardaily.in/articles/business/nifty-seen-eyeing-24296-resistance-on-weekly-expiry-day-23853-acts-as-key-support/","IN_SITEMAP","200 OK","NO","NO","YES","YES","CLASS A — INDEXABLE","CLASS F — UNKNOWN GOOGLE STATUS"
"https://thesamachardaily.in/articles/business/nike-teams-with-nyc-streetwear-label-wagyu-for-new-air-max-90-drop/","src/articles/business/nike-teams-with-nyc-streetwear-label-wagyu-for-new-air-max-90-drop.md","Business","2026-09-03T02:44:40Z",282,"INDEX","https://thesamachardaily.in/articles/business/nike-teams-with-nyc-streetwear-label-wagyu-for-new-air-max-90-drop/","IN_SITEMAP","200 OK","YES","NO","YES","YES","CLASS A — INDEXABLE","CLASS F — UNKNOWN GOOGLE STATUS"
"https://thesamachardaily.in/articles/business/nj-democrats-revolt-against-ag-attempting-to-block-paramount-warner-deal/","src/articles/business/nj-democrats-revolt-against-ag-attempting-to-block-paramount-warner-deal.md","Business","2026-09-02T08:44:57Z",278,"INDEX","https://thesamachardaily.in/articles/business/nj-democrats-revolt-against-ag-attempting-to-block-paramount-warner-deal/","IN_SITEMAP","200 OK","YES","NO","YES","YES","CLASS A — INDEXABLE","CLASS F — UNKNOWN GOOGLE STATUS"
"https://thesamachardaily.in/articles/business/no-shortage-of-sugar-retail-prices-have-started-declining-ministry-of-food-publi/","src/articles/business/no-shortage-of-sugar-retail-prices-have-started-declining-ministry-of-food-publi.md","Business","2026-08-28T23:48:31Z",283,"INDEX","https://thesamachardaily.in/articles/business/no-shortage-of-sugar-retail-prices-have-started-declining-ministry-of-food-publi/","IN_SITEMAP","200 OK","YES","NO","YES","YES","CLASS A — INDEXABLE","CLASS F — UNKNOWN GOOGLE STATUS"
"https://thesamachardaily.in/articles/business/nse-sets-ipo-price-band-at-rs-17001785-issue-opens-sep-17-with-8share-lot/","src/articles/business/nse-sets-ipo-price-band-at-rs-17001785-issue-opens-sep-17-with-8share-lot.md","Business","2026-09-11T12:55:59Z",296,"INDEX","https://thesamachardaily.in/articles/business/nse-sets-ipo-price-band-at-rs-17001785-issue-opens-sep-17-with-8share-lot/","IN_SITEMAP","200 OK","YES","NO","YES","YES","CLASS A — INDEXABLE","CLASS F — UNKNOWN GOOGLE STATUS"
"https://thesamachardaily.in/articles/business/odynn-ceo-john-taylor-garner-outlines-market-view-and-customer-focus-in-cb-insights-i/","src/articles/business/odynn-ceo-john-taylor-garner-outlines-market-view-and-customer-focus-in-cb-insights-i.md","Business","2026-09-12T08:55:58Z",63,"NOINDEX","https://thesamachardaily.in/articles/business/odynn-ceo-john-taylor-garner-outlines-market-view-and-customer-focus-in-cb-insights-i/","OMITTED","200 OK","NO","NO","YES","YES","CLASS B — INTENTIONALLY NOINDEX","CLASS F — UNKNOWN GOOGLE STATUS"
"https://thesamachardaily.in/articles/business/ohio-board-greenlights-159m-in-tax-credits-for-hybrid-electric-aircraft-maker-near-sp/","src/articles/business/ohio-board-greenlights-159m-in-tax-credits-for-hybrid-electric-aircraft-maker-near-sp.md","Business","2026-09-01T14:45:55Z",402,"INDEX","https://thesamachardaily.in/articles/business/ohio-board-greenlights-159m-in-tax-credits-for-hybrid-electric-aircraft-maker-near-sp/","IN_SITEMAP","200 OK","YES","NO","YES","YES","CLASS A — INDEXABLE","CLASS F — UNKNOWN GOOGLE STATUS"
"https://thesamachardaily.in/articles/business/oil-iocl-exit-gabon-block-end-decade-old-oil-project/","src/articles/business/oil-iocl-exit-gabon-block-end-decade-old-oil-project.md","Business","2026-08-29T06:13:08Z",262,"INDEX","https://thesamachardaily.in/articles/business/oil-iocl-exit-gabon-block-end-decade-old-oil-project/","IN_SITEMAP","200 OK","NO","NO","YES","YES","CLASS A — INDEXABLE","CLASS F — UNKNOWN GOOGLE STATUS"
"https://thesamachardaily.in/articles/business/oil-prices-edge-higher-as-persian-gulf-tanker-attacks-raise-supply-concerns/","src/articles/business/oil-prices-edge-higher-as-persian-gulf-tanker-attacks-raise-supply-concerns.md","Business","2026-09-07T18:44:38Z",350,"INDEX","https://thesamachardaily.in/articles/business/oil-prices-edge-higher-as-persian-gulf-tanker-attacks-raise-supply-concerns/","IN_SITEMAP","200 OK","YES","NO","YES","YES","CLASS A — INDEXABLE","CLASS F — UNKNOWN GOOGLE STATUS"
"https://thesamachardaily.in/articles/business/orion180-insurance-prices-ipo-at-12-per-share-20-million-shares-offered/","src/articles/business/orion180-insurance-prices-ipo-at-12-per-share-20-million-shares-offered.md","Business","2026-09-21T20:40:33Z",40,"INDEX","https://thesamachardaily.in/articles/business/orion180-insurance-prices-ipo-at-12-per-share-20-million-shares-offered/","IN_SITEMAP","200 OK","NO","NO","YES","YES","CLASS A — INDEXABLE","CLASS F — UNKNOWN GOOGLE STATUS"
"https://thesamachardaily.in/articles/business/pakistans-five-refineries-set-for-6-billion-upgrade-push/","src/articles/business/pakistans-five-refineries-set-for-6-billion-upgrade-push.md","Business","2026-08-29T00:01:07Z",237,"INDEX","https://thesamachardaily.in/articles/business/pakistans-five-refineries-set-for-6-billion-upgrade-push/","IN_SITEMAP","200 OK","YES","NO","YES","YES","CLASS A — INDEXABLE","CLASS F — UNKNOWN GOOGLE STATUS"
"https://thesamachardaily.in/articles/business/paul-tudor-jones-warns-investors-of-stock-outlook-through-2036-bofa-data-concurs/","src/articles/business/paul-tudor-jones-warns-investors-of-stock-outlook-through-2036-bofa-data-concurs.md","Business","2026-09-19T10:40:35Z",38,"INDEX","https://thesamachardaily.in/articles/business/paul-tudor-jones-warns-investors-of-stock-outlook-through-2036-bofa-data-concurs/","IN_SITEMAP","200 OK","NO","NO","YES","YES","CLASS A — INDEXABLE","CLASS F — UNKNOWN GOOGLE STATUS"
"https://thesamachardaily.in/articles/business/phillip-frost-spends-4-million-on-safe-pro-group-shares-draws-whalewatchalerts-notice/","src/articles/business/phillip-frost-spends-4-million-on-safe-pro-group-shares-draws-whalewatchalerts-notice.md","Business","2026-09-16T06:40:40Z",82,"INDEX","https://thesamachardaily.in/articles/business/phillip-frost-spends-4-million-on-safe-pro-group-shares-draws-whalewatchalerts-notice/","IN_SITEMAP","200 OK","NO","NO","YES","YES","CLASS A — INDEXABLE","CLASS F — UNKNOWN GOOGLE STATUS"
"https://thesamachardaily.in/articles/business/pilgrims-pride-prices-senior-notes-offering-in-greeley-colorado/","src/articles/business/pilgrims-pride-prices-senior-notes-offering-in-greeley-colorado.md","Business","2026-09-10T08:33:15Z",240,"INDEX","https://thesamachardaily.in/articles/business/pilgrims-pride-prices-senior-notes-offering-in-greeley-colorado/","IN_SITEMAP","200 OK","YES","NO","YES","YES","CLASS A — INDEXABLE","CLASS F — UNKNOWN GOOGLE STATUS"
"https://thesamachardaily.in/articles/business/premium-outdoor-tv-maker-sylvox-slashes-55-inch-4k-120hz-model-to-1799/","src/articles/business/premium-outdoor-tv-maker-sylvox-slashes-55-inch-4k-120hz-model-to-1799.md","Business","2026-09-04T12:45:30Z",314,"INDEX","https://thesamachardaily.in/articles/business/premium-outdoor-tv-maker-sylvox-slashes-55-inch-4k-120hz-model-to-1799/","IN_SITEMAP","200 OK","YES","NO","YES","YES","CLASS A — INDEXABLE","CLASS F — UNKNOWN GOOGLE STATUS"
"https://thesamachardaily.in/articles/business/primerica-inc-pri-shares-sold-by-royal-london-asset-management-ltd/","src/articles/business/primerica-inc-pri-shares-sold-by-royal-london-asset-management-ltd.md","Business","2026-08-30T22:57:02Z",324,"INDEX","https://thesamachardaily.in/articles/business/primerica-inc-pri-shares-sold-by-royal-london-asset-management-ltd/","IN_SITEMAP","200 OK","YES","NO","YES","YES","CLASS A — INDEXABLE","CLASS F — UNKNOWN GOOGLE STATUS"
"https://thesamachardaily.in/articles/business/priority-jewels-ipo-jewellery-makers-public-issue-fully-booked-on-first-day-of-b/","src/articles/business/priority-jewels-ipo-jewellery-makers-public-issue-fully-booked-on-first-day-of-b.md","Business","2026-08-28T22:43:17Z",208,"INDEX","https://thesamachardaily.in/articles/business/priority-jewels-ipo-jewellery-makers-public-issue-fully-booked-on-first-day-of-b/","IN_SITEMAP","200 OK","YES","NO","YES","YES","CLASS A — INDEXABLE","CLASS F — UNKNOWN GOOGLE STATUS"
"https://thesamachardaily.in/articles/business/public-employees-retirement-system-of-ohio-buys-ralliant-corporation-shares/","src/articles/business/public-employees-retirement-system-of-ohio-buys-ralliant-corporation-shares.md","Business","2026-09-06T20:47:10Z",311,"INDEX","https://thesamachardaily.in/articles/business/public-employees-retirement-system-of-ohio-buys-ralliant-corporation-shares/","IN_SITEMAP","200 OK","NO","NO","YES","YES","CLASS A — INDEXABLE","CLASS F — UNKNOWN GOOGLE STATUS"
"https://thesamachardaily.in/articles/business/pvr-inox-launches-rs-300-crore-buyback-detailing-tender-ratios-for-retail-shareholder/","src/articles/business/pvr-inox-launches-rs-300-crore-buyback-detailing-tender-ratios-for-retail-shareholder.md","Business","2026-09-10T14:33:18Z",245,"INDEX","https://thesamachardaily.in/articles/business/pvr-inox-launches-rs-300-crore-buyback-detailing-tender-ratios-for-retail-shareholder/","IN_SITEMAP","200 OK","NO","NO","YES","YES","CLASS A — INDEXABLE","CLASS F — UNKNOWN GOOGLE STATUS"
"https://thesamachardaily.in/articles/business/pw-consulting-worldwide-slim-drapery-motors-market-to-hit-usd-73193-million-by-2032-a/","src/articles/business/pw-consulting-worldwide-slim-drapery-motors-market-to-hit-usd-73193-million-by-2032-a.md","Business","2026-08-29T10:56:23Z",168,"INDEX","https://thesamachardaily.in/articles/business/pw-consulting-worldwide-slim-drapery-motors-market-to-hit-usd-73193-million-by-2032-a/","IN_SITEMAP","200 OK","NO","NO","YES","YES","CLASS A — INDEXABLE","CLASS F — UNKNOWN GOOGLE STATUS"
"https://thesamachardaily.in/articles/business/q-comm-rakhi-sales-meesho-posts-36-order-surge-amazon-sees-25x-spike-in-premium-/","src/articles/business/q-comm-rakhi-sales-meesho-posts-36-order-surge-amazon-sees-25x-spike-in-premium-.md","Business","2026-08-29T04:13:23Z",212,"INDEX","https://thesamachardaily.in/articles/business/q-comm-rakhi-sales-meesho-posts-36-order-surge-amazon-sees-25x-spike-in-premium-/","IN_SITEMAP","200 OK","NO","NO","YES","YES","CLASS A — INDEXABLE","CLASS F — UNKNOWN GOOGLE STATUS"
"https://thesamachardaily.in/articles/business/rain-token-eyes-record-high-as-whale-buying-offsets-retail-selling-pressure/","src/articles/business/rain-token-eyes-record-high-as-whale-buying-offsets-retail-selling-pressure.md","Business","2026-09-04T04:45:06Z",319,"INDEX","https://thesamachardaily.in/articles/business/rain-token-eyes-record-high-as-whale-buying-offsets-retail-selling-pressure/","IN_SITEMAP","200 OK","YES","NO","YES","YES","CLASS A — INDEXABLE","CLASS F — UNKNOWN GOOGLE STATUS"
"https://thesamachardaily.in/articles/business/rbi-steps-up-intervention-as-rupee-remains-locked-in-narrow-range/","src/articles/business/rbi-steps-up-intervention-as-rupee-remains-locked-in-narrow-range.md","Business","2026-08-28T22:56:35Z",260,"INDEX","https://thesamachardaily.in/articles/business/rbi-steps-up-intervention-as-rupee-remains-locked-in-narrow-range/","IN_SITEMAP","200 OK","YES","NO","YES","YES","CLASS A — INDEXABLE","CLASS F — UNKNOWN GOOGLE STATUS"
"https://thesamachardaily.in/articles/business/refurbished-hamilton-beach-17l-glass-kettle-sells-for-2999/","src/articles/business/refurbished-hamilton-beach-17l-glass-kettle-sells-for-2999.md","Business","2026-09-22T06:40:38Z",51,"INDEX","https://thesamachardaily.in/articles/business/refurbished-hamilton-beach-17l-glass-kettle-sells-for-2999/","IN_SITEMAP","200 OK","YES","NO","YES","YES","CLASS A — INDEXABLE","CLASS F — UNKNOWN GOOGLE STATUS"
"https://thesamachardaily.in/articles/business/renault-unveils-niagara-halfton-pickup-targeting-south-american-growth/","src/articles/business/renault-unveils-niagara-halfton-pickup-targeting-south-american-growth.md","Business","2026-09-11T18:55:58Z",75,"NOINDEX","https://thesamachardaily.in/articles/business/renault-unveils-niagara-halfton-pickup-targeting-south-american-growth/","OMITTED","200 OK","NO","NO","YES","YES","CLASS B — INTENTIONALLY NOINDEX","CLASS F — UNKNOWN GOOGLE STATUS"
"https://thesamachardaily.in/articles/business/ripple-targets-13-trillion-corporate-treasury-market-for-stablecoin-expansion/","src/articles/business/ripple-targets-13-trillion-corporate-treasury-market-for-stablecoin-expansion.md","Business","2026-09-14T10:40:40Z",81,"INDEX","https://thesamachardaily.in/articles/business/ripple-targets-13-trillion-corporate-treasury-market-for-stablecoin-expansion/","IN_SITEMAP","200 OK","YES","NO","YES","YES","CLASS A — INDEXABLE","CLASS F — UNKNOWN GOOGLE STATUS"
"https://thesamachardaily.in/articles/business/robbins-llp-alerts-investors-to-fuelcell-energy-class-action-for-junesept-2026-purcha/","src/articles/business/robbins-llp-alerts-investors-to-fuelcell-energy-class-action-for-junesept-2026-purcha.md","Business","2026-09-15T06:40:37Z",64,"INDEX","https://thesamachardaily.in/articles/business/robbins-llp-alerts-investors-to-fuelcell-energy-class-action-for-junesept-2026-purcha/","IN_SITEMAP","200 OK","YES","NO","YES","YES","CLASS A — INDEXABLE","CLASS F — UNKNOWN GOOGLE STATUS"
"https://thesamachardaily.in/articles/business/rock-commerce-janesville-unemployment-falls-in-july-as-beloit-rate-rises/","src/articles/business/rock-commerce-janesville-unemployment-falls-in-july-as-beloit-rate-rises.md","Business","2026-08-29T10:50:00Z",125,"NOINDEX","https://thesamachardaily.in/articles/business/rock-commerce-janesville-unemployment-falls-in-july-as-beloit-rate-rises/","OMITTED","200 OK","YES","NO","YES","YES","CLASS B — INTENTIONALLY NOINDEX","CLASS F — UNKNOWN GOOGLE STATUS"
"https://thesamachardaily.in/articles/business/rosen-law-urges-wise-group-investors-with-100k-losses-to-secure-counsel-before-class/","src/articles/business/rosen-law-urges-wise-group-investors-with-100k-losses-to-secure-counsel-before-class.md","Business","2026-09-07T02:44:41Z",354,"INDEX","https://thesamachardaily.in/articles/business/rosen-law-urges-wise-group-investors-with-100k-losses-to-secure-counsel-before-class/","IN_SITEMAP","200 OK","YES","NO","YES","YES","CLASS A — INDEXABLE","CLASS F — UNKNOWN GOOGLE STATUS"
"https://thesamachardaily.in/articles/business/sensex-and-nifty-rise-modestly-as-brent-crude-tops-100-amid-geopolitical-strain/","src/articles/business/sensex-and-nifty-rise-modestly-as-brent-crude-tops-100-amid-geopolitical-strain.md","Business","2026-09-10T16:33:15Z",232,"INDEX","https://thesamachardaily.in/articles/business/sensex-and-nifty-rise-modestly-as-brent-crude-tops-100-amid-geopolitical-strain/","IN_SITEMAP","200 OK","YES","NO","YES","YES","CLASS A — INDEXABLE","CLASS F — UNKNOWN GOOGLE STATUS"
"https://thesamachardaily.in/articles/business/shareholder-rights-firm-files-class-action-against-beta-bionics-opens-lead-plaintiff/","src/articles/business/shareholder-rights-firm-files-class-action-against-beta-bionics-opens-lead-plaintiff.md","Business","2026-09-05T12:44:40Z",315,"INDEX","https://thesamachardaily.in/articles/business/shareholder-rights-firm-files-class-action-against-beta-bionics-opens-lead-plaintiff/","IN_SITEMAP","200 OK","YES","NO","YES","YES","CLASS A — INDEXABLE","CLASS F — UNKNOWN GOOGLE STATUS"
"https://thesamachardaily.in/articles/business/sharp-swings-in-closing-auction-keep-traders-on-edge/","src/articles/business/sharp-swings-in-closing-auction-keep-traders-on-edge.md","Business","2026-08-29T05:13:02Z",189,"INDEX","https://thesamachardaily.in/articles/business/sharp-swings-in-closing-auction-keep-traders-on-edge/","IN_SITEMAP","200 OK","NO","NO","YES","YES","CLASS A — INDEXABLE","CLASS F — UNKNOWN GOOGLE STATUS"
"https://thesamachardaily.in/articles/business/shree-cements-jaintia-hills-plant-sparks-debate-over-industrial-growth-and-impact/","src/articles/business/shree-cements-jaintia-hills-plant-sparks-debate-over-industrial-growth-and-impact.md","Business","2026-09-01T12:45:06Z",229,"INDEX","https://thesamachardaily.in/articles/business/shree-cements-jaintia-hills-plant-sparks-debate-over-industrial-growth-and-impact/","IN_SITEMAP","200 OK","YES","NO","YES","YES","CLASS A — INDEXABLE","CLASS F — UNKNOWN GOOGLE STATUS"
"https://thesamachardaily.in/articles/business/shufti-unveils-global-bank-account-verification-merging-ownership-and-identity-checks/","src/articles/business/shufti-unveils-global-bank-account-verification-merging-ownership-and-identity-checks.md","Business","2026-09-16T20:40:56Z",75,"INDEX","https://thesamachardaily.in/articles/business/shufti-unveils-global-bank-account-verification-merging-ownership-and-identity-checks/","IN_SITEMAP","200 OK","YES","NO","YES","YES","CLASS A — INDEXABLE","CLASS F — UNKNOWN GOOGLE STATUS"
"https://thesamachardaily.in/articles/business/silver-at-a-crossroads-analysts-scrutinize-support-levels-across-spot-and-futures/","src/articles/business/silver-at-a-crossroads-analysts-scrutinize-support-levels-across-spot-and-futures.md","Business","2026-09-03T22:44:38Z",302,"INDEX","https://thesamachardaily.in/articles/business/silver-at-a-crossroads-analysts-scrutinize-support-levels-across-spot-and-futures/","IN_SITEMAP","200 OK","YES","NO","YES","YES","CLASS A — INDEXABLE","CLASS F — UNKNOWN GOOGLE STATUS"
"https://thesamachardaily.in/articles/business/simplify-bitcoin-strategy-plus-income-etf-nasdaqmaxi-short-interest-down-660-in-augus/","src/articles/business/simplify-bitcoin-strategy-plus-income-etf-nasdaqmaxi-short-interest-down-660-in-augus.md","Business","2026-08-29T11:22:03Z",171,"INDEX","https://thesamachardaily.in/articles/business/simplify-bitcoin-strategy-plus-income-etf-nasdaqmaxi-short-interest-down-660-in-augus/","IN_SITEMAP","200 OK","YES","NO","YES","YES","CLASS A — INDEXABLE","CLASS F — UNKNOWN GOOGLE STATUS"
"https://thesamachardaily.in/articles/business/six-months-of-war-drive-fuel-uncertainty-in-ny/","src/articles/business/six-months-of-war-drive-fuel-uncertainty-in-ny.md","Business","2026-08-29T11:39:35Z",143,"INDEX","https://thesamachardaily.in/articles/business/six-months-of-war-drive-fuel-uncertainty-in-ny/","IN_SITEMAP","200 OK","YES","NO","YES","YES","CLASS A — INDEXABLE","CLASS F — UNKNOWN GOOGLE STATUS"
"https://thesamachardaily.in/articles/business/sizewell-a-sends-15000-t-of-concrete-to-sizewell-c-slashing-emissions-and-traffic/","src/articles/business/sizewell-a-sends-15000-t-of-concrete-to-sizewell-c-slashing-emissions-and-traffic.md","Business","2026-09-14T20:40:38Z",78,"INDEX","https://thesamachardaily.in/articles/business/sizewell-a-sends-15000-t-of-concrete-to-sizewell-c-slashing-emissions-and-traffic/","IN_SITEMAP","200 OK","NO","NO","YES","YES","CLASS A — INDEXABLE","CLASS F — UNKNOWN GOOGLE STATUS"
"https://thesamachardaily.in/articles/business/small-cap-nuclear-reactor-designer-crashes-83-but-fuel-suppliers-and-power-producers/","src/articles/business/small-cap-nuclear-reactor-designer-crashes-83-but-fuel-suppliers-and-power-producers.md","Business","2026-09-06T08:45:34Z",348,"INDEX","https://thesamachardaily.in/articles/business/small-cap-nuclear-reactor-designer-crashes-83-but-fuel-suppliers-and-power-producers/","IN_SITEMAP","200 OK","YES","NO","YES","YES","CLASS A — INDEXABLE","CLASS F — UNKNOWN GOOGLE STATUS"
"https://thesamachardaily.in/articles/business/solstein-capital-increases-stake-in-global-x-defense-tech-etf-by-345-in-q2/","src/articles/business/solstein-capital-increases-stake-in-global-x-defense-tech-etf-by-345-in-q2.md","Business","2026-09-01T22:44:40Z",212,"INDEX","https://thesamachardaily.in/articles/business/solstein-capital-increases-stake-in-global-x-defense-tech-etf-by-345-in-q2/","IN_SITEMAP","200 OK","YES","NO","YES","YES","CLASS A — INDEXABLE","CLASS F — UNKNOWN GOOGLE STATUS"
"https://thesamachardaily.in/articles/business/some-investors-label-volkswagen-not-fixable-amid-strategic-uncertainty/","src/articles/business/some-investors-label-volkswagen-not-fixable-amid-strategic-uncertainty.md","Business","2026-09-06T12:46:41Z",350,"INDEX","https://thesamachardaily.in/articles/business/some-investors-label-volkswagen-not-fixable-amid-strategic-uncertainty/","IN_SITEMAP","200 OK","YES","NO","YES","YES","CLASS A — INDEXABLE","CLASS F — UNKNOWN GOOGLE STATUS"
"https://thesamachardaily.in/articles/business/sp-500-nasdaq-enter-september-at-crossroads-as-technical-signals-flash-mixed-cues/","src/articles/business/sp-500-nasdaq-enter-september-at-crossroads-as-technical-signals-flash-mixed-cues.md","Business","2026-09-02T00:44:56Z",438,"INDEX","https://thesamachardaily.in/articles/business/sp-500-nasdaq-enter-september-at-crossroads-as-technical-signals-flash-mixed-cues/","IN_SITEMAP","200 OK","YES","NO","YES","YES","CLASS A — INDEXABLE","CLASS F — UNKNOWN GOOGLE STATUS"
"https://thesamachardaily.in/articles/business/sp-500-volatility-threatens-return-as-stock-dispersion-fades-and-ctas-shift-to-seller/","src/articles/business/sp-500-volatility-threatens-return-as-stock-dispersion-fades-and-ctas-shift-to-seller.md","Business","2026-09-02T18:45:46Z",268,"INDEX","https://thesamachardaily.in/articles/business/sp-500-volatility-threatens-return-as-stock-dispersion-fades-and-ctas-shift-to-seller/","IN_SITEMAP","200 OK","YES","NO","YES","YES","CLASS A — INDEXABLE","CLASS F — UNKNOWN GOOGLE STATUS"
"https://thesamachardaily.in/articles/business/spinnova-signs-nonbinding-loi-to-acquire-portuguese-yarn-maker-tearfil-15-m-bridge-lo/","src/articles/business/spinnova-signs-nonbinding-loi-to-acquire-portuguese-yarn-maker-tearfil-15-m-bridge-lo.md","Business","2026-09-18T04:40:41Z",88,"INDEX","https://thesamachardaily.in/articles/business/spinnova-signs-nonbinding-loi-to-acquire-portuguese-yarn-maker-tearfil-15-m-bridge-lo/","IN_SITEMAP","200 OK","NO","NO","YES","YES","CLASS A — INDEXABLE","CLASS F — UNKNOWN GOOGLE STATUS"
"https://thesamachardaily.in/articles/business/squarepoint-ops-llc-adds-14-million-position-in-ishares-midcap-etf-ijh/","src/articles/business/squarepoint-ops-llc-adds-14-million-position-in-ishares-midcap-etf-ijh.md","Business","2026-09-17T20:40:38Z",79,"INDEX","https://thesamachardaily.in/articles/business/squarepoint-ops-llc-adds-14-million-position-in-ishares-midcap-etf-ijh/","IN_SITEMAP","200 OK","NO","NO","YES","YES","CLASS A — INDEXABLE","CLASS F — UNKNOWN GOOGLE STATUS"
"https://thesamachardaily.in/articles/business/stable-money-rolls-out-badhte-jao-campaign-to-celebrate-indias-fixed-deposits/","src/articles/business/stable-money-rolls-out-badhte-jao-campaign-to-celebrate-indias-fixed-deposits.md","Business","2026-09-16T00:40:35Z",165,"INDEX","https://thesamachardaily.in/articles/business/stable-money-rolls-out-badhte-jao-campaign-to-celebrate-indias-fixed-deposits/","IN_SITEMAP","200 OK","NO","NO","YES","YES","CLASS A — INDEXABLE","CLASS F — UNKNOWN GOOGLE STATUS"
"https://thesamachardaily.in/articles/business/starlink-leads-satellite-internet-as-europe-commits-156b-to-rival-projects/","src/articles/business/starlink-leads-satellite-internet-as-europe-commits-156b-to-rival-projects.md","Business","2026-09-13T00:56:02Z",48,"INDEX","https://thesamachardaily.in/articles/business/starlink-leads-satellite-internet-as-europe-commits-156b-to-rival-projects/","IN_SITEMAP","200 OK","NO","NO","YES","YES","CLASS A — INDEXABLE","CLASS F — UNKNOWN GOOGLE STATUS"
"https://thesamachardaily.in/articles/business/stock-markets-rebound-ending-2-day-losing-streak-on-buying-in-it-firms-sensex-ju/","src/articles/business/stock-markets-rebound-ending-2-day-losing-streak-on-buying-in-it-firms-sensex-ju.md","Business","2026-08-28T23:35:20Z",226,"INDEX","https://thesamachardaily.in/articles/business/stock-markets-rebound-ending-2-day-losing-streak-on-buying-in-it-firms-sensex-ju/","IN_SITEMAP","200 OK","YES","NO","YES","YES","CLASS A — INDEXABLE","CLASS F — UNKNOWN GOOGLE STATUS"
"https://thesamachardaily.in/articles/business/stocks-tumble-into-cpi-day-and-fed-week-as-september-seasonality-fears-mount/","src/articles/business/stocks-tumble-into-cpi-day-and-fed-week-as-september-seasonality-fears-mount.md","Business","2026-09-11T06:56:41Z",263,"INDEX","https://thesamachardaily.in/articles/business/stocks-tumble-into-cpi-day-and-fed-week-as-september-seasonality-fears-mount/","IN_SITEMAP","200 OK","YES","NO","YES","YES","CLASS A — INDEXABLE","CLASS F — UNKNOWN GOOGLE STATUS"
"https://thesamachardaily.in/articles/business/strategy-launches-bitcoin-themed-air-jordan-sneakers-at-250/","src/articles/business/strategy-launches-bitcoin-themed-air-jordan-sneakers-at-250.md","Business","2026-09-05T02:46:17Z",404,"INDEX","https://thesamachardaily.in/articles/business/strategy-launches-bitcoin-themed-air-jordan-sneakers-at-250/","IN_SITEMAP","200 OK","YES","NO","YES","YES","CLASS A — INDEXABLE","CLASS F — UNKNOWN GOOGLE STATUS"
"https://thesamachardaily.in/articles/business/stripes-attempted-takeover-of-paypal-has-collapsedagain/","src/articles/business/stripes-attempted-takeover-of-paypal-has-collapsedagain.md","Business","2026-08-30T12:41:50Z",122,"INDEX","https://thesamachardaily.in/articles/business/stripes-attempted-takeover-of-paypal-has-collapsedagain/","IN_SITEMAP","200 OK","YES","NO","YES","YES","CLASS A — INDEXABLE","CLASS F — UNKNOWN GOOGLE STATUS"
"https://thesamachardaily.in/articles/business/studded-jewellery-lifts-indias-august-export-growth-as-cpd-falls-labgrown-diamonds-su/","src/articles/business/studded-jewellery-lifts-indias-august-export-growth-as-cpd-falls-labgrown-diamonds-su.md","Business","2026-09-13T06:55:55Z",53,"INDEX","https://thesamachardaily.in/articles/business/studded-jewellery-lifts-indias-august-export-growth-as-cpd-falls-labgrown-diamonds-su/","IN_SITEMAP","200 OK","YES","NO","YES","YES","CLASS A — INDEXABLE","CLASS F — UNKNOWN GOOGLE STATUS"
"https://thesamachardaily.in/articles/business/sugar-prices-remain-firm-across-india-despite-measures-to-check-rise/","src/articles/business/sugar-prices-remain-firm-across-india-despite-measures-to-check-rise.md","Business","2026-08-31T02:57:02Z",342,"INDEX","https://thesamachardaily.in/articles/business/sugar-prices-remain-firm-across-india-despite-measures-to-check-rise/","IN_SITEMAP","200 OK","YES","NO","YES","YES","CLASS A — INDEXABLE","CLASS F — UNKNOWN GOOGLE STATUS"
"https://thesamachardaily.in/articles/business/taco-bell-rolls-out-new-chocolate-icecream-taco-dessert-nationwide/","src/articles/business/taco-bell-rolls-out-new-chocolate-icecream-taco-dessert-nationwide.md","Business","2026-09-02T10:44:43Z",295,"INDEX","https://thesamachardaily.in/articles/business/taco-bell-rolls-out-new-chocolate-icecream-taco-dessert-nationwide/","IN_SITEMAP","200 OK","YES","NO","YES","YES","CLASS A — INDEXABLE","CLASS F — UNKNOWN GOOGLE STATUS"
"https://thesamachardaily.in/articles/business/tattoo-review-reality-series-expands-to-four-charlotte-platforms-filming-at-new-tatto/","src/articles/business/tattoo-review-reality-series-expands-to-four-charlotte-platforms-filming-at-new-tatto.md","Business","2026-09-05T04:44:36Z",288,"INDEX","https://thesamachardaily.in/articles/business/tattoo-review-reality-series-expands-to-four-charlotte-platforms-filming-at-new-tatto/","IN_SITEMAP","200 OK","YES","NO","YES","YES","CLASS A — INDEXABLE","CLASS F — UNKNOWN GOOGLE STATUS"
"https://thesamachardaily.in/articles/business/three-seasons-wealth-acquires-211-million-new-stake-in-technipfmc/","src/articles/business/three-seasons-wealth-acquires-211-million-new-stake-in-technipfmc.md","Business","2026-09-05T22:44:59Z",249,"INDEX","https://thesamachardaily.in/articles/business/three-seasons-wealth-acquires-211-million-new-stake-in-technipfmc/","IN_SITEMAP","200 OK","YES","NO","YES","YES","CLASS A — INDEXABLE","CLASS F — UNKNOWN GOOGLE STATUS"
"https://thesamachardaily.in/articles/business/toll-brothers-launches-kresston-luxury-community-in-montgomery-texas/","src/articles/business/toll-brothers-launches-kresston-luxury-community-in-montgomery-texas.md","Business","2026-09-02T04:44:42Z",269,"INDEX","https://thesamachardaily.in/articles/business/toll-brothers-launches-kresston-luxury-community-in-montgomery-texas/","IN_SITEMAP","200 OK","YES","NO","YES","YES","CLASS A — INDEXABLE","CLASS F — UNKNOWN GOOGLE STATUS"
"https://thesamachardaily.in/articles/business/turkey-targets-syria-as-fresh-frontier-for-textile-growth/","src/articles/business/turkey-targets-syria-as-fresh-frontier-for-textile-growth.md","Business","2026-09-05T10:44:37Z",277,"INDEX","https://thesamachardaily.in/articles/business/turkey-targets-syria-as-fresh-frontier-for-textile-growth/","IN_SITEMAP","200 OK","YES","NO","YES","YES","CLASS A — INDEXABLE","CLASS F — UNKNOWN GOOGLE STATUS"
"https://thesamachardaily.in/articles/business/uk-air-traffic-control-suffers-second-outage-this-month-sparking-airline-warnings/","src/articles/business/uk-air-traffic-control-suffers-second-outage-this-month-sparking-airline-warnings.md","Business","2026-09-22T04:40:35Z",60,"INDEX","https://thesamachardaily.in/articles/business/uk-air-traffic-control-suffers-second-outage-this-month-sparking-airline-warnings/","IN_SITEMAP","200 OK","YES","NO","YES","YES","CLASS A — INDEXABLE","CLASS F — UNKNOWN GOOGLE STATUS"
"https://thesamachardaily.in/articles/business/us-bond-selloff-pushes-borrowing-costs-higher-hits-consumers-and-firms-globally/","src/articles/business/us-bond-selloff-pushes-borrowing-costs-higher-hits-consumers-and-firms-globally.md","Business","2026-09-15T22:40:40Z",71,"INDEX","https://thesamachardaily.in/articles/business/us-bond-selloff-pushes-borrowing-costs-higher-hits-consumers-and-firms-globally/","IN_SITEMAP","200 OK","YES","NO","YES","YES","CLASS A — INDEXABLE","CLASS F — UNKNOWN GOOGLE STATUS"
"https://thesamachardaily.in/articles/business/us-capital-global-securities-launches-41-million-offering-for-willamette-intermodal-g/","src/articles/business/us-capital-global-securities-launches-41-million-offering-for-willamette-intermodal-g.md","Business","2026-09-07T14:44:39Z",326,"INDEX","https://thesamachardaily.in/articles/business/us-capital-global-securities-launches-41-million-offering-for-willamette-intermodal-g/","IN_SITEMAP","200 OK","YES","NO","YES","YES","CLASS A — INDEXABLE","CLASS F — UNKNOWN GOOGLE STATUS"
"https://thesamachardaily.in/articles/business/us-central-command-reports-record-hormuz-shipments-straits-remain-uncertain/","src/articles/business/us-central-command-reports-record-hormuz-shipments-straits-remain-uncertain.md","Business","2026-09-21T08:40:59Z",229,"INDEX","https://thesamachardaily.in/articles/business/us-central-command-reports-record-hormuz-shipments-straits-remain-uncertain/","IN_SITEMAP","200 OK","YES","NO","YES","YES","CLASS A — INDEXABLE","CLASS F — UNKNOWN GOOGLE STATUS"
"https://thesamachardaily.in/articles/business/us-stocks-climb-as-tech-leads-dow-up-058-sp-105-nasdaq-164/","src/articles/business/us-stocks-climb-as-tech-leads-dow-up-058-sp-105-nasdaq-164.md","Business","2026-09-18T02:40:37Z",94,"INDEX","https://thesamachardaily.in/articles/business/us-stocks-climb-as-tech-leads-dow-up-058-sp-105-nasdaq-164/","IN_SITEMAP","200 OK","YES","NO","YES","YES","CLASS A — INDEXABLE","CLASS F — UNKNOWN GOOGLE STATUS"
"https://thesamachardaily.in/articles/business/us-treasury-yields-edge-below-494-as-oil-gains-3-bonds-recover-losses/","src/articles/business/us-treasury-yields-edge-below-494-as-oil-gains-3-bonds-recover-losses.md","Business","2026-09-18T10:40:37Z",146,"INDEX","https://thesamachardaily.in/articles/business/us-treasury-yields-edge-below-494-as-oil-gains-3-bonds-recover-losses/","IN_SITEMAP","200 OK","YES","NO","YES","YES","CLASS A — INDEXABLE","CLASS F — UNKNOWN GOOGLE STATUS"
"https://thesamachardaily.in/articles/business/uscanada-relationship-strained-25-years-after-911-over-tariffs-and-trade/","src/articles/business/uscanada-relationship-strained-25-years-after-911-over-tariffs-and-trade.md","Business","2026-09-12T12:56:03Z",51,"NOINDEX","https://thesamachardaily.in/articles/business/uscanada-relationship-strained-25-years-after-911-over-tariffs-and-trade/","OMITTED","200 OK","YES","NO","YES","YES","CLASS B — INTENTIONALLY NOINDEX","CLASS F — UNKNOWN GOOGLE STATUS"
"https://thesamachardaily.in/articles/business/uttarakhand-cabinet-raises-mbbs-intern-stipend-to-25000-adds-243-athlete-posts/","src/articles/business/uttarakhand-cabinet-raises-mbbs-intern-stipend-to-25000-adds-243-athlete-posts.md","Business","2026-09-12T22:55:58Z",72,"INDEX","https://thesamachardaily.in/articles/business/uttarakhand-cabinet-raises-mbbs-intern-stipend-to-25000-adds-243-athlete-posts/","IN_SITEMAP","200 OK","NO","NO","YES","YES","CLASS A — INDEXABLE","CLASS F — UNKNOWN GOOGLE STATUS"
"https://thesamachardaily.in/articles/business/vicor-secures-new-hampshire-sites-to-build-chip-fab-2-and-fab-3/","src/articles/business/vicor-secures-new-hampshire-sites-to-build-chip-fab-2-and-fab-3.md","Business","2026-09-12T02:56:11Z",88,"INDEX","https://thesamachardaily.in/articles/business/vicor-secures-new-hampshire-sites-to-build-chip-fab-2-and-fab-3/","IN_SITEMAP","200 OK","NO","NO","YES","YES","CLASS A — INDEXABLE","CLASS F — UNKNOWN GOOGLE STATUS"
"https://thesamachardaily.in/articles/business/virbac-issues-august-2026-share-count-disclosure-what-investors-need-to-know/","src/articles/business/virbac-issues-august-2026-share-count-disclosure-what-investors-need-to-know.md","Business","2026-09-07T20:44:58Z",308,"INDEX","https://thesamachardaily.in/articles/business/virbac-issues-august-2026-share-count-disclosure-what-investors-need-to-know/","IN_SITEMAP","200 OK","YES","NO","YES","YES","CLASS A — INDEXABLE","CLASS F — UNKNOWN GOOGLE STATUS"
"https://thesamachardaily.in/articles/business/wayne-clears-113-unit-all-affordable-complex-on-old-growth-forest-near-wayne-hills-hi/","src/articles/business/wayne-clears-113-unit-all-affordable-complex-on-old-growth-forest-near-wayne-hills-hi.md","Business","2026-08-29T11:05:10Z",164,"INDEX","https://thesamachardaily.in/articles/business/wayne-clears-113-unit-all-affordable-complex-on-old-growth-forest-near-wayne-hills-hi/","IN_SITEMAP","200 OK","NO","NO","YES","YES","CLASS A — INDEXABLE","CLASS F — UNKNOWN GOOGLE STATUS"
"https://thesamachardaily.in/articles/business/world-equities-slip-as-oil-climbs-past-100-a-barrel/","src/articles/business/world-equities-slip-as-oil-climbs-past-100-a-barrel.md","Business","2026-09-10T20:33:17Z",152,"INDEX","https://thesamachardaily.in/articles/business/world-equities-slip-as-oil-climbs-past-100-a-barrel/","IN_SITEMAP","200 OK","YES","NO","YES","YES","CLASS A — INDEXABLE","CLASS F — UNKNOWN GOOGLE STATUS"
"https://thesamachardaily.in/articles/business/zoom-adds-former-oracle-cfo-jeff-epstein-to-board-as-jonathan-chadwick-steps-down/","src/articles/business/zoom-adds-former-oracle-cfo-jeff-epstein-to-board-as-jonathan-chadwick-steps-down.md","Business","2026-09-03T08:44:39Z",235,"INDEX","https://thesamachardaily.in/articles/business/zoom-adds-former-oracle-cfo-jeff-epstein-to-board-as-jonathan-chadwick-steps-down/","IN_SITEMAP","200 OK","YES","NO","YES","YES","CLASS A — INDEXABLE","CLASS F — UNKNOWN GOOGLE STATUS"
"https://thesamachardaily.in/articles/india/1-lakh-fine-on-bengaluru-hospital-for-footpath-encroachment-on-nh-7/","src/articles/india/1-lakh-fine-on-bengaluru-hospital-for-footpath-encroachment-on-nh-7.md","India","2026-08-29T13:39:07Z",187,"INDEX","https://thesamachardaily.in/articles/india/1-lakh-fine-on-bengaluru-hospital-for-footpath-encroachment-on-nh-7/","IN_SITEMAP","200 OK","YES","NO","YES","YES","CLASS A — INDEXABLE","CLASS F — UNKNOWN GOOGLE STATUS"
"https://thesamachardaily.in/articles/india/47-lakh-names-deleted-from-delhi-voter-roll-after-revision-kejriwal-slams-exercise/","src/articles/india/47-lakh-names-deleted-from-delhi-voter-roll-after-revision-kejriwal-slams-exercise.md","India","2026-08-31T23:41:29Z",433,"INDEX","https://thesamachardaily.in/articles/india/47-lakh-names-deleted-from-delhi-voter-roll-after-revision-kejriwal-slams-exercise/","IN_SITEMAP","200 OK","YES","NO","YES","YES","CLASS A — INDEXABLE","CLASS F — UNKNOWN GOOGLE STATUS"
"https://thesamachardaily.in/articles/india/4yearold-meet-trees-shatters-kamal-haasan-record-becomes-indias-youngest-national-awa/","src/articles/india/4yearold-meet-trees-shatters-kamal-haasan-record-becomes-indias-youngest-national-awa.md","India","2026-09-12T22:10:07Z",53,"INDEX","https://thesamachardaily.in/articles/india/4yearold-meet-trees-shatters-kamal-haasan-record-becomes-indias-youngest-national-awa/","IN_SITEMAP","200 OK","YES","NO","YES","YES","CLASS A — INDEXABLE","CLASS F — UNKNOWN GOOGLE STATUS"
"https://thesamachardaily.in/articles/india/5000-polish-refugees-sheltered-in-kolhapurs-valivade-camp-during-wwii/","src/articles/india/5000-polish-refugees-sheltered-in-kolhapurs-valivade-camp-during-wwii.md","India","2026-09-03T21:56:10Z",325,"INDEX","https://thesamachardaily.in/articles/india/5000-polish-refugees-sheltered-in-kolhapurs-valivade-camp-during-wwii/","IN_SITEMAP","200 OK","YES","NO","YES","YES","CLASS A — INDEXABLE","CLASS F — UNKNOWN GOOGLE STATUS"
"https://thesamachardaily.in/articles/india/81yearold-modi-schoolmate-regains-land-after-meeting-prime-minister-bjp-mla-firm-with/","src/articles/india/81yearold-modi-schoolmate-regains-land-after-meeting-prime-minister-bjp-mla-firm-with.md","India","2026-09-16T19:30:28Z",89,"INDEX","https://thesamachardaily.in/articles/india/81yearold-modi-schoolmate-regains-land-after-meeting-prime-minister-bjp-mla-firm-with/","IN_SITEMAP","200 OK","NO","NO","YES","YES","CLASS A — INDEXABLE","CLASS F — UNKNOWN GOOGLE STATUS"
"https://thesamachardaily.in/articles/india/abhishek-banerjee-alleges-bjp-linked-ransacking-of-tmc-office-in-kolkata/","src/articles/india/abhishek-banerjee-alleges-bjp-linked-ransacking-of-tmc-office-in-kolkata.md","India","2026-09-03T15:55:53Z",253,"INDEX","https://thesamachardaily.in/articles/india/abhishek-banerjee-alleges-bjp-linked-ransacking-of-tmc-office-in-kolkata/","IN_SITEMAP","200 OK","YES","NO","YES","YES","CLASS A — INDEXABLE","CLASS F — UNKNOWN GOOGLE STATUS"
"https://thesamachardaily.in/articles/india/abvp-files-dusu-election-nominations-intensifies-pg-safety-and-hostel-demand-campaign/","src/articles/india/abvp-files-dusu-election-nominations-intensifies-pg-safety-and-hostel-demand-campaign.md","India","2026-09-11T04:13:02Z",406,"INDEX","https://thesamachardaily.in/articles/india/abvp-files-dusu-election-nominations-intensifies-pg-safety-and-hostel-demand-campaign/","IN_SITEMAP","200 OK","NO","NO","YES","YES","CLASS A — INDEXABLE","CLASS F — UNKNOWN GOOGLE STATUS"
"https://thesamachardaily.in/articles/india/abvp-slams-congress-nsui-for-politicising-satya-niketan-tragedy-questions-hostel-plan/","src/articles/india/abvp-slams-congress-nsui-for-politicising-satya-niketan-tragedy-questions-hostel-plan.md","India","2026-09-17T00:30:34Z",166,"INDEX","https://thesamachardaily.in/articles/india/abvp-slams-congress-nsui-for-politicising-satya-niketan-tragedy-questions-hostel-plan/","IN_SITEMAP","200 OK","NO","NO","YES","YES","CLASS A — INDEXABLE","CLASS F — UNKNOWN GOOGLE STATUS"
"https://thesamachardaily.in/articles/india/actor-zain-imam-removes-instagram-app-from-phone-keeps-account-active/","src/articles/india/actor-zain-imam-removes-instagram-app-from-phone-keeps-account-active.md","India","2026-09-11T20:10:08Z",63,"NOINDEX","https://thesamachardaily.in/articles/india/actor-zain-imam-removes-instagram-app-from-phone-keeps-account-active/","OMITTED","200 OK","YES","NO","YES","YES","CLASS B — INTENTIONALLY NOINDEX","CLASS F — UNKNOWN GOOGLE STATUS"
"https://thesamachardaily.in/articles/india/actress-hina-khan-urges-eco-friendly-ganpati-idols-in-meeting-with-maharashtra-govern/","src/articles/india/actress-hina-khan-urges-eco-friendly-ganpati-idols-in-meeting-with-maharashtra-govern.md","India","2026-09-14T03:30:25Z",65,"INDEX","https://thesamachardaily.in/articles/india/actress-hina-khan-urges-eco-friendly-ganpati-idols-in-meeting-with-maharashtra-govern/","IN_SITEMAP","200 OK","NO","NO","YES","YES","CLASS A — INDEXABLE","CLASS F — UNKNOWN GOOGLE STATUS"
"https://thesamachardaily.in/articles/india/actress-samantha-ruth-prabhu-dons-gold-kanjivaram-at-traditional-baby-shower/","src/articles/india/actress-samantha-ruth-prabhu-dons-gold-kanjivaram-at-traditional-baby-shower.md","India","2026-09-16T05:30:27Z",82,"INDEX","https://thesamachardaily.in/articles/india/actress-samantha-ruth-prabhu-dons-gold-kanjivaram-at-traditional-baby-shower/","IN_SITEMAP","200 OK","YES","NO","YES","YES","CLASS A — INDEXABLE","CLASS F — UNKNOWN GOOGLE STATUS"
"https://thesamachardaily.in/articles/india/aero-india-2027-set-for-feb-8-12-in-bangalore-showcasing-aerospace-might/","src/articles/india/aero-india-2027-set-for-feb-8-12-in-bangalore-showcasing-aerospace-might.md","India","2026-09-03T17:55:52Z",273,"INDEX","https://thesamachardaily.in/articles/india/aero-india-2027-set-for-feb-8-12-in-bangalore-showcasing-aerospace-might/","IN_SITEMAP","200 OK","YES","NO","YES","YES","CLASS A — INDEXABLE","CLASS F — UNKNOWN GOOGLE STATUS"
"https://thesamachardaily.in/articles/india/after-rs-40k-annual-aid-pledge-akhilesh-promises-to-reopen-26000-schools-closed-down/","src/articles/india/after-rs-40k-annual-aid-pledge-akhilesh-promises-to-reopen-26000-schools-closed-down.md","India","2026-08-30T23:33:50Z",288,"INDEX","https://thesamachardaily.in/articles/india/after-rs-40k-annual-aid-pledge-akhilesh-promises-to-reopen-26000-schools-closed-down/","IN_SITEMAP","200 OK","YES","NO","YES","YES","CLASS A — INDEXABLE","CLASS F — UNKNOWN GOOGLE STATUS"
"https://thesamachardaily.in/articles/india/aidso-slams-west-bengal-cm-suvendu-adhikaris-saffron-flags-remark-on-campus-polls/","src/articles/india/aidso-slams-west-bengal-cm-suvendu-adhikaris-saffron-flags-remark-on-campus-polls.md","India","2026-09-01T20:56:34Z",292,"INDEX","https://thesamachardaily.in/articles/india/aidso-slams-west-bengal-cm-suvendu-adhikaris-saffron-flags-remark-on-campus-polls/","IN_SITEMAP","200 OK","NO","NO","YES","YES","CLASS A — INDEXABLE","CLASS F — UNKNOWN GOOGLE STATUS"
"https://thesamachardaily.in/articles/india/air-india-fires-phuket-delhi-flight-commander-after-positive-psychoactive-substance-t/","src/articles/india/air-india-fires-phuket-delhi-flight-commander-after-positive-psychoactive-substance-t.md","India","2026-09-05T03:56:16Z",469,"INDEX","https://thesamachardaily.in/articles/india/air-india-fires-phuket-delhi-flight-commander-after-positive-psychoactive-substance-t/","IN_SITEMAP","200 OK","YES","NO","YES","YES","CLASS A — INDEXABLE","CLASS F — UNKNOWN GOOGLE STATUS"
"https://thesamachardaily.in/articles/india/aishwarya-rai-defends-living-with-parents-says-independence-isnt-about-moving-out/","src/articles/india/aishwarya-rai-defends-living-with-parents-says-independence-isnt-about-moving-out.md","India","2026-09-14T16:30:26Z",156,"INDEX","https://thesamachardaily.in/articles/india/aishwarya-rai-defends-living-with-parents-says-independence-isnt-about-moving-out/","IN_SITEMAP","200 OK","NO","NO","YES","YES","CLASS A — INDEXABLE","CLASS F — UNKNOWN GOOGLE STATUS"
"https://thesamachardaily.in/articles/india/akali-dal-meets-governor-demands-cbi-probe-into-corruption-at-punjab-cm-office/","src/articles/india/akali-dal-meets-governor-demands-cbi-probe-into-corruption-at-punjab-cm-office.md","India","2026-09-04T00:57:01Z",340,"INDEX","https://thesamachardaily.in/articles/india/akali-dal-meets-governor-demands-cbi-probe-into-corruption-at-punjab-cm-office/","IN_SITEMAP","200 OK","YES","NO","YES","YES","CLASS A — INDEXABLE","CLASS F — UNKNOWN GOOGLE STATUS"
"https://thesamachardaily.in/articles/india/akasa-air-launches-hanoi-service-expands-southeast-asia-footprint/","src/articles/india/akasa-air-launches-hanoi-service-expands-southeast-asia-footprint.md","India","2026-09-07T18:57:57Z",365,"INDEX","https://thesamachardaily.in/articles/india/akasa-air-launches-hanoi-service-expands-southeast-asia-footprint/","IN_SITEMAP","200 OK","YES","NO","YES","YES","CLASS A — INDEXABLE","CLASS F — UNKNOWN GOOGLE STATUS"
"https://thesamachardaily.in/articles/india/amit-shah-hails-pm-modis-25-year-public-record-launches-seva-sankalp-abhiyan/","src/articles/india/amit-shah-hails-pm-modis-25-year-public-record-launches-seva-sankalp-abhiyan.md","India","2026-09-17T19:31:28Z",67,"INDEX","https://thesamachardaily.in/articles/india/amit-shah-hails-pm-modis-25-year-public-record-launches-seva-sankalp-abhiyan/","IN_SITEMAP","200 OK","NO","NO","YES","YES","CLASS A — INDEXABLE","CLASS F — UNKNOWN GOOGLE STATUS"
"https://thesamachardaily.in/articles/india/anwar-ibrahim-and-modi-invoke-my-brother-as-personal-touch-in-brics-diplomacy/","src/articles/india/anwar-ibrahim-and-modi-invoke-my-brother-as-personal-touch-in-brics-diplomacy.md","India","2026-09-12T07:10:07Z",72,"NOINDEX","https://thesamachardaily.in/articles/india/anwar-ibrahim-and-modi-invoke-my-brother-as-personal-touch-in-brics-diplomacy/","OMITTED","200 OK","YES","NO","YES","YES","CLASS B — INTENTIONALLY NOINDEX","CLASS F — UNKNOWN GOOGLE STATUS"
"https://thesamachardaily.in/articles/india/apollo-hospital-fined-4311-lakh-for-negligence-in-2013-stroke-death/","src/articles/india/apollo-hospital-fined-4311-lakh-for-negligence-in-2013-stroke-death.md","India","2026-09-13T15:10:15Z",170,"INDEX","https://thesamachardaily.in/articles/india/apollo-hospital-fined-4311-lakh-for-negligence-in-2013-stroke-death/","IN_SITEMAP","200 OK","NO","NO","YES","YES","CLASS A — INDEXABLE","CLASS F — UNKNOWN GOOGLE STATUS"
"https://thesamachardaily.in/articles/india/apple-maps-gets-transit-support-in-india-with-public-transport-directions-and-mo/","src/articles/india/apple-maps-gets-transit-support-in-india-with-public-transport-directions-and-mo.md","India","2026-08-29T07:13:24Z",214,"INDEX","https://thesamachardaily.in/articles/india/apple-maps-gets-transit-support-in-india-with-public-transport-directions-and-mo/","IN_SITEMAP","200 OK","YES","NO","YES","YES","CLASS A — INDEXABLE","CLASS F — UNKNOWN GOOGLE STATUS"
"https://thesamachardaily.in/articles/india/ar-rahman-urges-filmmakers-to-spotlight-kashmirs-peace-and-natural-splendor/","src/articles/india/ar-rahman-urges-filmmakers-to-spotlight-kashmirs-peace-and-natural-splendor.md","India","2026-09-13T13:10:15Z",115,"INDEX","https://thesamachardaily.in/articles/india/ar-rahman-urges-filmmakers-to-spotlight-kashmirs-peace-and-natural-splendor/","IN_SITEMAP","200 OK","YES","NO","YES","YES","CLASS A — INDEXABLE","CLASS F — UNKNOWN GOOGLE STATUS"
"https://thesamachardaily.in/articles/india/army-soldier-missing-in-yamuna-river-after-boat-capsizes-in-yamunanagar/","src/articles/india/army-soldier-missing-in-yamuna-river-after-boat-capsizes-in-yamunanagar.md","India","2026-09-02T09:55:59Z",207,"INDEX","https://thesamachardaily.in/articles/india/army-soldier-missing-in-yamuna-river-after-boat-capsizes-in-yamunanagar/","IN_SITEMAP","200 OK","YES","NO","YES","YES","CLASS A — INDEXABLE","CLASS F — UNKNOWN GOOGLE STATUS"
"https://thesamachardaily.in/articles/india/asieris-pharmaceuticals-releases-2026-semi-annual-report-core-product-commercial/","src/articles/india/asieris-pharmaceuticals-releases-2026-semi-annual-report-core-product-commercial.md","India","2026-08-28T23:31:28Z",264,"INDEX","https://thesamachardaily.in/articles/india/asieris-pharmaceuticals-releases-2026-semi-annual-report-core-product-commercial/","IN_SITEMAP","200 OK","NO","NO","YES","YES","CLASS A — INDEXABLE","CLASS F — UNKNOWN GOOGLE STATUS"
"https://thesamachardaily.in/articles/india/assam-cm-sarma-disburses-financial-aid-to-youth-and-flood-hit-families-under-cm-fligh/","src/articles/india/assam-cm-sarma-disburses-financial-aid-to-youth-and-flood-hit-families-under-cm-fligh.md","India","2026-09-02T03:56:09Z",407,"INDEX","https://thesamachardaily.in/articles/india/assam-cm-sarma-disburses-financial-aid-to-youth-and-flood-hit-families-under-cm-fligh/","IN_SITEMAP","200 OK","YES","NO","YES","YES","CLASS A — INDEXABLE","CLASS F — UNKNOWN GOOGLE STATUS"
"https://thesamachardaily.in/articles/india/assam-plans-20000-new-police-5000-promotions-in-overhaul-plan/","src/articles/india/assam-plans-20000-new-police-5000-promotions-in-overhaul-plan.md","India","2026-09-04T04:58:04Z",351,"INDEX","https://thesamachardaily.in/articles/india/assam-plans-20000-new-police-5000-promotions-in-overhaul-plan/","IN_SITEMAP","200 OK","YES","NO","YES","YES","CLASS A — INDEXABLE","CLASS F — UNKNOWN GOOGLE STATUS"
"https://thesamachardaily.in/articles/india/assam-vigilance-arrests-two-in-morigaon-over-mobikwik-e-wallet-fraud-case/","src/articles/india/assam-vigilance-arrests-two-in-morigaon-over-mobikwik-e-wallet-fraud-case.md","India","2026-09-19T02:30:50Z",195,"INDEX","https://thesamachardaily.in/articles/india/assam-vigilance-arrests-two-in-morigaon-over-mobikwik-e-wallet-fraud-case/","IN_SITEMAP","200 OK","NO","NO","YES","YES","CLASS A — INDEXABLE","CLASS F — UNKNOWN GOOGLE STATUS"
"https://thesamachardaily.in/articles/india/aus-c-art-facility-reviewed-under-mission-mausam-for-eastern-coast-weather-research/","src/articles/india/aus-c-art-facility-reviewed-under-mission-mausam-for-eastern-coast-weather-research.md","India","2026-09-06T05:55:48Z",351,"INDEX","https://thesamachardaily.in/articles/india/aus-c-art-facility-reviewed-under-mission-mausam-for-eastern-coast-weather-research/","IN_SITEMAP","200 OK","YES","NO","YES","YES","CLASS A — INDEXABLE","CLASS F — UNKNOWN GOOGLE STATUS"
"https://thesamachardaily.in/articles/india/bal-asha-trust-marks-40-years-of-mumbai-based-child-welfare-and-rehabilitation-work/","src/articles/india/bal-asha-trust-marks-40-years-of-mumbai-based-child-welfare-and-rehabilitation-work.md","India","2026-09-07T09:56:39Z",302,"INDEX","https://thesamachardaily.in/articles/india/bal-asha-trust-marks-40-years-of-mumbai-based-child-welfare-and-rehabilitation-work/","IN_SITEMAP","200 OK","YES","NO","YES","YES","CLASS A — INDEXABLE","CLASS F — UNKNOWN GOOGLE STATUS"
"https://thesamachardaily.in/articles/india/balcony-privacy-woes-in-indian-apartments-six-plants-offer-a-natural-screen/","src/articles/india/balcony-privacy-woes-in-indian-apartments-six-plants-offer-a-natural-screen.md","India","2026-09-17T18:30:29Z",91,"INDEX","https://thesamachardaily.in/articles/india/balcony-privacy-woes-in-indian-apartments-six-plants-offer-a-natural-screen/","IN_SITEMAP","200 OK","YES","NO","YES","YES","CLASS A — INDEXABLE","CLASS F — UNKNOWN GOOGLE STATUS"
"https://thesamachardaily.in/articles/india/banaganapalle-mangoes-deccans-golden-benishan-traced-to-historic-orchards/","src/articles/india/banaganapalle-mangoes-deccans-golden-benishan-traced-to-historic-orchards.md","India","2026-09-19T15:30:26Z",66,"INDEX","https://thesamachardaily.in/articles/india/banaganapalle-mangoes-deccans-golden-benishan-traced-to-historic-orchards/","IN_SITEMAP","200 OK","NO","NO","YES","YES","CLASS A — INDEXABLE","CLASS F — UNKNOWN GOOGLE STATUS"
"https://thesamachardaily.in/articles/india/bdls-asraam-assembly-integration-and-testing-facility-now-fully-operational/","src/articles/india/bdls-asraam-assembly-integration-and-testing-facility-now-fully-operational.md","India","2026-09-13T17:00:13Z",65,"INDEX","https://thesamachardaily.in/articles/india/bdls-asraam-assembly-integration-and-testing-facility-now-fully-operational/","IN_SITEMAP","200 OK","NO","NO","YES","YES","CLASS A — INDEXABLE","CLASS F — UNKNOWN GOOGLE STATUS"
"https://thesamachardaily.in/articles/india/bengaluru-airport-customs-seizes-gold-worth-rs-16-lakh-hidden-in-passengers-mouth/","src/articles/india/bengaluru-airport-customs-seizes-gold-worth-rs-16-lakh-hidden-in-passengers-mouth.md","India","2026-09-02T07:56:05Z",267,"INDEX","https://thesamachardaily.in/articles/india/bengaluru-airport-customs-seizes-gold-worth-rs-16-lakh-hidden-in-passengers-mouth/","IN_SITEMAP","200 OK","YES","NO","YES","YES","CLASS A — INDEXABLE","CLASS F — UNKNOWN GOOGLE STATUS"
"https://thesamachardaily.in/articles/india/bengaluru-logs-2311-railway-track-trespassing-cases-in-just-two-months/","src/articles/india/bengaluru-logs-2311-railway-track-trespassing-cases-in-just-two-months.md","India","2026-09-03T20:56:00Z",375,"INDEX","https://thesamachardaily.in/articles/india/bengaluru-logs-2311-railway-track-trespassing-cases-in-just-two-months/","IN_SITEMAP","200 OK","YES","NO","YES","YES","CLASS A — INDEXABLE","CLASS F — UNKNOWN GOOGLE STATUS"
"https://thesamachardaily.in/articles/india/bengaluru-peptide-wellness-event-cancelled-amid-safety-concerns/","src/articles/india/bengaluru-peptide-wellness-event-cancelled-amid-safety-concerns.md","India","2026-09-02T19:55:51Z",249,"INDEX","https://thesamachardaily.in/articles/india/bengaluru-peptide-wellness-event-cancelled-amid-safety-concerns/","IN_SITEMAP","200 OK","YES","NO","YES","YES","CLASS A — INDEXABLE","CLASS F — UNKNOWN GOOGLE STATUS"
"https://thesamachardaily.in/articles/india/bengaluru-police-arrest-two-for-befriending-women-and-stealing-gold-worth-rs-19-lakh/","src/articles/india/bengaluru-police-arrest-two-for-befriending-women-and-stealing-gold-worth-rs-19-lakh.md","India","2026-09-05T12:56:17Z",195,"INDEX","https://thesamachardaily.in/articles/india/bengaluru-police-arrest-two-for-befriending-women-and-stealing-gold-worth-rs-19-lakh/","IN_SITEMAP","200 OK","YES","NO","YES","YES","CLASS A — INDEXABLE","CLASS F — UNKNOWN GOOGLE STATUS"
"https://thesamachardaily.in/articles/india/bengaluru-police-arrest-two-for-scamming-women-recover-gold-worth-rs-19-lakh/","src/articles/india/bengaluru-police-arrest-two-for-scamming-women-recover-gold-worth-rs-19-lakh.md","India","2026-09-05T14:56:26Z",340,"INDEX","https://thesamachardaily.in/articles/india/bengaluru-police-arrest-two-for-scamming-women-recover-gold-worth-rs-19-lakh/","IN_SITEMAP","200 OK","YES","NO","YES","YES","CLASS A — INDEXABLE","CLASS F — UNKNOWN GOOGLE STATUS"
"https://thesamachardaily.in/articles/india/bengaluru-police-seize-illegal-mobile-phones-in-jail-arrest-nine/","src/articles/india/bengaluru-police-seize-illegal-mobile-phones-in-jail-arrest-nine.md","India","2026-09-12T11:10:05Z",83,"INDEX","https://thesamachardaily.in/articles/india/bengaluru-police-seize-illegal-mobile-phones-in-jail-arrest-nine/","IN_SITEMAP","200 OK","YES","NO","YES","YES","CLASS A — INDEXABLE","CLASS F — UNKNOWN GOOGLE STATUS"
"https://thesamachardaily.in/articles/india/bengaluru-protesters-form-human-chain-around-3-billion-year-old-lalbagh-rock-to-halt/","src/articles/india/bengaluru-protesters-form-human-chain-around-3-billion-year-old-lalbagh-rock-to-halt.md","India","2026-09-03T01:56:02Z",307,"INDEX","https://thesamachardaily.in/articles/india/bengaluru-protesters-form-human-chain-around-3-billion-year-old-lalbagh-rock-to-halt/","IN_SITEMAP","200 OK","YES","NO","YES","YES","CLASS A — INDEXABLE","CLASS F — UNKNOWN GOOGLE STATUS"
"https://thesamachardaily.in/articles/india/bengaluru-sees-multi-pronged-crackdowns-food-safety-raids-loan-assault-arrest-politic/","src/articles/india/bengaluru-sees-multi-pronged-crackdowns-food-safety-raids-loan-assault-arrest-politic.md","India","2026-09-05T15:56:38Z",367,"INDEX","https://thesamachardaily.in/articles/india/bengaluru-sees-multi-pronged-crackdowns-food-safety-raids-loan-assault-arrest-politic/","IN_SITEMAP","200 OK","YES","NO","YES","YES","CLASS A — INDEXABLE","CLASS F — UNKNOWN GOOGLE STATUS"
"https://thesamachardaily.in/articles/india/bigg-boss-marathis-irina-rudakova-seeks-police-help-after-mumbai-auto-driver-assault/","src/articles/india/bigg-boss-marathis-irina-rudakova-seeks-police-help-after-mumbai-auto-driver-assault.md","India","2026-09-05T02:56:14Z",377,"INDEX","https://thesamachardaily.in/articles/india/bigg-boss-marathis-irina-rudakova-seeks-police-help-after-mumbai-auto-driver-assault/","IN_SITEMAP","200 OK","NO","NO","YES","YES","CLASS A — INDEXABLE","CLASS F — UNKNOWN GOOGLE STATUS"
"https://thesamachardaily.in/articles/india/bihar-cooperation-officers-receive-training-from-ncel-ncol-and-bbssl/","src/articles/india/bihar-cooperation-officers-receive-training-from-ncel-ncol-and-bbssl.md","India","2026-09-10T20:47:48Z",363,"INDEX","https://thesamachardaily.in/articles/india/bihar-cooperation-officers-receive-training-from-ncel-ncol-and-bbssl/","IN_SITEMAP","200 OK","NO","NO","YES","YES","CLASS A — INDEXABLE","CLASS F — UNKNOWN GOOGLE STATUS"
"https://thesamachardaily.in/articles/india/bihar-government-announces-cash-relief-for-flooddisplaced-new-mothers/","src/articles/india/bihar-government-announces-cash-relief-for-flooddisplaced-new-mothers.md","India","2026-09-06T03:55:54Z",351,"INDEX","https://thesamachardaily.in/articles/india/bihar-government-announces-cash-relief-for-flooddisplaced-new-mothers/","IN_SITEMAP","200 OK","YES","NO","YES","YES","CLASS A — INDEXABLE","CLASS F — UNKNOWN GOOGLE STATUS"
"https://thesamachardaily.in/articles/india/bihar-orders-cbi-to-obtain-state-clearance-before-probing-its-employees/","src/articles/india/bihar-orders-cbi-to-obtain-state-clearance-before-probing-its-employees.md","India","2026-09-06T09:55:54Z",319,"INDEX","https://thesamachardaily.in/articles/india/bihar-orders-cbi-to-obtain-state-clearance-before-probing-its-employees/","IN_SITEMAP","200 OK","YES","NO","YES","YES","CLASS A — INDEXABLE","CLASS F — UNKNOWN GOOGLE STATUS"
"https://thesamachardaily.in/articles/india/bjp-and-congress-spar-over-brics-declaration-each-citing-nehrus-legacy/","src/articles/india/bjp-and-congress-spar-over-brics-declaration-each-citing-nehrus-legacy.md","India","2026-09-13T14:10:08Z",93,"INDEX","https://thesamachardaily.in/articles/india/bjp-and-congress-spar-over-brics-declaration-each-citing-nehrus-legacy/","IN_SITEMAP","200 OK","NO","NO","YES","YES","CLASS A — INDEXABLE","CLASS F — UNKNOWN GOOGLE STATUS"
"https://thesamachardaily.in/articles/india/bjp-chief-nitin-nabin-expresses-displeasure-over-3-delhi-mps-visiting-sajjan-kumars-r/","src/articles/india/bjp-chief-nitin-nabin-expresses-displeasure-over-3-delhi-mps-visiting-sajjan-kumars-r.md","India","2026-08-29T23:52:36Z",112,"INDEX","https://thesamachardaily.in/articles/india/bjp-chief-nitin-nabin-expresses-displeasure-over-3-delhi-mps-visiting-sajjan-kumars-r/","IN_SITEMAP","200 OK","YES","NO","YES","YES","CLASS A — INDEXABLE","CLASS F — UNKNOWN GOOGLE STATUS"
"https://thesamachardaily.in/articles/india/bjp-launches-fiveday-karnataka-padayatra-to-contest-twostanza-vande-mataram-limit/","src/articles/india/bjp-launches-fiveday-karnataka-padayatra-to-contest-twostanza-vande-mataram-limit.md","India","2026-09-13T03:10:08Z",75,"INDEX","https://thesamachardaily.in/articles/india/bjp-launches-fiveday-karnataka-padayatra-to-contest-twostanza-vande-mataram-limit/","IN_SITEMAP","200 OK","NO","NO","YES","YES","CLASS A — INDEXABLE","CLASS F — UNKNOWN GOOGLE STATUS"
"https://thesamachardaily.in/articles/india/bjp-launches-month-long-seva-sankalp-abhiyan-from-sept-17-to-mark-pm-modis-25-years-i/","src/articles/india/bjp-launches-month-long-seva-sankalp-abhiyan-from-sept-17-to-mark-pm-modis-25-years-i.md","India","2026-09-04T16:56:07Z",314,"INDEX","https://thesamachardaily.in/articles/india/bjp-launches-month-long-seva-sankalp-abhiyan-from-sept-17-to-mark-pm-modis-25-years-i/","IN_SITEMAP","200 OK","YES","NO","YES","YES","CLASS A — INDEXABLE","CLASS F — UNKNOWN GOOGLE STATUS"
"https://thesamachardaily.in/articles/india/bjp-leader-urges-vvcmc-to-bar-nonhindu-firms-from-ganeshotsav-contracts/","src/articles/india/bjp-leader-urges-vvcmc-to-bar-nonhindu-firms-from-ganeshotsav-contracts.md","India","2026-09-11T05:10:18Z",316,"INDEX","https://thesamachardaily.in/articles/india/bjp-leader-urges-vvcmc-to-bar-nonhindu-firms-from-ganeshotsav-contracts/","IN_SITEMAP","200 OK","NO","NO","YES","YES","CLASS A — INDEXABLE","CLASS F — UNKNOWN GOOGLE STATUS"
"https://thesamachardaily.in/articles/india/bjp-mla-payal-shankar-slams-telangana-govt-over-fee-dues-land-disputes/","src/articles/india/bjp-mla-payal-shankar-slams-telangana-govt-over-fee-dues-land-disputes.md","India","2026-09-11T17:43:30Z",104,"INDEX","https://thesamachardaily.in/articles/india/bjp-mla-payal-shankar-slams-telangana-govt-over-fee-dues-land-disputes/","IN_SITEMAP","200 OK","NO","NO","YES","YES","CLASS A — INDEXABLE","CLASS F — UNKNOWN GOOGLE STATUS"
"https://thesamachardaily.in/articles/india/bjps-nitin-nabin-calls-for-nationwide-ashirvaad-ka-diya-on-pm-modis-birthday/","src/articles/india/bjps-nitin-nabin-calls-for-nationwide-ashirvaad-ka-diya-on-pm-modis-birthday.md","India","2026-09-15T02:30:30Z",121,"INDEX","https://thesamachardaily.in/articles/india/bjps-nitin-nabin-calls-for-nationwide-ashirvaad-ka-diya-on-pm-modis-birthday/","IN_SITEMAP","200 OK","NO","NO","YES","YES","CLASS A — INDEXABLE","CLASS F — UNKNOWN GOOGLE STATUS"
"https://thesamachardaily.in/articles/india/bombay-hc-orders-cbi-probe-into-2020-death-of-sushants-former-manager-disha-salian/","src/articles/india/bombay-hc-orders-cbi-probe-into-2020-death-of-sushants-former-manager-disha-salian.md","India","2026-09-02T21:56:05Z",317,"INDEX","https://thesamachardaily.in/articles/india/bombay-hc-orders-cbi-probe-into-2020-death-of-sushants-former-manager-disha-salian/","IN_SITEMAP","200 OK","YES","NO","YES","YES","CLASS A — INDEXABLE","CLASS F — UNKNOWN GOOGLE STATUS"
"https://thesamachardaily.in/articles/india/borders-and-belonging/","src/articles/india/borders-and-belonging.md","India","2026-08-30T12:52:33Z",138,"INDEX","https://thesamachardaily.in/articles/india/borders-and-belonging/","IN_SITEMAP","200 OK","YES","NO","YES","YES","CLASS A — INDEXABLE","CLASS F — UNKNOWN GOOGLE STATUS"
"https://thesamachardaily.in/articles/india/burglars-use-gas-cutters-to-loot-two-sbi-atms-in-karimnagar-telangana-stealing-rs-8-l/","src/articles/india/burglars-use-gas-cutters-to-loot-two-sbi-atms-in-karimnagar-telangana-stealing-rs-8-l.md","India","2026-09-20T21:30:29Z",163,"INDEX","https://thesamachardaily.in/articles/india/burglars-use-gas-cutters-to-loot-two-sbi-atms-in-karimnagar-telangana-stealing-rs-8-l/","IN_SITEMAP","200 OK","YES","NO","YES","YES","CLASS A — INDEXABLE","CLASS F — UNKNOWN GOOGLE STATUS"
"https://thesamachardaily.in/articles/india/canada-probes-indian-import-risks-following-fake-food-label-raid-in-mumbai/","src/articles/india/canada-probes-indian-import-risks-following-fake-food-label-raid-in-mumbai.md","India","2026-09-04T07:56:26Z",403,"INDEX","https://thesamachardaily.in/articles/india/canada-probes-indian-import-risks-following-fake-food-label-raid-in-mumbai/","IN_SITEMAP","200 OK","YES","NO","YES","YES","CLASS A — INDEXABLE","CLASS F — UNKNOWN GOOGLE STATUS"
"https://thesamachardaily.in/articles/india/canada-sees-cepa-talks-with-india-wrapping-up-by-yearend-trade-minister-says/","src/articles/india/canada-sees-cepa-talks-with-india-wrapping-up-by-yearend-trade-minister-says.md","India","2026-09-19T23:30:27Z",50,"INDEX","https://thesamachardaily.in/articles/india/canada-sees-cepa-talks-with-india-wrapping-up-by-yearend-trade-minister-says/","IN_SITEMAP","200 OK","YES","NO","YES","YES","CLASS A — INDEXABLE","CLASS F — UNKNOWN GOOGLE STATUS"
"https://thesamachardaily.in/articles/india/cars24-cofounder-highlights-west-delhis-unlikely-role-in-success-stories/","src/articles/india/cars24-cofounder-highlights-west-delhis-unlikely-role-in-success-stories.md","India","2026-09-03T19:55:48Z",295,"INDEX","https://thesamachardaily.in/articles/india/cars24-cofounder-highlights-west-delhis-unlikely-role-in-success-stories/","IN_SITEMAP","200 OK","YES","NO","YES","YES","CLASS A — INDEXABLE","CLASS F — UNKNOWN GOOGLE STATUS"
"https://thesamachardaily.in/articles/india/cbi-arrests-mcd-official-two-others-in-15-lakh-billboard-bribery-trap/","src/articles/india/cbi-arrests-mcd-official-two-others-in-15-lakh-billboard-bribery-trap.md","India","2026-09-17T05:31:30Z",166,"INDEX","https://thesamachardaily.in/articles/india/cbi-arrests-mcd-official-two-others-in-15-lakh-billboard-bribery-trap/","IN_SITEMAP","200 OK","YES","NO","YES","YES","CLASS A — INDEXABLE","CLASS F — UNKNOWN GOOGLE STATUS"
"https://thesamachardaily.in/articles/india/centre-clears-9448-hectares-for-nh27-widening-in-kutch-sixtoeight-lane-upgrade/","src/articles/india/centre-clears-9448-hectares-for-nh27-widening-in-kutch-sixtoeight-lane-upgrade.md","India","2026-09-04T23:55:47Z",403,"INDEX","https://thesamachardaily.in/articles/india/centre-clears-9448-hectares-for-nh27-widening-in-kutch-sixtoeight-lane-upgrade/","IN_SITEMAP","200 OK","YES","NO","YES","YES","CLASS A — INDEXABLE","CLASS F — UNKNOWN GOOGLE STATUS"
"https://thesamachardaily.in/articles/india/centre-notifies-rules-mandating-ist-as-common-time-reference-180-day-window-for-compl/","src/articles/india/centre-notifies-rules-mandating-ist-as-common-time-reference-180-day-window-for-compl.md","India","2026-08-31T01:33:52Z",271,"INDEX","https://thesamachardaily.in/articles/india/centre-notifies-rules-mandating-ist-as-common-time-reference-180-day-window-for-compl/","IN_SITEMAP","200 OK","YES","NO","YES","YES","CLASS A — INDEXABLE","CLASS F — UNKNOWN GOOGLE STATUS"
"https://thesamachardaily.in/articles/india/centre-sends-engineer-rashids-north-kashmir-development-demands-to-relevant-ministrie/","src/articles/india/centre-sends-engineer-rashids-north-kashmir-development-demands-to-relevant-ministrie.md","India","2026-09-20T08:30:24Z",246,"INDEX","https://thesamachardaily.in/articles/india/centre-sends-engineer-rashids-north-kashmir-development-demands-to-relevant-ministrie/","IN_SITEMAP","200 OK","NO","NO","YES","YES","CLASS A — INDEXABLE","CLASS F — UNKNOWN GOOGLE STATUS"
"https://thesamachardaily.in/articles/india/china-expels-pla-commander-who-led-troops-against-india-in-doklam-galwan/","src/articles/india/china-expels-pla-commander-who-led-troops-against-india-in-doklam-galwan.md","India","2026-08-29T20:52:34Z",124,"INDEX","https://thesamachardaily.in/articles/india/china-expels-pla-commander-who-led-troops-against-india-in-doklam-galwan/","IN_SITEMAP","200 OK","YES","NO","YES","YES","CLASS A — INDEXABLE","CLASS F — UNKNOWN GOOGLE STATUS"
"https://thesamachardaily.in/articles/india/china-removes-ex-top-general-zhang-from-central-military-commission-state-media/","src/articles/india/china-removes-ex-top-general-zhang-from-central-military-commission-state-media.md","India","2026-08-28T23:29:37Z",246,"INDEX","https://thesamachardaily.in/articles/india/china-removes-ex-top-general-zhang-from-central-military-commission-state-media/","IN_SITEMAP","200 OK","YES","NO","YES","YES","CLASS A — INDEXABLE","CLASS F — UNKNOWN GOOGLE STATUS"
"https://thesamachardaily.in/articles/india/cjp-calls-for-overhaul-of-karnataka-public-service-commission-launches-statewide-stud/","src/articles/india/cjp-calls-for-overhaul-of-karnataka-public-service-commission-launches-statewide-stud.md","India","2026-09-12T12:10:11Z",44,"NOINDEX","https://thesamachardaily.in/articles/india/cjp-calls-for-overhaul-of-karnataka-public-service-commission-launches-statewide-stud/","OMITTED","200 OK","NO","NO","YES","YES","CLASS B — INTENTIONALLY NOINDEX","CLASS F — UNKNOWN GOOGLE STATUS"
"https://thesamachardaily.in/articles/india/cjp-founder-dipke-urges-maharashtra-to-engage-jarange-warns-against-forceful-action/","src/articles/india/cjp-founder-dipke-urges-maharashtra-to-engage-jarange-warns-against-forceful-action.md","India","2026-09-11T21:03:03Z",91,"INDEX","https://thesamachardaily.in/articles/india/cjp-founder-dipke-urges-maharashtra-to-engage-jarange-warns-against-forceful-action/","IN_SITEMAP","200 OK","NO","NO","YES","YES","CLASS A — INDEXABLE","CLASS F — UNKNOWN GOOGLE STATUS"
"https://thesamachardaily.in/articles/india/coca-cola-india-launches-festive-season-beverage-drive-to-reach-consumers/","src/articles/india/coca-cola-india-launches-festive-season-beverage-drive-to-reach-consumers.md","India","2026-09-21T18:30:26Z",82,"INDEX","https://thesamachardaily.in/articles/india/coca-cola-india-launches-festive-season-beverage-drive-to-reach-consumers/","IN_SITEMAP","200 OK","YES","NO","YES","YES","CLASS A — INDEXABLE","CLASS F — UNKNOWN GOOGLE STATUS"
"https://thesamachardaily.in/articles/india/colombo-security-conclave-wraps-three-day-tabletop-drill-at-visakhapatnam-naval-base/","src/articles/india/colombo-security-conclave-wraps-three-day-tabletop-drill-at-visakhapatnam-naval-base.md","India","2026-09-13T10:10:07Z",42,"INDEX","https://thesamachardaily.in/articles/india/colombo-security-conclave-wraps-three-day-tabletop-drill-at-visakhapatnam-naval-base/","IN_SITEMAP","200 OK","NO","NO","YES","YES","CLASS A — INDEXABLE","CLASS F — UNKNOWN GOOGLE STATUS"
"https://thesamachardaily.in/articles/india/comedian-samay-raina-roasts-varun-dhawans-border-2-and-dilwale-on-viral-indias-got-la/","src/articles/india/comedian-samay-raina-roasts-varun-dhawans-border-2-and-dilwale-on-viral-indias-got-la.md","India","2026-09-05T05:55:49Z",326,"INDEX","https://thesamachardaily.in/articles/india/comedian-samay-raina-roasts-varun-dhawans-border-2-and-dilwale-on-viral-indias-got-la/","IN_SITEMAP","200 OK","YES","NO","YES","YES","CLASS A — INDEXABLE","CLASS F — UNKNOWN GOOGLE STATUS"
"https://thesamachardaily.in/articles/india/complex-social-challenges-demand-multisector-collaboration-pratham-shows/","src/articles/india/complex-social-challenges-demand-multisector-collaboration-pratham-shows.md","India","2026-09-17T21:30:33Z",95,"INDEX","https://thesamachardaily.in/articles/india/complex-social-challenges-demand-multisector-collaboration-pratham-shows/","IN_SITEMAP","200 OK","NO","NO","YES","YES","CLASS A — INDEXABLE","CLASS F — UNKNOWN GOOGLE STATUS"
"https://thesamachardaily.in/articles/india/congress-and-bjp-clash-over-brics-summit-declarations-diplomatic-impact/","src/articles/india/congress-and-bjp-clash-over-brics-summit-declarations-diplomatic-impact.md","India","2026-09-13T18:30:26Z",54,"INDEX","https://thesamachardaily.in/articles/india/congress-and-bjp-clash-over-brics-summit-declarations-diplomatic-impact/","IN_SITEMAP","200 OK","YES","NO","YES","YES","CLASS A — INDEXABLE","CLASS F — UNKNOWN GOOGLE STATUS"
"https://thesamachardaily.in/articles/india/congress-and-bjp-vie-for-dalit-support-amid-haldwani-purification-controversy/","src/articles/india/congress-and-bjp-vie-for-dalit-support-amid-haldwani-purification-controversy.md","India","2026-09-10T13:47:52Z",176,"INDEX","https://thesamachardaily.in/articles/india/congress-and-bjp-vie-for-dalit-support-amid-haldwani-purification-controversy/","IN_SITEMAP","200 OK","NO","NO","YES","YES","CLASS A — INDEXABLE","CLASS F — UNKNOWN GOOGLE STATUS"
"https://thesamachardaily.in/articles/india/congress-attacks-modi-government-over-ex-finance-secretarys-gdp-remarks/","src/articles/india/congress-attacks-modi-government-over-ex-finance-secretarys-gdp-remarks.md","India","2026-09-02T18:56:02Z",354,"INDEX","https://thesamachardaily.in/articles/india/congress-attacks-modi-government-over-ex-finance-secretarys-gdp-remarks/","IN_SITEMAP","200 OK","YES","NO","YES","YES","CLASS A — INDEXABLE","CLASS F — UNKNOWN GOOGLE STATUS"
"https://thesamachardaily.in/articles/india/congress-govt-repeatedly-facing-court-setbacks-over-unconstitutional-laws-bjp/","src/articles/india/congress-govt-repeatedly-facing-court-setbacks-over-unconstitutional-laws-bjp.md","India","2026-08-29T06:12:58Z",284,"INDEX","https://thesamachardaily.in/articles/india/congress-govt-repeatedly-facing-court-setbacks-over-unconstitutional-laws-bjp/","IN_SITEMAP","200 OK","YES","NO","YES","YES","CLASS A — INDEXABLE","CLASS F — UNKNOWN GOOGLE STATUS"
"https://thesamachardaily.in/articles/india/congress-mulls-response-after-nsui-loses-all-dusu-central-seats/","src/articles/india/congress-mulls-response-after-nsui-loses-all-dusu-central-seats.md","India","2026-09-21T21:30:29Z",59,"INDEX","https://thesamachardaily.in/articles/india/congress-mulls-response-after-nsui-loses-all-dusu-central-seats/","IN_SITEMAP","200 OK","YES","NO","YES","YES","CLASS A — INDEXABLE","CLASS F — UNKNOWN GOOGLE STATUS"
"https://thesamachardaily.in/articles/india/congresss-udit-raj-urges-indiachina-talks-on-aksai-chin-ladakh-arunachal-and-trade/","src/articles/india/congresss-udit-raj-urges-indiachina-talks-on-aksai-chin-ladakh-arunachal-and-trade.md","India","2026-09-13T00:10:14Z",146,"INDEX","https://thesamachardaily.in/articles/india/congresss-udit-raj-urges-indiachina-talks-on-aksai-chin-ladakh-arunachal-and-trade/","IN_SITEMAP","200 OK","NO","NO","YES","YES","CLASS A — INDEXABLE","CLASS F — UNKNOWN GOOGLE STATUS"
"https://thesamachardaily.in/articles/india/dalip-tahil-calls-shah-rukh-khan-cocky-confident-on-baazigar-set/","src/articles/india/dalip-tahil-calls-shah-rukh-khan-cocky-confident-on-baazigar-set.md","India","2026-09-10T22:23:09Z",248,"INDEX","https://thesamachardaily.in/articles/india/dalip-tahil-calls-shah-rukh-khan-cocky-confident-on-baazigar-set/","IN_SITEMAP","200 OK","NO","NO","YES","YES","CLASS A — INDEXABLE","CLASS F — UNKNOWN GOOGLE STATUS"
"https://thesamachardaily.in/articles/india/dda-conducts-stakeholder-consultations-with-civic-and-heritage-bodies-on-master-plan/","src/articles/india/dda-conducts-stakeholder-consultations-with-civic-and-heritage-bodies-on-master-plan.md","India","2026-09-11T02:10:35Z",318,"INDEX","https://thesamachardaily.in/articles/india/dda-conducts-stakeholder-consultations-with-civic-and-heritage-bodies-on-master-plan/","IN_SITEMAP","200 OK","YES","NO","YES","YES","CLASS A — INDEXABLE","CLASS F — UNKNOWN GOOGLE STATUS"
"https://thesamachardaily.in/articles/india/deeptech-draws-574-million-in-2026-capturing-84-of-indias-vc-capital/","src/articles/india/deeptech-draws-574-million-in-2026-capturing-84-of-indias-vc-capital.md","India","2026-09-14T12:30:29Z",80,"INDEX","https://thesamachardaily.in/articles/india/deeptech-draws-574-million-in-2026-capturing-84-of-indias-vc-capital/","IN_SITEMAP","200 OK","YES","NO","YES","YES","CLASS A — INDEXABLE","CLASS F — UNKNOWN GOOGLE STATUS"
"https://thesamachardaily.in/articles/india/delhi-airspace-closed-for-brics-summit-restrictions-enforced-sep-11-13/","src/articles/india/delhi-airspace-closed-for-brics-summit-restrictions-enforced-sep-11-13.md","India","2026-09-11T12:10:08Z",230,"INDEX","https://thesamachardaily.in/articles/india/delhi-airspace-closed-for-brics-summit-restrictions-enforced-sep-11-13/","IN_SITEMAP","200 OK","YES","NO","YES","YES","CLASS A — INDEXABLE","CLASS F — UNKNOWN GOOGLE STATUS"
"https://thesamachardaily.in/articles/india/delhi-bilaspur-alliance-air-flight-suffers-tyre-burst-on-landing/","src/articles/india/delhi-bilaspur-alliance-air-flight-suffers-tyre-burst-on-landing.md","India","2026-08-28T23:54:35Z",228,"INDEX","https://thesamachardaily.in/articles/india/delhi-bilaspur-alliance-air-flight-suffers-tyre-burst-on-landing/","IN_SITEMAP","200 OK","YES","NO","YES","YES","CLASS A — INDEXABLE","CLASS F — UNKNOWN GOOGLE STATUS"
"https://thesamachardaily.in/articles/india/delhi-braces-for-more-showers-on-monday-as-imd-signals-drier-weather-from-tuesday/","src/articles/india/delhi-braces-for-more-showers-on-monday-as-imd-signals-drier-weather-from-tuesday.md","India","2026-09-07T13:57:35Z",244,"INDEX","https://thesamachardaily.in/articles/india/delhi-braces-for-more-showers-on-monday-as-imd-signals-drier-weather-from-tuesday/","IN_SITEMAP","200 OK","YES","NO","YES","YES","CLASS A — INDEXABLE","CLASS F — UNKNOWN GOOGLE STATUS"
"https://thesamachardaily.in/articles/india/delhi-court-acquits-man-in-illicit-liquor-case-citing-lack-of-witnesses/","src/articles/india/delhi-court-acquits-man-in-illicit-liquor-case-citing-lack-of-witnesses.md","India","2026-09-09T23:47:50Z",250,"INDEX","https://thesamachardaily.in/articles/india/delhi-court-acquits-man-in-illicit-liquor-case-citing-lack-of-witnesses/","IN_SITEMAP","200 OK","YES","NO","YES","YES","CLASS A — INDEXABLE","CLASS F — UNKNOWN GOOGLE STATUS"
"https://thesamachardaily.in/articles/india/delhi-govt-orders-mass-sealing-of-illegal-five-storey-buildings-after-collapse/","src/articles/india/delhi-govt-orders-mass-sealing-of-illegal-five-storey-buildings-after-collapse.md","India","2026-09-07T17:57:20Z",376,"INDEX","https://thesamachardaily.in/articles/india/delhi-govt-orders-mass-sealing-of-illegal-five-storey-buildings-after-collapse/","IN_SITEMAP","200 OK","YES","NO","YES","YES","CLASS A — INDEXABLE","CLASS F — UNKNOWN GOOGLE STATUS"
"https://thesamachardaily.in/articles/india/delhi-govt-to-inaugurate-slew-of-civic-infra-projects-during-pm-modis-birthday-celebr/","src/articles/india/delhi-govt-to-inaugurate-slew-of-civic-infra-projects-during-pm-modis-birthday-celebr.md","India","2026-08-30T14:36:12Z",148,"INDEX","https://thesamachardaily.in/articles/india/delhi-govt-to-inaugurate-slew-of-civic-infra-projects-during-pm-modis-birthday-celebr/","IN_SITEMAP","200 OK","YES","NO","YES","YES","CLASS A — INDEXABLE","CLASS F — UNKNOWN GOOGLE STATUS"
"https://thesamachardaily.in/articles/india/delhi-gst-team-seizes-42-lakh-imported-esse-light-cigarettes-valued-at-rs-65-lakh/","src/articles/india/delhi-gst-team-seizes-42-lakh-imported-esse-light-cigarettes-valued-at-rs-65-lakh.md","India","2026-09-03T11:55:47Z",287,"INDEX","https://thesamachardaily.in/articles/india/delhi-gst-team-seizes-42-lakh-imported-esse-light-cigarettes-valued-at-rs-65-lakh/","IN_SITEMAP","200 OK","YES","NO","YES","YES","CLASS A — INDEXABLE","CLASS F — UNKNOWN GOOGLE STATUS"
"https://thesamachardaily.in/articles/india/delhi-high-court-threatens-to-freeze-dusu-results-over-campus-violence-summons-du-pol/","src/articles/india/delhi-high-court-threatens-to-freeze-dusu-results-over-campus-violence-summons-du-pol.md","India","2026-09-18T15:30:30Z",97,"INDEX","https://thesamachardaily.in/articles/india/delhi-high-court-threatens-to-freeze-dusu-results-over-campus-violence-summons-du-pol/","IN_SITEMAP","200 OK","YES","NO","YES","YES","CLASS A — INDEXABLE","CLASS F — UNKNOWN GOOGLE STATUS"
"https://thesamachardaily.in/articles/india/delhi-ncr-braces-for-light-rain-tuesday-as-imd-issues-thunderstorm-alerts-across-20-s/","src/articles/india/delhi-ncr-braces-for-light-rain-tuesday-as-imd-issues-thunderstorm-alerts-across-20-s.md","India","2026-09-15T15:30:26Z",183,"INDEX","https://thesamachardaily.in/articles/india/delhi-ncr-braces-for-light-rain-tuesday-as-imd-issues-thunderstorm-alerts-across-20-s/","IN_SITEMAP","200 OK","YES","NO","YES","YES","CLASS A — INDEXABLE","CLASS F — UNKNOWN GOOGLE STATUS"
"https://thesamachardaily.in/articles/india/delhi-ncr-deluged-as-imd-issues-red-alert-airport-floods-flights-diverted/","src/articles/india/delhi-ncr-deluged-as-imd-issues-red-alert-airport-floods-flights-diverted.md","India","2026-09-04T22:56:15Z",368,"INDEX","https://thesamachardaily.in/articles/india/delhi-ncr-deluged-as-imd-issues-red-alert-airport-floods-flights-diverted/","IN_SITEMAP","200 OK","YES","NO","YES","YES","CLASS A — INDEXABLE","CLASS F — UNKNOWN GOOGLE STATUS"
"https://thesamachardaily.in/articles/india/delhis-roll-revision-omits-4757-lakh-voters-karnataka-elite-flagged-for-verification/","src/articles/india/delhis-roll-revision-omits-4757-lakh-voters-karnataka-elite-flagged-for-verification.md","India","2026-09-11T23:10:05Z",119,"INDEX","https://thesamachardaily.in/articles/india/delhis-roll-revision-omits-4757-lakh-voters-karnataka-elite-flagged-for-verification/","IN_SITEMAP","200 OK","YES","NO","YES","YES","CLASS A — INDEXABLE","CLASS F — UNKNOWN GOOGLE STATUS"
"https://thesamachardaily.in/articles/india/dhruv-vikram-steps-into-stunt-double-role-for-mythris-jackie-no-retakes-allowed/","src/articles/india/dhruv-vikram-steps-into-stunt-double-role-for-mythris-jackie-no-retakes-allowed.md","India","2026-09-19T18:30:27Z",143,"INDEX","https://thesamachardaily.in/articles/india/dhruv-vikram-steps-into-stunt-double-role-for-mythris-jackie-no-retakes-allowed/","IN_SITEMAP","200 OK","YES","NO","YES","YES","CLASS A — INDEXABLE","CLASS F — UNKNOWN GOOGLE STATUS"
"https://thesamachardaily.in/articles/india/digitalisation-boosts-indian-welfare-transfers-raises-exclusion-concerns-study-finds/","src/articles/india/digitalisation-boosts-indian-welfare-transfers-raises-exclusion-concerns-study-finds.md","India","2026-09-15T16:30:33Z",80,"INDEX","https://thesamachardaily.in/articles/india/digitalisation-boosts-indian-welfare-transfers-raises-exclusion-concerns-study-finds/","IN_SITEMAP","200 OK","NO","NO","YES","YES","CLASS A — INDEXABLE","CLASS F — UNKNOWN GOOGLE STATUS"
"https://thesamachardaily.in/articles/india/dotasra-accuses-bjp-of-fencing-independents-following-sikar-civic-polls/","src/articles/india/dotasra-accuses-bjp-of-fencing-independents-following-sikar-civic-polls.md","India","2026-09-13T05:10:19Z",100,"INDEX","https://thesamachardaily.in/articles/india/dotasra-accuses-bjp-of-fencing-independents-following-sikar-civic-polls/","IN_SITEMAP","200 OK","NO","NO","YES","YES","CLASS A — INDEXABLE","CLASS F — UNKNOWN GOOGLE STATUS"
"https://thesamachardaily.in/articles/india/dr-jitendra-singh-lays-foundation-stone-of-pmgsy-roads-worth-1503-crore-in-jammu/","src/articles/india/dr-jitendra-singh-lays-foundation-stone-of-pmgsy-roads-worth-1503-crore-in-jammu.md","India","2026-08-30T11:52:35Z",160,"INDEX","https://thesamachardaily.in/articles/india/dr-jitendra-singh-lays-foundation-stone-of-pmgsy-roads-worth-1503-crore-in-jammu/","IN_SITEMAP","200 OK","YES","NO","YES","YES","CLASS A — INDEXABLE","CLASS F — UNKNOWN GOOGLE STATUS"
"https://thesamachardaily.in/articles/india/dragon-fruit-surges-in-indian-kitchens-offering-lowcalorie-fibrerich-nutrition/","src/articles/india/dragon-fruit-surges-in-indian-kitchens-offering-lowcalorie-fibrerich-nutrition.md","India","2026-09-18T21:30:31Z",95,"INDEX","https://thesamachardaily.in/articles/india/dragon-fruit-surges-in-indian-kitchens-offering-lowcalorie-fibrerich-nutrition/","IN_SITEMAP","200 OK","YES","NO","YES","YES","CLASS A — INDEXABLE","CLASS F — UNKNOWN GOOGLE STATUS"
"https://thesamachardaily.in/articles/india/dusu-elections-2026-1500-cops-deployed-as-voting-begins-across-delhi-university-campu/","src/articles/india/dusu-elections-2026-1500-cops-deployed-as-voting-begins-across-delhi-university-campu.md","India","2026-09-18T17:31:14Z",199,"INDEX","https://thesamachardaily.in/articles/india/dusu-elections-2026-1500-cops-deployed-as-voting-begins-across-delhi-university-campu/","IN_SITEMAP","200 OK","YES","NO","YES","YES","CLASS A — INDEXABLE","CLASS F — UNKNOWN GOOGLE STATUS"
"https://thesamachardaily.in/articles/india/earthship-homes-offer-offgrid-living-using-recycled-tires-solar-power-and-rainwater-i/","src/articles/india/earthship-homes-offer-offgrid-living-using-recycled-tires-solar-power-and-rainwater-i.md","India","2026-09-20T19:30:26Z",212,"INDEX","https://thesamachardaily.in/articles/india/earthship-homes-offer-offgrid-living-using-recycled-tires-solar-power-and-rainwater-i/","IN_SITEMAP","200 OK","YES","NO","YES","YES","CLASS A — INDEXABLE","CLASS F — UNKNOWN GOOGLE STATUS"
"https://thesamachardaily.in/articles/india/eco-india-episode-333-examines-waste-generation-and-circularity-for-a-sustainable-fut/","src/articles/india/eco-india-episode-333-examines-waste-generation-and-circularity-for-a-sustainable-fut.md","India","2026-09-05T21:55:48Z",215,"INDEX","https://thesamachardaily.in/articles/india/eco-india-episode-333-examines-waste-generation-and-circularity-for-a-sustainable-fut/","IN_SITEMAP","200 OK","YES","NO","YES","YES","CLASS A — INDEXABLE","CLASS F — UNKNOWN GOOGLE STATUS"
"https://thesamachardaily.in/articles/india/ed-raid-recovers-gold-watches-harish-rawat-steps-down-from-congress-posts/","src/articles/india/ed-raid-recovers-gold-watches-harish-rawat-steps-down-from-congress-posts.md","India","2026-09-13T11:10:07Z",65,"INDEX","https://thesamachardaily.in/articles/india/ed-raid-recovers-gold-watches-harish-rawat-steps-down-from-congress-posts/","IN_SITEMAP","200 OK","NO","NO","YES","YES","CLASS A — INDEXABLE","CLASS F — UNKNOWN GOOGLE STATUS"
"https://thesamachardaily.in/articles/india/ed-raids-home-and-office-of-rakesh-choudhary-in-jammu-amid-nhai-toll-fraud-probe/","src/articles/india/ed-raids-home-and-office-of-rakesh-choudhary-in-jammu-amid-nhai-toll-fraud-probe.md","India","2026-09-03T10:55:47Z",339,"INDEX","https://thesamachardaily.in/articles/india/ed-raids-home-and-office-of-rakesh-choudhary-in-jammu-amid-nhai-toll-fraud-probe/","IN_SITEMAP","200 OK","YES","NO","YES","YES","CLASS A — INDEXABLE","CLASS F — UNKNOWN GOOGLE STATUS"
"https://thesamachardaily.in/articles/india/ed-says-rs-1413160-cr-asset-recovery-wont-shield-vijay-mallya-from-moneylaundering-ca/","src/articles/india/ed-says-rs-1413160-cr-asset-recovery-wont-shield-vijay-mallya-from-moneylaundering-ca.md","India","2026-09-12T02:10:09Z",123,"INDEX","https://thesamachardaily.in/articles/india/ed-says-rs-1413160-cr-asset-recovery-wont-shield-vijay-mallya-from-moneylaundering-ca/","IN_SITEMAP","200 OK","NO","NO","YES","YES","CLASS A — INDEXABLE","CLASS F — UNKNOWN GOOGLE STATUS"
"https://thesamachardaily.in/articles/india/ed-sheeran-labels-gaza-conflict-catastrophic-and-unjustifiable-at-philadelphia-show/","src/articles/india/ed-sheeran-labels-gaza-conflict-catastrophic-and-unjustifiable-at-philadelphia-show.md","India","2026-09-20T23:30:26Z",52,"INDEX","https://thesamachardaily.in/articles/india/ed-sheeran-labels-gaza-conflict-catastrophic-and-unjustifiable-at-philadelphia-show/","IN_SITEMAP","200 OK","YES","NO","YES","YES","CLASS A — INDEXABLE","CLASS F — UNKNOWN GOOGLE STATUS"
"https://thesamachardaily.in/articles/india/eight-tamil-nadu-engineering-students-killed-after-car-crashes-into-parked-lorry-in-k/","src/articles/india/eight-tamil-nadu-engineering-students-killed-after-car-crashes-into-parked-lorry-in-k.md","India","2026-09-05T11:57:33Z",176,"INDEX","https://thesamachardaily.in/articles/india/eight-tamil-nadu-engineering-students-killed-after-car-crashes-into-parked-lorry-in-k/","IN_SITEMAP","200 OK","YES","NO","YES","YES","CLASS A — INDEXABLE","CLASS F — UNKNOWN GOOGLE STATUS"
"https://thesamachardaily.in/articles/india/elderly-delhi-driver-arrested-after-car-drags-motorbike-500-metres-in-rk-puram/","src/articles/india/elderly-delhi-driver-arrested-after-car-drags-motorbike-500-metres-in-rk-puram.md","India","2026-09-18T20:30:33Z",197,"INDEX","https://thesamachardaily.in/articles/india/elderly-delhi-driver-arrested-after-car-drags-motorbike-500-metres-in-rk-puram/","IN_SITEMAP","200 OK","YES","NO","YES","YES","CLASS A — INDEXABLE","CLASS F — UNKNOWN GOOGLE STATUS"
"https://thesamachardaily.in/articles/india/emparraa-bags-pr-mandate-to-drive-caf-demiss-india-expansion/","src/articles/india/emparraa-bags-pr-mandate-to-drive-caf-demiss-india-expansion.md","India","2026-09-02T00:58:00Z",357,"INDEX","https://thesamachardaily.in/articles/india/emparraa-bags-pr-mandate-to-drive-caf-demiss-india-expansion/","IN_SITEMAP","200 OK","YES","NO","YES","YES","CLASS A — INDEXABLE","CLASS F — UNKNOWN GOOGLE STATUS"
"https://thesamachardaily.in/articles/india/epstein-files-doj-risks-contempt-as-todd-blanche-cites-wrong-law-in-federal-register/","src/articles/india/epstein-files-doj-risks-contempt-as-todd-blanche-cites-wrong-law-in-federal-register.md","India","2026-08-29T09:39:10Z",148,"INDEX","https://thesamachardaily.in/articles/india/epstein-files-doj-risks-contempt-as-todd-blanche-cites-wrong-law-in-federal-register/","IN_SITEMAP","200 OK","NO","NO","YES","YES","CLASS A — INDEXABLE","CLASS F — UNKNOWN GOOGLE STATUS"
"https://thesamachardaily.in/articles/india/exbengaluru-resident-cites-traffic-hard-water-bad-roads-yet-misses-one-thing-about-th/","src/articles/india/exbengaluru-resident-cites-traffic-hard-water-bad-roads-yet-misses-one-thing-about-th.md","India","2026-09-21T01:30:27Z",63,"INDEX","https://thesamachardaily.in/articles/india/exbengaluru-resident-cites-traffic-hard-water-bad-roads-yet-misses-one-thing-about-th/","IN_SITEMAP","200 OK","YES","NO","YES","YES","CLASS A — INDEXABLE","CLASS F — UNKNOWN GOOGLE STATUS"
"https://thesamachardaily.in/articles/india/fadnavis-orders-sit-probe-into-mpsc-exam-case-promises-re-test-for-students/","src/articles/india/fadnavis-orders-sit-probe-into-mpsc-exam-case-promises-re-test-for-students.md","India","2026-09-11T03:10:42Z",324,"INDEX","https://thesamachardaily.in/articles/india/fadnavis-orders-sit-probe-into-mpsc-exam-case-promises-re-test-for-students/","IN_SITEMAP","200 OK","NO","NO","YES","YES","CLASS A — INDEXABLE","CLASS F — UNKNOWN GOOGLE STATUS"
"https://thesamachardaily.in/articles/india/feb-heat-swings-trigger-rise-in-respiratory-dehydration-and-gastro-cases-in-pune/","src/articles/india/feb-heat-swings-trigger-rise-in-respiratory-dehydration-and-gastro-cases-in-pune.md","India","2026-09-06T08:55:48Z",295,"INDEX","https://thesamachardaily.in/articles/india/feb-heat-swings-trigger-rise-in-respiratory-dehydration-and-gastro-cases-in-pune/","IN_SITEMAP","200 OK","YES","NO","YES","YES","CLASS A — INDEXABLE","CLASS F — UNKNOWN GOOGLE STATUS"
"https://thesamachardaily.in/articles/india/filatex-india-surges-125-to-record-high-on-strong-volume-eyes-100-target/","src/articles/india/filatex-india-surges-125-to-record-high-on-strong-volume-eyes-100-target.md","India","2026-09-13T22:30:27Z",109,"INDEX","https://thesamachardaily.in/articles/india/filatex-india-surges-125-to-record-high-on-strong-volume-eyes-100-target/","IN_SITEMAP","200 OK","YES","NO","YES","YES","CLASS A — INDEXABLE","CLASS F — UNKNOWN GOOGLE STATUS"
"https://thesamachardaily.in/articles/india/file-rajya-sabha-mp-kapil-sibal/","src/articles/india/file-rajya-sabha-mp-kapil-sibal.md","India","2026-08-30T16:29:29Z",317,"INDEX","https://thesamachardaily.in/articles/india/file-rajya-sabha-mp-kapil-sibal/","IN_SITEMAP","200 OK","YES","NO","YES","YES","CLASS A — INDEXABLE","CLASS F — UNKNOWN GOOGLE STATUS"
"https://thesamachardaily.in/articles/india/final-fight-for-maratha-quota-manoj-jarange-begins-11th-hunger-strike-rejects-govts-k/","src/articles/india/final-fight-for-maratha-quota-manoj-jarange-begins-11th-hunger-strike-rejects-govts-k.md","India","2026-08-29T19:52:33Z",140,"INDEX","https://thesamachardaily.in/articles/india/final-fight-for-maratha-quota-manoj-jarange-begins-11th-hunger-strike-rejects-govts-k/","IN_SITEMAP","200 OK","YES","NO","YES","YES","CLASS A — INDEXABLE","CLASS F — UNKNOWN GOOGLE STATUS"
"https://thesamachardaily.in/articles/india/fire-at-mumbais-saraswati-bhavan-godown-contained-seven-rescued-no-injuries/","src/articles/india/fire-at-mumbais-saraswati-bhavan-godown-contained-seven-rescued-no-injuries.md","India","2026-09-06T12:55:48Z",289,"INDEX","https://thesamachardaily.in/articles/india/fire-at-mumbais-saraswati-bhavan-godown-contained-seven-rescued-no-injuries/","IN_SITEMAP","200 OK","YES","NO","YES","YES","CLASS A — INDEXABLE","CLASS F — UNKNOWN GOOGLE STATUS"
"https://thesamachardaily.in/articles/india/five-baby-orangutans-found-in-odisha-forest-highlight-growing-wildlife-trafficking/","src/articles/india/five-baby-orangutans-found-in-odisha-forest-highlight-growing-wildlife-trafficking.md","India","2026-09-16T13:30:30Z",95,"INDEX","https://thesamachardaily.in/articles/india/five-baby-orangutans-found-in-odisha-forest-highlight-growing-wildlife-trafficking/","IN_SITEMAP","200 OK","NO","NO","YES","YES","CLASS A — INDEXABLE","CLASS F — UNKNOWN GOOGLE STATUS"
"https://thesamachardaily.in/articles/india/five-everyday-foods-packed-with-vitamin-b12-one-likely-already-in-your-fridge/","src/articles/india/five-everyday-foods-packed-with-vitamin-b12-one-likely-already-in-your-fridge.md","India","2026-09-16T23:30:26Z",114,"INDEX","https://thesamachardaily.in/articles/india/five-everyday-foods-packed-with-vitamin-b12-one-likely-already-in-your-fridge/","IN_SITEMAP","200 OK","YES","NO","YES","YES","CLASS A — INDEXABLE","CLASS F — UNKNOWN GOOGLE STATUS"
"https://thesamachardaily.in/articles/india/fmge-to-be-held-thrice-a-year-nbems-announces-major-change-after-june-2026-prote/","src/articles/india/fmge-to-be-held-thrice-a-year-nbems-announces-major-change-after-june-2026-prote.md","India","2026-08-29T00:01:24Z",269,"INDEX","https://thesamachardaily.in/articles/india/fmge-to-be-held-thrice-a-year-nbems-announces-major-change-after-june-2026-prote/","IN_SITEMAP","200 OK","YES","NO","YES","YES","CLASS A — INDEXABLE","CLASS F — UNKNOWN GOOGLE STATUS"
"https://thesamachardaily.in/articles/india/forgotten-trailblazers-sulochana-and-pramilas-pioneering-bollywood-legacy/","src/articles/india/forgotten-trailblazers-sulochana-and-pramilas-pioneering-bollywood-legacy.md","India","2026-09-18T09:30:26Z",51,"INDEX","https://thesamachardaily.in/articles/india/forgotten-trailblazers-sulochana-and-pramilas-pioneering-bollywood-legacy/","IN_SITEMAP","200 OK","NO","NO","YES","YES","CLASS A — INDEXABLE","CLASS F — UNKNOWN GOOGLE STATUS"
"https://thesamachardaily.in/articles/india/four-storey-pg-building-collapses-in-south-delhi-mcd-negligence-under-fire/","src/articles/india/four-storey-pg-building-collapses-in-south-delhi-mcd-negligence-under-fire.md","India","2026-09-07T00:56:23Z",338,"INDEX","https://thesamachardaily.in/articles/india/four-storey-pg-building-collapses-in-south-delhi-mcd-negligence-under-fire/","IN_SITEMAP","200 OK","YES","NO","YES","YES","CLASS A — INDEXABLE","CLASS F — UNKNOWN GOOGLE STATUS"
"https://thesamachardaily.in/articles/india/from-asheville-india-pushes-deeper-ties-with-eu-world-bank-and-imf-on-investment/","src/articles/india/from-asheville-india-pushes-deeper-ties-with-eu-world-bank-and-imf-on-investment.md","India","2026-09-03T13:56:53Z",339,"INDEX","https://thesamachardaily.in/articles/india/from-asheville-india-pushes-deeper-ties-with-eu-world-bank-and-imf-on-investment/","IN_SITEMAP","200 OK","YES","NO","YES","YES","CLASS A — INDEXABLE","CLASS F — UNKNOWN GOOGLE STATUS"
"https://thesamachardaily.in/articles/india/gandak-river-level-fluctuates-below-danger-mark-amid-nepal-floods/","src/articles/india/gandak-river-level-fluctuates-below-danger-mark-amid-nepal-floods.md","India","2026-08-30T18:33:51Z",310,"INDEX","https://thesamachardaily.in/articles/india/gandak-river-level-fluctuates-below-danger-mark-amid-nepal-floods/","IN_SITEMAP","200 OK","YES","NO","YES","YES","CLASS A — INDEXABLE","CLASS F — UNKNOWN GOOGLE STATUS"
"https://thesamachardaily.in/articles/india/ganesh-chaturthi-sparks-debate-over-elephant-faced-deity-worship/","src/articles/india/ganesh-chaturthi-sparks-debate-over-elephant-faced-deity-worship.md","India","2026-09-14T13:30:27Z",79,"INDEX","https://thesamachardaily.in/articles/india/ganesh-chaturthi-sparks-debate-over-elephant-faced-deity-worship/","IN_SITEMAP","200 OK","YES","NO","YES","YES","CLASS A — INDEXABLE","CLASS F — UNKNOWN GOOGLE STATUS"
"https://thesamachardaily.in/articles/india/gangster-kala-jathedi-returns-to-tihar-jail-after-sonipat-parole/","src/articles/india/gangster-kala-jathedi-returns-to-tihar-jail-after-sonipat-parole.md","India","2026-09-21T15:31:21Z",63,"INDEX","https://thesamachardaily.in/articles/india/gangster-kala-jathedi-returns-to-tihar-jail-after-sonipat-parole/","IN_SITEMAP","200 OK","NO","NO","YES","YES","CLASS A — INDEXABLE","CLASS F — UNKNOWN GOOGLE STATUS"
"https://thesamachardaily.in/articles/india/gehlot-slams-bjp-over-haldwani-purification-ritual-after-kharges-rally/","src/articles/india/gehlot-slams-bjp-over-haldwani-purification-ritual-after-kharges-rally.md","India","2026-09-05T16:56:22Z",352,"INDEX","https://thesamachardaily.in/articles/india/gehlot-slams-bjp-over-haldwani-purification-ritual-after-kharges-rally/","IN_SITEMAP","200 OK","NO","NO","YES","YES","CLASS A — INDEXABLE","CLASS F — UNKNOWN GOOGLE STATUS"
"https://thesamachardaily.in/articles/india/gmdc-sets-september-30-for-63rd-agm-fy26-annual-report-released-to-shareholders/","src/articles/india/gmdc-sets-september-30-for-63rd-agm-fy26-annual-report-released-to-shareholders.md","India","2026-09-05T20:56:05Z",272,"INDEX","https://thesamachardaily.in/articles/india/gmdc-sets-september-30-for-63rd-agm-fy26-annual-report-released-to-shareholders/","IN_SITEMAP","200 OK","NO","NO","YES","YES","CLASS A — INDEXABLE","CLASS F — UNKNOWN GOOGLE STATUS"
"https://thesamachardaily.in/articles/india/goa-directs-schools-to-maintain-500-metre-drug-free-zones/","src/articles/india/goa-directs-schools-to-maintain-500-metre-drug-free-zones.md","India","2026-08-28T23:34:56Z",236,"INDEX","https://thesamachardaily.in/articles/india/goa-directs-schools-to-maintain-500-metre-drug-free-zones/","IN_SITEMAP","200 OK","YES","NO","YES","YES","CLASS A — INDEXABLE","CLASS F — UNKNOWN GOOGLE STATUS"
"https://thesamachardaily.in/articles/india/government-says-medical-pg-cutoff-will-not-be-lowered-after-last-years-backlash/","src/articles/india/government-says-medical-pg-cutoff-will-not-be-lowered-after-last-years-backlash.md","India","2026-09-11T10:10:15Z",245,"INDEX","https://thesamachardaily.in/articles/india/government-says-medical-pg-cutoff-will-not-be-lowered-after-last-years-backlash/","IN_SITEMAP","200 OK","YES","NO","YES","YES","CLASS A — INDEXABLE","CLASS F — UNKNOWN GOOGLE STATUS"
"https://thesamachardaily.in/articles/india/gujarat-cm-patel-launches-panchayat-training-calls-for-quality-development/","src/articles/india/gujarat-cm-patel-launches-panchayat-training-calls-for-quality-development.md","India","2026-09-02T05:55:52Z",279,"INDEX","https://thesamachardaily.in/articles/india/gujarat-cm-patel-launches-panchayat-training-calls-for-quality-development/","IN_SITEMAP","200 OK","NO","NO","YES","YES","CLASS A — INDEXABLE","CLASS F — UNKNOWN GOOGLE STATUS"
"https://thesamachardaily.in/articles/india/gujarat-extends-ban-on-gutkha-pan-masala-for-one-more-year-starting-sept-13/","src/articles/india/gujarat-extends-ban-on-gutkha-pan-masala-for-one-more-year-starting-sept-13.md","India","2026-09-01T02:06:31Z",298,"INDEX","https://thesamachardaily.in/articles/india/gujarat-extends-ban-on-gutkha-pan-masala-for-one-more-year-starting-sept-13/","IN_SITEMAP","200 OK","NO","NO","YES","YES","CLASS A — INDEXABLE","CLASS F — UNKNOWN GOOGLE STATUS"
"https://thesamachardaily.in/articles/india/gujarat-youth-farmers-and-professionals-to-join-bjps-mann-ki-baat-programmes/","src/articles/india/gujarat-youth-farmers-and-professionals-to-join-bjps-mann-ki-baat-programmes.md","India","2026-08-30T05:52:36Z",179,"INDEX","https://thesamachardaily.in/articles/india/gujarat-youth-farmers-and-professionals-to-join-bjps-mann-ki-baat-programmes/","IN_SITEMAP","200 OK","YES","NO","YES","YES","CLASS A — INDEXABLE","CLASS F — UNKNOWN GOOGLE STATUS"
"https://thesamachardaily.in/articles/india/gurgaon-chest-pain-patient-airlifted-to-kolkata-for-timely-heart-intervention/","src/articles/india/gurgaon-chest-pain-patient-airlifted-to-kolkata-for-timely-heart-intervention.md","India","2026-09-06T16:57:35Z",392,"INDEX","https://thesamachardaily.in/articles/india/gurgaon-chest-pain-patient-airlifted-to-kolkata-for-timely-heart-intervention/","IN_SITEMAP","200 OK","YES","NO","YES","YES","CLASS A — INDEXABLE","CLASS F — UNKNOWN GOOGLE STATUS"
"https://thesamachardaily.in/articles/india/haiwaan-opens-to-tepid-response-nets-3-crore-on-day-one-despite-star-cast/","src/articles/india/haiwaan-opens-to-tepid-response-nets-3-crore-on-day-one-despite-star-cast.md","India","2026-09-13T16:10:07Z",47,"INDEX","https://thesamachardaily.in/articles/india/haiwaan-opens-to-tepid-response-nets-3-crore-on-day-one-despite-star-cast/","IN_SITEMAP","200 OK","YES","NO","YES","YES","CLASS A — INDEXABLE","CLASS F — UNKNOWN GOOGLE STATUS"
"https://thesamachardaily.in/articles/india/hammer-unveils-wave-2-20w-rms-tws-speaker-with-dual-66mm-drivers-rgb-light-bluetooth/","src/articles/india/hammer-unveils-wave-2-20w-rms-tws-speaker-with-dual-66mm-drivers-rgb-light-bluetooth.md","India","2026-09-16T15:30:25Z",77,"INDEX","https://thesamachardaily.in/articles/india/hammer-unveils-wave-2-20w-rms-tws-speaker-with-dual-66mm-drivers-rgb-light-bluetooth/","IN_SITEMAP","200 OK","YES","NO","YES","YES","CLASS A — INDEXABLE","CLASS F — UNKNOWN GOOGLE STATUS"
"https://thesamachardaily.in/articles/india/hc-rejects-rajoanas-private-hospital-plea-directs-eye-treatment-at-pgimer-chandigarh/","src/articles/india/hc-rejects-rajoanas-private-hospital-plea-directs-eye-treatment-at-pgimer-chandigarh.md","India","2026-09-03T12:57:15Z",293,"INDEX","https://thesamachardaily.in/articles/india/hc-rejects-rajoanas-private-hospital-plea-directs-eye-treatment-at-pgimer-chandigarh/","IN_SITEMAP","200 OK","YES","NO","YES","YES","CLASS A — INDEXABLE","CLASS F — UNKNOWN GOOGLE STATUS"
"https://thesamachardaily.in/articles/india/health-minister-nadda-opens-advanced-bladder-and-nuclear-imaging-centres-in-delhi/","src/articles/india/health-minister-nadda-opens-advanced-bladder-and-nuclear-imaging-centres-in-delhi.md","India","2026-09-04T03:55:47Z",264,"INDEX","https://thesamachardaily.in/articles/india/health-minister-nadda-opens-advanced-bladder-and-nuclear-imaging-centres-in-delhi/","IN_SITEMAP","200 OK","NO","NO","YES","YES","CLASS A — INDEXABLE","CLASS F — UNKNOWN GOOGLE STATUS"
"https://thesamachardaily.in/articles/india/helen-receives-raj-kapoor-lifetime-achievement-award-for-salim-khan-in-mumbai/","src/articles/india/helen-receives-raj-kapoor-lifetime-achievement-award-for-salim-khan-in-mumbai.md","India","2026-09-10T17:47:47Z",284,"INDEX","https://thesamachardaily.in/articles/india/helen-receives-raj-kapoor-lifetime-achievement-award-for-salim-khan-in-mumbai/","IN_SITEMAP","200 OK","NO","NO","YES","YES","CLASS A — INDEXABLE","CLASS F — UNKNOWN GOOGLE STATUS"
"https://thesamachardaily.in/articles/india/hindi-diwas-in-mandi-showcases-student-talent-and-languages-growing-digital-role/","src/articles/india/hindi-diwas-in-mandi-showcases-student-talent-and-languages-growing-digital-role.md","India","2026-09-15T01:30:26Z",101,"INDEX","https://thesamachardaily.in/articles/india/hindi-diwas-in-mandi-showcases-student-talent-and-languages-growing-digital-role/","IN_SITEMAP","200 OK","YES","NO","YES","YES","CLASS A — INDEXABLE","CLASS F — UNKNOWN GOOGLE STATUS"
"https://thesamachardaily.in/articles/india/hockey-india-announces-50-lakh-cash-award-for-womens-hockey-team-on-historic-5th-plac/","src/articles/india/hockey-india-announces-50-lakh-cash-award-for-womens-hockey-team-on-historic-5th-plac.md","India","2026-08-29T10:18:43Z",113,"INDEX","https://thesamachardaily.in/articles/india/hockey-india-announces-50-lakh-cash-award-for-womens-hockey-team-on-historic-5th-plac/","IN_SITEMAP","200 OK","YES","NO","YES","YES","CLASS A — INDEXABLE","CLASS F — UNKNOWN GOOGLE STATUS"
"https://thesamachardaily.in/articles/india/hockey-world-cup-harmanpreets-brace-in-vain-as-belgium-edge-india-in-shootout-india-f/","src/articles/india/hockey-world-cup-harmanpreets-brace-in-vain-as-belgium-edge-india-in-shootout-india-f.md","India","2026-08-29T10:56:01Z",80,"NOINDEX","https://thesamachardaily.in/articles/india/hockey-world-cup-harmanpreets-brace-in-vain-as-belgium-edge-india-in-shootout-india-f/","OMITTED","200 OK","YES","NO","YES","YES","CLASS B — INTENTIONALLY NOINDEX","CLASS F — UNKNOWN GOOGLE STATUS"
"https://thesamachardaily.in/articles/india/home-minister-amit-shah-lands-in-goa-for-twoday-visit-to-open-new-bjp-headquarters/","src/articles/india/home-minister-amit-shah-lands-in-goa-for-twoday-visit-to-open-new-bjp-headquarters.md","India","2026-09-05T07:55:49Z",306,"INDEX","https://thesamachardaily.in/articles/india/home-minister-amit-shah-lands-in-goa-for-twoday-visit-to-open-new-bjp-headquarters/","IN_SITEMAP","200 OK","YES","NO","YES","YES","CLASS A — INDEXABLE","CLASS F — UNKNOWN GOOGLE STATUS"
"https://thesamachardaily.in/articles/india/hyderabad-dairy-raids-tg-safe-seizes-719-lakh-goods-halts-3-units/","src/articles/india/hyderabad-dairy-raids-tg-safe-seizes-719-lakh-goods-halts-3-units.md","India","2026-09-07T10:56:28Z",317,"INDEX","https://thesamachardaily.in/articles/india/hyderabad-dairy-raids-tg-safe-seizes-719-lakh-goods-halts-3-units/","IN_SITEMAP","200 OK","YES","NO","YES","YES","CLASS A — INDEXABLE","CLASS F — UNKNOWN GOOGLE STATUS"
"https://thesamachardaily.in/articles/india/hyderabad-man-defrauded-of-rs-35-crore-in-extended-dating-app-scam/","src/articles/india/hyderabad-man-defrauded-of-rs-35-crore-in-extended-dating-app-scam.md","India","2026-09-13T08:10:07Z",54,"INDEX","https://thesamachardaily.in/articles/india/hyderabad-man-defrauded-of-rs-35-crore-in-extended-dating-app-scam/","IN_SITEMAP","200 OK","YES","NO","YES","YES","CLASS A — INDEXABLE","CLASS F — UNKNOWN GOOGLE STATUS"
"https://thesamachardaily.in/articles/india/hyderabad-swelters-as-monsoon-heat-spikes-power-demand-past-4000mw/","src/articles/india/hyderabad-swelters-as-monsoon-heat-spikes-power-demand-past-4000mw.md","India","2026-09-18T16:30:25Z",141,"INDEX","https://thesamachardaily.in/articles/india/hyderabad-swelters-as-monsoon-heat-spikes-power-demand-past-4000mw/","IN_SITEMAP","200 OK","YES","NO","YES","YES","CLASS A — INDEXABLE","CLASS F — UNKNOWN GOOGLE STATUS"
"https://thesamachardaily.in/articles/india/iaf-sarang-team-arrives-in-egypt-to-showcase-alh-dhruv-at-airshow/","src/articles/india/iaf-sarang-team-arrives-in-egypt-to-showcase-alh-dhruv-at-airshow.md","India","2026-09-07T05:56:12Z",363,"INDEX","https://thesamachardaily.in/articles/india/iaf-sarang-team-arrives-in-egypt-to-showcase-alh-dhruv-at-airshow/","IN_SITEMAP","200 OK","YES","NO","YES","YES","CLASS A — INDEXABLE","CLASS F — UNKNOWN GOOGLE STATUS"
"https://thesamachardaily.in/articles/india/idbi-bank-launches-braille-embosser-at-nab-india-to-boost-inclusive-education/","src/articles/india/idbi-bank-launches-braille-embosser-at-nab-india-to-boost-inclusive-education.md","India","2026-09-09T18:47:50Z",226,"INDEX","https://thesamachardaily.in/articles/india/idbi-bank-launches-braille-embosser-at-nab-india-to-boost-inclusive-education/","IN_SITEMAP","200 OK","NO","NO","YES","YES","CLASS A — INDEXABLE","CLASS F — UNKNOWN GOOGLE STATUS"
"https://thesamachardaily.in/articles/india/idbi-bank-services-hit-by-outage-as-users-report-app-fund-transfer-failures/","src/articles/india/idbi-bank-services-hit-by-outage-as-users-report-app-fund-transfer-failures.md","India","2026-09-06T19:56:04Z",334,"INDEX","https://thesamachardaily.in/articles/india/idbi-bank-services-hit-by-outage-as-users-report-app-fund-transfer-failures/","IN_SITEMAP","200 OK","YES","NO","YES","YES","CLASS A — INDEXABLE","CLASS F — UNKNOWN GOOGLE STATUS"
"https://thesamachardaily.in/articles/india/iit-mandi-rises-to-7th-in-technical-universities-and-11th-overall-in-2026-india-today/","src/articles/india/iit-mandi-rises-to-7th-in-technical-universities-and-11th-overall-in-2026-india-today.md","India","2026-09-10T00:48:05Z",269,"INDEX","https://thesamachardaily.in/articles/india/iit-mandi-rises-to-7th-in-technical-universities-and-11th-overall-in-2026-india-today/","IN_SITEMAP","200 OK","YES","NO","YES","YES","CLASS A — INDEXABLE","CLASS F — UNKNOWN GOOGLE STATUS"
"https://thesamachardaily.in/articles/india/imd-flags-deep-depression-likely-over-bay-of-bengal-odisha-alert-issued/","src/articles/india/imd-flags-deep-depression-likely-over-bay-of-bengal-odisha-alert-issued.md","India","2026-09-21T16:32:30Z",63,"INDEX","https://thesamachardaily.in/articles/india/imd-flags-deep-depression-likely-over-bay-of-bengal-odisha-alert-issued/","IN_SITEMAP","200 OK","YES","NO","YES","YES","CLASS A — INDEXABLE","CLASS F — UNKNOWN GOOGLE STATUS"
"https://thesamachardaily.in/articles/india/imd-forecast-calls-for-light-rain-and-thunderstorms-across-karnataka-this-week/","src/articles/india/imd-forecast-calls-for-light-rain-and-thunderstorms-across-karnataka-this-week.md","India","2026-09-06T15:55:50Z",316,"INDEX","https://thesamachardaily.in/articles/india/imd-forecast-calls-for-light-rain-and-thunderstorms-across-karnataka-this-week/","IN_SITEMAP","200 OK","YES","NO","YES","YES","CLASS A — INDEXABLE","CLASS F — UNKNOWN GOOGLE STATUS"
"https://thesamachardaily.in/articles/india/imd-rules-out-cloud-seeding-in-karnataka-citing-absence-of-cloud-density/","src/articles/india/imd-rules-out-cloud-seeding-in-karnataka-citing-absence-of-cloud-density.md","India","2026-09-02T12:56:31Z",263,"INDEX","https://thesamachardaily.in/articles/india/imd-rules-out-cloud-seeding-in-karnataka-citing-absence-of-cloud-density/","IN_SITEMAP","200 OK","YES","NO","YES","YES","CLASS A — INDEXABLE","CLASS F — UNKNOWN GOOGLE STATUS"
"https://thesamachardaily.in/articles/india/imf-labels-india-a-key-engine-of-global-growth-after-78-q2-surge/","src/articles/india/imf-labels-india-a-key-engine-of-global-growth-after-78-q2-surge.md","India","2026-09-12T08:10:06Z",60,"NOINDEX","https://thesamachardaily.in/articles/india/imf-labels-india-a-key-engine-of-global-growth-after-78-q2-surge/","OMITTED","200 OK","NO","NO","YES","YES","CLASS B — INTENTIONALLY NOINDEX","CLASS F — UNKNOWN GOOGLE STATUS"
"https://thesamachardaily.in/articles/india/in-srinagar-two-protests-two-realities-bjp-marches-national-conference-stopped/","src/articles/india/in-srinagar-two-protests-two-realities-bjp-marches-national-conference-stopped.md","India","2026-09-04T12:57:01Z",482,"INDEX","https://thesamachardaily.in/articles/india/in-srinagar-two-protests-two-realities-bjp-marches-national-conference-stopped/","IN_SITEMAP","200 OK","YES","NO","YES","YES","CLASS A — INDEXABLE","CLASS F — UNKNOWN GOOGLE STATUS"
"https://thesamachardaily.in/articles/india/india-accelerates-into-highgrowth-phase-of-global-electric-vehicle-market/","src/articles/india/india-accelerates-into-highgrowth-phase-of-global-electric-vehicle-market.md","India","2026-09-20T17:30:30Z",69,"INDEX","https://thesamachardaily.in/articles/india/india-accelerates-into-highgrowth-phase-of-global-electric-vehicle-market/","IN_SITEMAP","200 OK","YES","NO","YES","YES","CLASS A — INDEXABLE","CLASS F — UNKNOWN GOOGLE STATUS"
"https://thesamachardaily.in/articles/india/india-and-asean-nations-chart-scalable-agricultural-cooperation-at-summit/","src/articles/india/india-and-asean-nations-chart-scalable-agricultural-cooperation-at-summit.md","India","2026-09-10T04:47:46Z",242,"INDEX","https://thesamachardaily.in/articles/india/india-and-asean-nations-chart-scalable-agricultural-cooperation-at-summit/","IN_SITEMAP","200 OK","YES","NO","YES","YES","CLASS A — INDEXABLE","CLASS F — UNKNOWN GOOGLE STATUS"
"https://thesamachardaily.in/articles/india/india-dispatches-team-of-doctors-and-paramedics-to-flood-hit-nepal/","src/articles/india/india-dispatches-team-of-doctors-and-paramedics-to-flood-hit-nepal.md","India","2026-08-29T04:13:07Z",211,"INDEX","https://thesamachardaily.in/articles/india/india-dispatches-team-of-doctors-and-paramedics-to-flood-hit-nepal/","IN_SITEMAP","200 OK","NO","NO","YES","YES","CLASS A — INDEXABLE","CLASS F — UNKNOWN GOOGLE STATUS"
"https://thesamachardaily.in/articles/india/india-halves-sugar-dealer-stock-limit-to-2000-quintals-to-tackle-hoarding/","src/articles/india/india-halves-sugar-dealer-stock-limit-to-2000-quintals-to-tackle-hoarding.md","India","2026-09-02T17:55:47Z",297,"INDEX","https://thesamachardaily.in/articles/india/india-halves-sugar-dealer-stock-limit-to-2000-quintals-to-tackle-hoarding/","IN_SITEMAP","200 OK","YES","NO","YES","YES","CLASS A — INDEXABLE","CLASS F — UNKNOWN GOOGLE STATUS"
"https://thesamachardaily.in/articles/india/india-hosts-2026-brics-summit-as-bloc-expands-to-11-nations-covering-47-of-world-popu/","src/articles/india/india-hosts-2026-brics-summit-as-bloc-expands-to-11-nations-covering-47-of-world-popu.md","India","2026-09-10T05:47:44Z",252,"INDEX","https://thesamachardaily.in/articles/india/india-hosts-2026-brics-summit-as-bloc-expands-to-11-nations-covering-47-of-world-popu/","IN_SITEMAP","200 OK","YES","NO","YES","YES","CLASS A — INDEXABLE","CLASS F — UNKNOWN GOOGLE STATUS"
"https://thesamachardaily.in/articles/india/india-kiribati-deepen-ties-with-infrastructure-renewable-energy-and-health-initiative/","src/articles/india/india-kiribati-deepen-ties-with-infrastructure-renewable-energy-and-health-initiative.md","India","2026-09-03T23:55:45Z",306,"INDEX","https://thesamachardaily.in/articles/india/india-kiribati-deepen-ties-with-infrastructure-renewable-energy-and-health-initiative/","IN_SITEMAP","200 OK","YES","NO","YES","YES","CLASS A — INDEXABLE","CLASS F — UNKNOWN GOOGLE STATUS"
"https://thesamachardaily.in/articles/india/india-launches-18th-brics-summit-at-new-delhis-bharat-mandapam-on-sept-12/","src/articles/india/india-launches-18th-brics-summit-at-new-delhis-bharat-mandapam-on-sept-12.md","India","2026-09-12T14:10:14Z",89,"INDEX","https://thesamachardaily.in/articles/india/india-launches-18th-brics-summit-at-new-delhis-bharat-mandapam-on-sept-12/","IN_SITEMAP","200 OK","YES","NO","YES","YES","CLASS A — INDEXABLE","CLASS F — UNKNOWN GOOGLE STATUS"
"https://thesamachardaily.in/articles/india/india-leads-swedish-business-climate-survey-tops-40-global-markets/","src/articles/india/india-leads-swedish-business-climate-survey-tops-40-global-markets.md","India","2026-09-19T17:30:27Z",85,"INDEX","https://thesamachardaily.in/articles/india/india-leads-swedish-business-climate-survey-tops-40-global-markets/","IN_SITEMAP","200 OK","YES","NO","YES","YES","CLASS A — INDEXABLE","CLASS F — UNKNOWN GOOGLE STATUS"
"https://thesamachardaily.in/articles/india/india-lifts-2000-upi-fee-exemption-reopens-mdr-for-select-merchants/","src/articles/india/india-lifts-2000-upi-fee-exemption-reopens-mdr-for-select-merchants.md","India","2026-09-15T06:30:26Z",86,"INDEX","https://thesamachardaily.in/articles/india/india-lifts-2000-upi-fee-exemption-reopens-mdr-for-select-merchants/","IN_SITEMAP","200 OK","YES","NO","YES","YES","CLASS A — INDEXABLE","CLASS F — UNKNOWN GOOGLE STATUS"
"https://thesamachardaily.in/articles/india/india-made-toyota-starlet-secures-4-star-safety-rating-in-gncap-crash-test/","src/articles/india/india-made-toyota-starlet-secures-4-star-safety-rating-in-gncap-crash-test.md","India","2026-09-03T16:57:40Z",393,"INDEX","https://thesamachardaily.in/articles/india/india-made-toyota-starlet-secures-4-star-safety-rating-in-gncap-crash-test/","IN_SITEMAP","200 OK","YES","NO","YES","YES","CLASS A — INDEXABLE","CLASS F — UNKNOWN GOOGLE STATUS"
"https://thesamachardaily.in/articles/india/india-marks-teachers-day-on-5-september-honouring-dr-sarvepalli-radhakrishnans-legacy/","src/articles/india/india-marks-teachers-day-on-5-september-honouring-dr-sarvepalli-radhakrishnans-legacy.md","India","2026-09-05T22:55:49Z",313,"INDEX","https://thesamachardaily.in/articles/india/india-marks-teachers-day-on-5-september-honouring-dr-sarvepalli-radhakrishnans-legacy/","IN_SITEMAP","200 OK","YES","NO","YES","YES","CLASS A — INDEXABLE","CLASS F — UNKNOWN GOOGLE STATUS"
"https://thesamachardaily.in/articles/india/india-may-soon-put-cigarette-style-warnings-on-unhealthy-foods-heres-what-it-mea/","src/articles/india/india-may-soon-put-cigarette-style-warnings-on-unhealthy-foods-heres-what-it-mea.md","India","2026-08-29T02:12:47Z",273,"INDEX","https://thesamachardaily.in/articles/india/india-may-soon-put-cigarette-style-warnings-on-unhealthy-foods-heres-what-it-mea/","IN_SITEMAP","200 OK","YES","NO","YES","YES","CLASS A — INDEXABLE","CLASS F — UNKNOWN GOOGLE STATUS"
"https://thesamachardaily.in/articles/india/india-must-brace-for-higher-oil-prices-amid-global-supply-tightening/","src/articles/india/india-must-brace-for-higher-oil-prices-amid-global-supply-tightening.md","India","2026-09-10T12:48:00Z",251,"INDEX","https://thesamachardaily.in/articles/india/india-must-brace-for-higher-oil-prices-amid-global-supply-tightening/","IN_SITEMAP","200 OK","YES","NO","YES","YES","CLASS A — INDEXABLE","CLASS F — UNKNOWN GOOGLE STATUS"
"https://thesamachardaily.in/articles/india/india-news-relief-as-stranded-maharashtra-citizens-return-from-flood-hit-nepal-expres/","src/articles/india/india-news-relief-as-stranded-maharashtra-citizens-return-from-flood-hit-nepal-expres.md","India","2026-08-29T12:39:08Z",118,"INDEX","https://thesamachardaily.in/articles/india/india-news-relief-as-stranded-maharashtra-citizens-return-from-flood-hit-nepal-expres/","IN_SITEMAP","200 OK","NO","NO","YES","YES","CLASS A — INDEXABLE","CLASS F — UNKNOWN GOOGLE STATUS"
"https://thesamachardaily.in/articles/india/india-pushes-for-shared-brics-satellite-network-at-2026-summit/","src/articles/india/india-pushes-for-shared-brics-satellite-network-at-2026-summit.md","India","2026-09-13T17:30:25Z",58,"INDEX","https://thesamachardaily.in/articles/india/india-pushes-for-shared-brics-satellite-network-at-2026-summit/","IN_SITEMAP","200 OK","YES","NO","YES","YES","CLASS A — INDEXABLE","CLASS F — UNKNOWN GOOGLE STATUS"
"https://thesamachardaily.in/articles/india/india-qatar-hold-talks-in-doha-as-new-envoy-srikar-reddy-presents-credentials/","src/articles/india/india-qatar-hold-talks-in-doha-as-new-envoy-srikar-reddy-presents-credentials.md","India","2026-09-10T22:48:40Z",266,"INDEX","https://thesamachardaily.in/articles/india/india-qatar-hold-talks-in-doha-as-new-envoy-srikar-reddy-presents-credentials/","IN_SITEMAP","200 OK","YES","NO","YES","YES","CLASS A — INDEXABLE","CLASS F — UNKNOWN GOOGLE STATUS"
"https://thesamachardaily.in/articles/india/india-rejects-hague-court-verdict-on-indus-water-treaty-citing-sovereignty/","src/articles/india/india-rejects-hague-court-verdict-on-indus-water-treaty-citing-sovereignty.md","India","2026-09-01T00:06:36Z",352,"INDEX","https://thesamachardaily.in/articles/india/india-rejects-hague-court-verdict-on-indus-water-treaty-citing-sovereignty/","IN_SITEMAP","200 OK","YES","NO","YES","YES","CLASS A — INDEXABLE","CLASS F — UNKNOWN GOOGLE STATUS"
"https://thesamachardaily.in/articles/india/india-rejects-permanent-court-of-arbitration-ruling-on-indus-waters-treaty-as-illegal/","src/articles/india/india-rejects-permanent-court-of-arbitration-ruling-on-indus-waters-treaty-as-illegal.md","India","2026-09-01T10:58:11Z",353,"INDEX","https://thesamachardaily.in/articles/india/india-rejects-permanent-court-of-arbitration-ruling-on-indus-waters-treaty-as-illegal/","IN_SITEMAP","200 OK","YES","NO","YES","YES","CLASS A — INDEXABLE","CLASS F — UNKNOWN GOOGLE STATUS"
"https://thesamachardaily.in/articles/india/india-renegotiates-mauritius-singapore-cyprus-treaties-to-reclaim-capital-gains-tax/","src/articles/india/india-renegotiates-mauritius-singapore-cyprus-treaties-to-reclaim-capital-gains-tax.md","India","2026-09-16T21:30:27Z",96,"INDEX","https://thesamachardaily.in/articles/india/india-renegotiates-mauritius-singapore-cyprus-treaties-to-reclaim-capital-gains-tax/","IN_SITEMAP","200 OK","YES","NO","YES","YES","CLASS A — INDEXABLE","CLASS F — UNKNOWN GOOGLE STATUS"
"https://thesamachardaily.in/articles/india/india-u-19-defeats-australia-by-7-runs-in-rain-affected-thriller-at-rajkot/","src/articles/india/india-u-19-defeats-australia-by-7-runs-in-rain-affected-thriller-at-rajkot.md","India","2026-09-19T05:30:40Z",79,"INDEX","https://thesamachardaily.in/articles/india/india-u-19-defeats-australia-by-7-runs-in-rain-affected-thriller-at-rajkot/","IN_SITEMAP","200 OK","YES","NO","YES","YES","CLASS A — INDEXABLE","CLASS F — UNKNOWN GOOGLE STATUS"
"https://thesamachardaily.in/articles/india/india-us-china-malaysia-among-35-countries-whose-citizens-are-missing-in-nepal-f/","src/articles/india/india-us-china-malaysia-among-35-countries-whose-citizens-are-missing-in-nepal-f.md","India","2026-08-28T20:47:05Z",218,"INDEX","https://thesamachardaily.in/articles/india/india-us-china-malaysia-among-35-countries-whose-citizens-are-missing-in-nepal-f/","IN_SITEMAP","200 OK","YES","NO","YES","YES","CLASS A — INDEXABLE","CLASS F — UNKNOWN GOOGLE STATUS"
"https://thesamachardaily.in/articles/india/india-us-yudh-abhyas-2026-kicks-off-with-joint-drills-and-indigenous-rampur-hounds/","src/articles/india/india-us-yudh-abhyas-2026-kicks-off-with-joint-drills-and-indigenous-rampur-hounds.md","India","2026-09-22T00:30:27Z",105,"INDEX","https://thesamachardaily.in/articles/india/india-us-yudh-abhyas-2026-kicks-off-with-joint-drills-and-indigenous-rampur-hounds/","IN_SITEMAP","200 OK","NO","NO","YES","YES","CLASS A — INDEXABLE","CLASS F — UNKNOWN GOOGLE STATUS"
"https://thesamachardaily.in/articles/india/india-uzbekistan-elevate-ties-to-comprehensive-strategic-partnership-set-5-billion-tr/","src/articles/india/india-uzbekistan-elevate-ties-to-comprehensive-strategic-partnership-set-5-billion-tr.md","India","2026-08-30T21:33:53Z",247,"INDEX","https://thesamachardaily.in/articles/india/india-uzbekistan-elevate-ties-to-comprehensive-strategic-partnership-set-5-billion-tr/","IN_SITEMAP","200 OK","YES","NO","YES","YES","CLASS A — INDEXABLE","CLASS F — UNKNOWN GOOGLE STATUS"
"https://thesamachardaily.in/articles/india/india-wants-eyes-everywhere-building-a-surveillance-shield-from-border-to-space/","src/articles/india/india-wants-eyes-everywhere-building-a-surveillance-shield-from-border-to-space.md","India","2026-08-28T23:54:23Z",268,"INDEX","https://thesamachardaily.in/articles/india/india-wants-eyes-everywhere-building-a-surveillance-shield-from-border-to-space/","IN_SITEMAP","200 OK","YES","NO","YES","YES","CLASS A — INDEXABLE","CLASS F — UNKNOWN GOOGLE STATUS"
"https://thesamachardaily.in/articles/india/india-womens-hockey-coach-credits-world-cup-for-boosting-confidence-ahead-of-asian-ga/","src/articles/india/india-womens-hockey-coach-credits-world-cup-for-boosting-confidence-ahead-of-asian-ga.md","India","2026-08-31T03:34:04Z",296,"INDEX","https://thesamachardaily.in/articles/india/india-womens-hockey-coach-credits-world-cup-for-boosting-confidence-ahead-of-asian-ga/","IN_SITEMAP","200 OK","YES","NO","YES","YES","CLASS A — INDEXABLE","CLASS F — UNKNOWN GOOGLE STATUS"
"https://thesamachardaily.in/articles/india/indian-airports-to-drop-boardingpass-stamps-for-international-departures-from-septemb/","src/articles/india/indian-airports-to-drop-boardingpass-stamps-for-international-departures-from-septemb.md","India","2026-08-31T13:32:39Z",312,"INDEX","https://thesamachardaily.in/articles/india/indian-airports-to-drop-boardingpass-stamps-for-international-departures-from-septemb/","IN_SITEMAP","200 OK","YES","NO","YES","YES","CLASS A — INDEXABLE","CLASS F — UNKNOWN GOOGLE STATUS"
"https://thesamachardaily.in/articles/india/indian-consul-in-shanghai-praises-peking-scholars-leads-tagore-bust-cleaning/","src/articles/india/indian-consul-in-shanghai-praises-peking-scholars-leads-tagore-bust-cleaning.md","India","2026-09-21T22:30:26Z",56,"INDEX","https://thesamachardaily.in/articles/india/indian-consul-in-shanghai-praises-peking-scholars-leads-tagore-bust-cleaning/","IN_SITEMAP","200 OK","NO","NO","YES","YES","CLASS A — INDEXABLE","CLASS F — UNKNOWN GOOGLE STATUS"
"https://thesamachardaily.in/articles/india/indian-national-indicted-in-us-for-falsely-claiming-citizenship-to-vote/","src/articles/india/indian-national-indicted-in-us-for-falsely-claiming-citizenship-to-vote.md","India","2026-09-11T16:10:30Z",62,"NOINDEX","https://thesamachardaily.in/articles/india/indian-national-indicted-in-us-for-falsely-claiming-citizenship-to-vote/","OMITTED","200 OK","YES","NO","YES","YES","CLASS B — INTENTIONALLY NOINDEX","CLASS F — UNKNOWN GOOGLE STATUS"
"https://thesamachardaily.in/articles/india/indian-origin-anila-baby-arrested-in-california-for-murders-of-two-malayali-friends/","src/articles/india/indian-origin-anila-baby-arrested-in-california-for-murders-of-two-malayali-friends.md","India","2026-09-12T23:10:08Z",38,"INDEX","https://thesamachardaily.in/articles/india/indian-origin-anila-baby-arrested-in-california-for-murders-of-two-malayali-friends/","IN_SITEMAP","200 OK","NO","NO","YES","YES","CLASS A — INDEXABLE","CLASS F — UNKNOWN GOOGLE STATUS"
"https://thesamachardaily.in/articles/india/indian-parents-turn-to-vedic-scriptures-for-distinctive-baby-boy-names/","src/articles/india/indian-parents-turn-to-vedic-scriptures-for-distinctive-baby-boy-names.md","India","2026-09-18T01:30:34Z",97,"INDEX","https://thesamachardaily.in/articles/india/indian-parents-turn-to-vedic-scriptures-for-distinctive-baby-boy-names/","IN_SITEMAP","200 OK","YES","NO","YES","YES","CLASS A — INDEXABLE","CLASS F — UNKNOWN GOOGLE STATUS"
"https://thesamachardaily.in/articles/india/indian-startup-detectifai-develops-live-call-detection-system-to-fight-ai-voice-/","src/articles/india/indian-startup-detectifai-develops-live-call-detection-system-to-fight-ai-voice-.md","India","2026-08-28T22:40:42Z",276,"INDEX","https://thesamachardaily.in/articles/india/indian-startup-detectifai-develops-live-call-detection-system-to-fight-ai-voice-/","IN_SITEMAP","200 OK","NO","NO","YES","YES","CLASS A — INDEXABLE","CLASS F — UNKNOWN GOOGLE STATUS"
"https://thesamachardaily.in/articles/india/indian-super-league-2026-27-kicks-off-oct-10-with-163-matches-across-13-teams/","src/articles/india/indian-super-league-2026-27-kicks-off-oct-10-with-163-matches-across-13-teams.md","India","2026-09-05T19:55:53Z",235,"INDEX","https://thesamachardaily.in/articles/india/indian-super-league-2026-27-kicks-off-oct-10-with-163-matches-across-13-teams/","IN_SITEMAP","200 OK","YES","NO","YES","YES","CLASS A — INDEXABLE","CLASS F — UNKNOWN GOOGLE STATUS"
"https://thesamachardaily.in/articles/india/indias-area-under-pulses-acreage-tops-last-years-level/","src/articles/india/indias-area-under-pulses-acreage-tops-last-years-level.md","India","2026-08-29T03:13:12Z",226,"INDEX","https://thesamachardaily.in/articles/india/indias-area-under-pulses-acreage-tops-last-years-level/","IN_SITEMAP","200 OK","YES","NO","YES","YES","CLASS A — INDEXABLE","CLASS F — UNKNOWN GOOGLE STATUS"
"https://thesamachardaily.in/articles/india/indias-biggest-sustainability-exhibition-the-dhurthi-coll-to-showcase-green-innovatio/","src/articles/india/indias-biggest-sustainability-exhibition-the-dhurthi-coll-to-showcase-green-innovatio.md","India","2026-09-07T08:58:10Z",361,"INDEX","https://thesamachardaily.in/articles/india/indias-biggest-sustainability-exhibition-the-dhurthi-coll-to-showcase-green-innovatio/","IN_SITEMAP","200 OK","YES","NO","YES","YES","CLASS A — INDEXABLE","CLASS F — UNKNOWN GOOGLE STATUS"
"https://thesamachardaily.in/articles/india/indias-directtax-buoyancy-holds-above-1-for-third-year-at-139-in-fy202425/","src/articles/india/indias-directtax-buoyancy-holds-above-1-for-third-year-at-139-in-fy202425.md","India","2026-09-07T21:55:49Z",247,"INDEX","https://thesamachardaily.in/articles/india/indias-directtax-buoyancy-holds-above-1-for-third-year-at-139-in-fy202425/","IN_SITEMAP","200 OK","NO","NO","YES","YES","CLASS A — INDEXABLE","CLASS F — UNKNOWN GOOGLE STATUS"
"https://thesamachardaily.in/articles/india/indias-electricity-share-could-reach-up-to-half-of-energy-mix-by-2047-report-says/","src/articles/india/indias-electricity-share-could-reach-up-to-half-of-energy-mix-by-2047-report-says.md","India","2026-09-05T23:55:46Z",277,"INDEX","https://thesamachardaily.in/articles/india/indias-electricity-share-could-reach-up-to-half-of-energy-mix-by-2047-report-says/","IN_SITEMAP","200 OK","YES","NO","YES","YES","CLASS A — INDEXABLE","CLASS F — UNKNOWN GOOGLE STATUS"
"https://thesamachardaily.in/articles/india/indias-fighter-jet-engine-quest-stalls-after-four-decades/","src/articles/india/indias-fighter-jet-engine-quest-stalls-after-four-decades.md","India","2026-09-18T04:30:28Z",59,"INDEX","https://thesamachardaily.in/articles/india/indias-fighter-jet-engine-quest-stalls-after-four-decades/","IN_SITEMAP","200 OK","YES","NO","YES","YES","CLASS A — INDEXABLE","CLASS F — UNKNOWN GOOGLE STATUS"
"https://thesamachardaily.in/articles/india/indias-stateowned-refineries-face-supply-uncertainty-amid-middle-east-disruptions/","src/articles/india/indias-stateowned-refineries-face-supply-uncertainty-amid-middle-east-disruptions.md","India","2026-09-17T15:30:28Z",90,"INDEX","https://thesamachardaily.in/articles/india/indias-stateowned-refineries-face-supply-uncertainty-amid-middle-east-disruptions/","IN_SITEMAP","200 OK","YES","NO","YES","YES","CLASS A — INDEXABLE","CLASS F — UNKNOWN GOOGLE STATUS"
"https://thesamachardaily.in/articles/india/indonesian-president-prabowo-subianto-lands-in-new-delhi-for-18th-brics-summit/","src/articles/india/indonesian-president-prabowo-subianto-lands-in-new-delhi-for-18th-brics-summit.md","India","2026-09-12T09:10:11Z",42,"NOINDEX","https://thesamachardaily.in/articles/india/indonesian-president-prabowo-subianto-lands-in-new-delhi-for-18th-brics-summit/","OMITTED","200 OK","NO","NO","YES","YES","CLASS B — INTENTIONALLY NOINDEX","CLASS F — UNKNOWN GOOGLE STATUS"
"https://thesamachardaily.in/articles/india/influencer-who-made-20-lakh-in-august-2026-pleads-for-followers-amid-decline/","src/articles/india/influencer-who-made-20-lakh-in-august-2026-pleads-for-followers-amid-decline.md","India","2026-09-06T02:55:49Z",271,"INDEX","https://thesamachardaily.in/articles/india/influencer-who-made-20-lakh-in-august-2026-pleads-for-followers-amid-decline/","IN_SITEMAP","200 OK","YES","NO","YES","YES","CLASS A — INDEXABLE","CLASS F — UNKNOWN GOOGLE STATUS"
"https://thesamachardaily.in/articles/india/ipl-gc-elections-dhumal-majumdar-likely-to-be-re-elected-unopposed/","src/articles/india/ipl-gc-elections-dhumal-majumdar-likely-to-be-re-elected-unopposed.md","India","2026-08-30T15:36:10Z",153,"INDEX","https://thesamachardaily.in/articles/india/ipl-gc-elections-dhumal-majumdar-likely-to-be-re-elected-unopposed/","IN_SITEMAP","200 OK","YES","NO","YES","YES","CLASS A — INDEXABLE","CLASS F — UNKNOWN GOOGLE STATUS"
"https://thesamachardaily.in/articles/india/isl-appoints-karan-yadav-as-ceo-ushering-in-clubled-governance-model/","src/articles/india/isl-appoints-karan-yadav-as-ceo-ushering-in-clubled-governance-model.md","India","2026-09-21T19:30:31Z",58,"INDEX","https://thesamachardaily.in/articles/india/isl-appoints-karan-yadav-as-ceo-ushering-in-clubled-governance-model/","IN_SITEMAP","200 OK","NO","NO","YES","YES","CLASS A — INDEXABLE","CLASS F — UNKNOWN GOOGLE STATUS"
"https://thesamachardaily.in/articles/india/isro-chief-confirms-gslv-f17-success-vows-six-more-launches-this-fiscal-year/","src/articles/india/isro-chief-confirms-gslv-f17-success-vows-six-more-launches-this-fiscal-year.md","India","2026-09-04T13:56:06Z",335,"INDEX","https://thesamachardaily.in/articles/india/isro-chief-confirms-gslv-f17-success-vows-six-more-launches-this-fiscal-year/","IN_SITEMAP","200 OK","YES","NO","YES","YES","CLASS A — INDEXABLE","CLASS F — UNKNOWN GOOGLE STATUS"
"https://thesamachardaily.in/articles/india/isro-launches-eos-05-on-gslv-f17-expanding-geosynchronous-earthobservation-capability/","src/articles/india/isro-launches-eos-05-on-gslv-f17-expanding-geosynchronous-earthobservation-capability.md","India","2026-09-05T10:55:47Z",249,"INDEX","https://thesamachardaily.in/articles/india/isro-launches-eos-05-on-gslv-f17-expanding-geosynchronous-earthobservation-capability/","IN_SITEMAP","200 OK","YES","NO","YES","YES","CLASS A — INDEXABLE","CLASS F — UNKNOWN GOOGLE STATUS"
"https://thesamachardaily.in/articles/india/isro-reaffirms-public-mandate-rules-out-privatization-amid-privatesector-surge/","src/articles/india/isro-reaffirms-public-mandate-rules-out-privatization-amid-privatesector-surge.md","India","2026-09-07T03:55:47Z",358,"INDEX","https://thesamachardaily.in/articles/india/isro-reaffirms-public-mandate-rules-out-privatization-amid-privatesector-surge/","IN_SITEMAP","200 OK","YES","NO","YES","YES","CLASS A — INDEXABLE","CLASS F — UNKNOWN GOOGLE STATUS"
"https://thesamachardaily.in/articles/india/jackie-shroff-marks-39-years-of-mahesh-bhatts-drama-kaash-with-nostalgic-homage/","src/articles/india/jackie-shroff-marks-39-years-of-mahesh-bhatts-drama-kaash-with-nostalgic-homage.md","India","2026-09-04T20:56:09Z",392,"INDEX","https://thesamachardaily.in/articles/india/jackie-shroff-marks-39-years-of-mahesh-bhatts-drama-kaash-with-nostalgic-homage/","IN_SITEMAP","200 OK","YES","NO","YES","YES","CLASS A — INDEXABLE","CLASS F — UNKNOWN GOOGLE STATUS"
"https://thesamachardaily.in/articles/india/jagan-mohan-reddy-tells-chandrababu-naidu-to-end-dramas-over-polavaram-project/","src/articles/india/jagan-mohan-reddy-tells-chandrababu-naidu-to-end-dramas-over-polavaram-project.md","India","2026-09-03T04:56:11Z",359,"INDEX","https://thesamachardaily.in/articles/india/jagan-mohan-reddy-tells-chandrababu-naidu-to-end-dramas-over-polavaram-project/","IN_SITEMAP","200 OK","YES","NO","YES","YES","CLASS A — INDEXABLE","CLASS F — UNKNOWN GOOGLE STATUS"
"https://thesamachardaily.in/articles/india/jai-ram-assures-taxi-operators-fast-ends/","src/articles/india/jai-ram-assures-taxi-operators-fast-ends.md","India","2026-08-29T08:14:57Z",158,"INDEX","https://thesamachardaily.in/articles/india/jai-ram-assures-taxi-operators-fast-ends/","IN_SITEMAP","200 OK","YES","NO","YES","YES","CLASS A — INDEXABLE","CLASS F — UNKNOWN GOOGLE STATUS"
"https://thesamachardaily.in/articles/india/janmashtami-2026-indian-fashion-guides-embrace-traditional-elegance-for-festive-celeb/","src/articles/india/janmashtami-2026-indian-fashion-guides-embrace-traditional-elegance-for-festive-celeb.md","India","2026-09-04T15:56:06Z",303,"INDEX","https://thesamachardaily.in/articles/india/janmashtami-2026-indian-fashion-guides-embrace-traditional-elegance-for-festive-celeb/","IN_SITEMAP","200 OK","YES","NO","YES","YES","CLASS A — INDEXABLE","CLASS F — UNKNOWN GOOGLE STATUS"
"https://thesamachardaily.in/articles/india/joint-meeting-with-hamali-unions-soon-on-wage-hike/","src/articles/india/joint-meeting-with-hamali-unions-soon-on-wage-hike.md","India","2026-08-29T09:36:33Z",107,"INDEX","https://thesamachardaily.in/articles/india/joint-meeting-with-hamali-unions-soon-on-wage-hike/","IN_SITEMAP","200 OK","YES","NO","YES","YES","CLASS A — INDEXABLE","CLASS F — UNKNOWN GOOGLE STATUS"
"https://thesamachardaily.in/articles/india/judiciary-proactively-tackling-digital-arrest-scams-cji-surya-kant/","src/articles/india/judiciary-proactively-tackling-digital-arrest-scams-cji-surya-kant.md","India","2026-08-30T17:33:52Z",286,"INDEX","https://thesamachardaily.in/articles/india/judiciary-proactively-tackling-digital-arrest-scams-cji-surya-kant/","IN_SITEMAP","200 OK","YES","NO","YES","YES","CLASS A — INDEXABLE","CLASS F — UNKNOWN GOOGLE STATUS"
"https://thesamachardaily.in/articles/india/kangana-ranaut-opens-up-about-grandmother-kamlas-ageing-calls-life-hard/","src/articles/india/kangana-ranaut-opens-up-about-grandmother-kamlas-ageing-calls-life-hard.md","India","2026-09-10T14:47:50Z",333,"INDEX","https://thesamachardaily.in/articles/india/kangana-ranaut-opens-up-about-grandmother-kamlas-ageing-calls-life-hard/","IN_SITEMAP","200 OK","NO","NO","YES","YES","CLASS A — INDEXABLE","CLASS F — UNKNOWN GOOGLE STATUS"
"https://thesamachardaily.in/articles/india/kareena-kapoor-praises-gulzars-lyrics-for-intense-impact-in-new-song-sach-ka-daayra/","src/articles/india/kareena-kapoor-praises-gulzars-lyrics-for-intense-impact-in-new-song-sach-ka-daayra.md","India","2026-09-10T18:47:47Z",166,"INDEX","https://thesamachardaily.in/articles/india/kareena-kapoor-praises-gulzars-lyrics-for-intense-impact-in-new-song-sach-ka-daayra/","IN_SITEMAP","200 OK","YES","NO","YES","YES","CLASS A — INDEXABLE","CLASS F — UNKNOWN GOOGLE STATUS"
"https://thesamachardaily.in/articles/india/karnataka-cm-dk-shivakumar-targets-bjp-stronghold-in-coastal-karnataka-ahead-of-2028/","src/articles/india/karnataka-cm-dk-shivakumar-targets-bjp-stronghold-in-coastal-karnataka-ahead-of-2028.md","India","2026-09-10T15:47:47Z",234,"INDEX","https://thesamachardaily.in/articles/india/karnataka-cm-dk-shivakumar-targets-bjp-stronghold-in-coastal-karnataka-ahead-of-2028/","IN_SITEMAP","200 OK","NO","NO","YES","YES","CLASS A — INDEXABLE","CLASS F — UNKNOWN GOOGLE STATUS"
"https://thesamachardaily.in/articles/india/karnataka-cm-pushes-lidar-survey-to-map-western-ghats-opposes-kasturirangan-esa-draft/","src/articles/india/karnataka-cm-pushes-lidar-survey-to-map-western-ghats-opposes-kasturirangan-esa-draft.md","India","2026-09-22T02:30:36Z",100,"INDEX","https://thesamachardaily.in/articles/india/karnataka-cm-pushes-lidar-survey-to-map-western-ghats-opposes-kasturirangan-esa-draft/","IN_SITEMAP","200 OK","NO","NO","YES","YES","CLASS A — INDEXABLE","CLASS F — UNKNOWN GOOGLE STATUS"
"https://thesamachardaily.in/articles/india/karnataka-expands-urban-self-harm-study-to-37-government-hospitals/","src/articles/india/karnataka-expands-urban-self-harm-study-to-37-government-hospitals.md","India","2026-09-11T14:10:17Z",284,"INDEX","https://thesamachardaily.in/articles/india/karnataka-expands-urban-self-harm-study-to-37-government-hospitals/","IN_SITEMAP","200 OK","NO","NO","YES","YES","CLASS A — INDEXABLE","CLASS F — UNKNOWN GOOGLE STATUS"
"https://thesamachardaily.in/articles/india/karnataka-high-court-sda-recruitment-2026-deadline-hits-today-20-posts-open/","src/articles/india/karnataka-high-court-sda-recruitment-2026-deadline-hits-today-20-posts-open.md","India","2026-09-11T21:10:08Z",97,"INDEX","https://thesamachardaily.in/articles/india/karnataka-high-court-sda-recruitment-2026-deadline-hits-today-20-posts-open/","IN_SITEMAP","200 OK","NO","NO","YES","YES","CLASS A — INDEXABLE","CLASS F — UNKNOWN GOOGLE STATUS"
"https://thesamachardaily.in/articles/india/karnataka-man-rides-twowheeler-with-six-kids-five-in-metal-basket-video-sparks-outrag/","src/articles/india/karnataka-man-rides-twowheeler-with-six-kids-five-in-metal-basket-video-sparks-outrag.md","India","2026-09-22T04:30:24Z",61,"INDEX","https://thesamachardaily.in/articles/india/karnataka-man-rides-twowheeler-with-six-kids-five-in-metal-basket-video-sparks-outrag/","IN_SITEMAP","200 OK","NO","NO","YES","YES","CLASS A — INDEXABLE","CLASS F — UNKNOWN GOOGLE STATUS"
"https://thesamachardaily.in/articles/india/karnataka-minister-mallikarjun-catches-bjp-mla-harish-in-oncamera-slipper-insult/","src/articles/india/karnataka-minister-mallikarjun-catches-bjp-mla-harish-in-oncamera-slipper-insult.md","India","2026-09-09T18:01:56Z",244,"INDEX","https://thesamachardaily.in/articles/india/karnataka-minister-mallikarjun-catches-bjp-mla-harish-in-oncamera-slipper-insult/","IN_SITEMAP","200 OK","NO","NO","YES","YES","CLASS A — INDEXABLE","CLASS F — UNKNOWN GOOGLE STATUS"
"https://thesamachardaily.in/articles/india/karnataka-sit-raids-ten-sites-in-six-states-over-dodderi-fake-drug-ring/","src/articles/india/karnataka-sit-raids-ten-sites-in-six-states-over-dodderi-fake-drug-ring.md","India","2026-09-12T00:10:17Z",88,"INDEX","https://thesamachardaily.in/articles/india/karnataka-sit-raids-ten-sites-in-six-states-over-dodderi-fake-drug-ring/","IN_SITEMAP","200 OK","NO","NO","YES","YES","CLASS A — INDEXABLE","CLASS F — UNKNOWN GOOGLE STATUS"
"https://thesamachardaily.in/articles/india/karnataka-to-revive-student-union-elections-without-caste-quota-adds-womenreserved-se/","src/articles/india/karnataka-to-revive-student-union-elections-without-caste-quota-adds-womenreserved-se.md","India","2026-09-10T02:47:47Z",171,"INDEX","https://thesamachardaily.in/articles/india/karnataka-to-revive-student-union-elections-without-caste-quota-adds-womenreserved-se/","IN_SITEMAP","200 OK","YES","NO","YES","YES","CLASS A — INDEXABLE","CLASS F — UNKNOWN GOOGLE STATUS"
"https://thesamachardaily.in/articles/india/karnataka-tourisms-success-at-ktm-cochin-2024/","src/articles/india/karnataka-tourisms-success-at-ktm-cochin-2024.md","India","2026-08-29T11:30:28Z",165,"INDEX","https://thesamachardaily.in/articles/india/karnataka-tourisms-success-at-ktm-cochin-2024/","IN_SITEMAP","200 OK","YES","NO","YES","YES","CLASS A — INDEXABLE","CLASS F — UNKNOWN GOOGLE STATUS"
"https://thesamachardaily.in/articles/india/kartik-aaryan-unveils-captain-india-first-look-departs-for-london-shoot/","src/articles/india/kartik-aaryan-unveils-captain-india-first-look-departs-for-london-shoot.md","India","2026-09-06T20:56:00Z",295,"INDEX","https://thesamachardaily.in/articles/india/kartik-aaryan-unveils-captain-india-first-look-departs-for-london-shoot/","IN_SITEMAP","200 OK","YES","NO","YES","YES","CLASS A — INDEXABLE","CLASS F — UNKNOWN GOOGLE STATUS"
"https://thesamachardaily.in/articles/india/kashmir-may-see-warmer-milder-winter-as-la-nia-influence-grows-experts-warn/","src/articles/india/kashmir-may-see-warmer-milder-winter-as-la-nia-influence-grows-experts-warn.md","India","2026-09-15T09:30:25Z",171,"INDEX","https://thesamachardaily.in/articles/india/kashmir-may-see-warmer-milder-winter-as-la-nia-influence-grows-experts-warn/","IN_SITEMAP","200 OK","YES","NO","YES","YES","CLASS A — INDEXABLE","CLASS F — UNKNOWN GOOGLE STATUS"
"https://thesamachardaily.in/articles/india/kathmandu-india-sends-relief-assistance-to-flood-hit-nepal-gallery/","src/articles/india/kathmandu-india-sends-relief-assistance-to-flood-hit-nepal-gallery.md","India","2026-08-30T19:34:08Z",295,"INDEX","https://thesamachardaily.in/articles/india/kathmandu-india-sends-relief-assistance-to-flood-hit-nepal-gallery/","IN_SITEMAP","200 OK","YES","NO","YES","YES","CLASS A — INDEXABLE","CLASS F — UNKNOWN GOOGLE STATUS"
"https://thesamachardaily.in/articles/india/keerthy-suresh-flaunts-tamilkerala-pride-at-tiff-2026-highlighting-south-indian-grand/","src/articles/india/keerthy-suresh-flaunts-tamilkerala-pride-at-tiff-2026-highlighting-south-indian-grand.md","India","2026-09-16T12:30:27Z",72,"INDEX","https://thesamachardaily.in/articles/india/keerthy-suresh-flaunts-tamilkerala-pride-at-tiff-2026-highlighting-south-indian-grand/","IN_SITEMAP","200 OK","NO","NO","YES","YES","CLASS A — INDEXABLE","CLASS F — UNKNOWN GOOGLE STATUS"
"https://thesamachardaily.in/articles/india/kerala-high-court-approves-extension-of-tdb-vigilance-officers-tenure-to-jan-2027/","src/articles/india/kerala-high-court-approves-extension-of-tdb-vigilance-officers-tenure-to-jan-2027.md","India","2026-09-05T08:55:46Z",308,"INDEX","https://thesamachardaily.in/articles/india/kerala-high-court-approves-extension-of-tdb-vigilance-officers-tenure-to-jan-2027/","IN_SITEMAP","200 OK","NO","NO","YES","YES","CLASS A — INDEXABLE","CLASS F — UNKNOWN GOOGLE STATUS"
"https://thesamachardaily.in/articles/india/kerala-high-court-hears-et-firozs-challenge-to-recovery-officer-and-drti/","src/articles/india/kerala-high-court-hears-et-firozs-challenge-to-recovery-officer-and-drti.md","India","2026-09-12T04:10:06Z",73,"NOINDEX","https://thesamachardaily.in/articles/india/kerala-high-court-hears-et-firozs-challenge-to-recovery-officer-and-drti/","OMITTED","200 OK","NO","NO","YES","YES","CLASS B — INTENTIONALLY NOINDEX","CLASS F — UNKNOWN GOOGLE STATUS"
"https://thesamachardaily.in/articles/india/kerala-high-court-rules-brothel-customers-can-be-prosecuted-under-immoral-traffic-act/","src/articles/india/kerala-high-court-rules-brothel-customers-can-be-prosecuted-under-immoral-traffic-act.md","India","2026-09-02T16:56:03Z",269,"INDEX","https://thesamachardaily.in/articles/india/kerala-high-court-rules-brothel-customers-can-be-prosecuted-under-immoral-traffic-act/","IN_SITEMAP","200 OK","YES","NO","YES","YES","CLASS A — INDEXABLE","CLASS F — UNKNOWN GOOGLE STATUS"
"https://thesamachardaily.in/articles/india/kerala-leader-of-opposition-vijayan-says-ed-move-targets-cpi-m-not-him/","src/articles/india/kerala-leader-of-opposition-vijayan-says-ed-move-targets-cpi-m-not-him.md","India","2026-09-12T20:14:06Z",310,"INDEX","https://thesamachardaily.in/articles/india/kerala-leader-of-opposition-vijayan-says-ed-move-targets-cpi-m-not-him/","IN_SITEMAP","200 OK","YES","NO","YES","YES","CLASS A — INDEXABLE","CLASS F — UNKNOWN GOOGLE STATUS"
"https://thesamachardaily.in/articles/india/kerala-mulls-dedicated-tourism-and-hospitality-university-to-upskill-sector/","src/articles/india/kerala-mulls-dedicated-tourism-and-hospitality-university-to-upskill-sector.md","India","2026-09-05T09:55:43Z",270,"INDEX","https://thesamachardaily.in/articles/india/kerala-mulls-dedicated-tourism-and-hospitality-university-to-upskill-sector/","IN_SITEMAP","200 OK","YES","NO","YES","YES","CLASS A — INDEXABLE","CLASS F — UNKNOWN GOOGLE STATUS"
"https://thesamachardaily.in/articles/india/kidnapped-boy-sold-for-rs-10000-rescued-after-4-years-forced-labour/","src/articles/india/kidnapped-boy-sold-for-rs-10000-rescued-after-4-years-forced-labour.md","India","2026-09-06T18:57:25Z",335,"INDEX","https://thesamachardaily.in/articles/india/kidnapped-boy-sold-for-rs-10000-rescued-after-4-years-forced-labour/","IN_SITEMAP","200 OK","YES","NO","YES","YES","CLASS A — INDEXABLE","CLASS F — UNKNOWN GOOGLE STATUS"
"https://thesamachardaily.in/articles/india/kiren-rijiju-to-lead-indian-delegation-at-65th-anniversary-of-nam-summit-in-belgrade/","src/articles/india/kiren-rijiju-to-lead-indian-delegation-at-65th-anniversary-of-nam-summit-in-belgrade.md","India","2026-08-29T16:39:08Z",160,"INDEX","https://thesamachardaily.in/articles/india/kiren-rijiju-to-lead-indian-delegation-at-65th-anniversary-of-nam-summit-in-belgrade/","IN_SITEMAP","200 OK","NO","NO","YES","YES","CLASS A — INDEXABLE","CLASS F — UNKNOWN GOOGLE STATUS"
"https://thesamachardaily.in/articles/india/kpsc-scam-karnataka-minister-priyank-kharge-offers-to-quit-politics-if-evidence-surfa/","src/articles/india/kpsc-scam-karnataka-minister-priyank-kharge-offers-to-quit-politics-if-evidence-surfa.md","India","2026-09-01T04:06:52Z",451,"INDEX","https://thesamachardaily.in/articles/india/kpsc-scam-karnataka-minister-priyank-kharge-offers-to-quit-politics-if-evidence-surfa/","IN_SITEMAP","200 OK","YES","NO","YES","YES","CLASS A — INDEXABLE","CLASS F — UNKNOWN GOOGLE STATUS"
"https://thesamachardaily.in/articles/india/krishna-basin-dams-benefit-most-from-maharashtra-rains/","src/articles/india/krishna-basin-dams-benefit-most-from-maharashtra-rains.md","India","2026-08-29T11:38:48Z",97,"NOINDEX","https://thesamachardaily.in/articles/india/krishna-basin-dams-benefit-most-from-maharashtra-rains/","OMITTED","200 OK","YES","NO","YES","YES","CLASS B — INTENTIONALLY NOINDEX","CLASS F — UNKNOWN GOOGLE STATUS"
"https://thesamachardaily.in/articles/india/kumaraswamy-says-vokkaliga-loyalty-to-deve-gowda-unchanged-not-for-shivakumar/","src/articles/india/kumaraswamy-says-vokkaliga-loyalty-to-deve-gowda-unchanged-not-for-shivakumar.md","India","2026-09-20T05:30:28Z",162,"INDEX","https://thesamachardaily.in/articles/india/kumaraswamy-says-vokkaliga-loyalty-to-deve-gowda-unchanged-not-for-shivakumar/","IN_SITEMAP","200 OK","YES","NO","YES","YES","CLASS A — INDEXABLE","CLASS F — UNKNOWN GOOGLE STATUS"
"https://thesamachardaily.in/articles/india/ladakh-groups-decry-mha-meeting-as-draft-for-elected-ut-body-remains-absent/","src/articles/india/ladakh-groups-decry-mha-meeting-as-draft-for-elected-ut-body-remains-absent.md","India","2026-09-10T06:47:49Z",317,"INDEX","https://thesamachardaily.in/articles/india/ladakh-groups-decry-mha-meeting-as-draft-for-elected-ut-body-remains-absent/","IN_SITEMAP","200 OK","NO","NO","YES","YES","CLASS A — INDEXABLE","CLASS F — UNKNOWN GOOGLE STATUS"
"https://thesamachardaily.in/articles/india/lg-sinha-announces-rs-48-cr-for-purmandal-uttervehini-heritage-restoration/","src/articles/india/lg-sinha-announces-rs-48-cr-for-purmandal-uttervehini-heritage-restoration.md","India","2026-09-21T13:34:17Z",255,"INDEX","https://thesamachardaily.in/articles/india/lg-sinha-announces-rs-48-cr-for-purmandal-uttervehini-heritage-restoration/","IN_SITEMAP","200 OK","NO","NO","YES","YES","CLASS A — INDEXABLE","CLASS F — UNKNOWN GOOGLE STATUS"
"https://thesamachardaily.in/articles/india/looking-to-advance-indias-vision-for-region-free-from-terror-pm-ahead-of-sco-summit/","src/articles/india/looking-to-advance-indias-vision-for-region-free-from-terror-pm-ahead-of-sco-summit.md","India","2026-08-29T16:51:12Z",168,"INDEX","https://thesamachardaily.in/articles/india/looking-to-advance-indias-vision-for-region-free-from-terror-pm-ahead-of-sco-summit/","IN_SITEMAP","200 OK","YES","NO","YES","YES","CLASS A — INDEXABLE","CLASS F — UNKNOWN GOOGLE STATUS"
"https://thesamachardaily.in/articles/india/maharashtra-exam-date-shift-upends-careers-marriages-finances/","src/articles/india/maharashtra-exam-date-shift-upends-careers-marriages-finances.md","India","2026-09-11T22:10:05Z",88,"INDEX","https://thesamachardaily.in/articles/india/maharashtra-exam-date-shift-upends-careers-marriages-finances/","IN_SITEMAP","200 OK","YES","NO","YES","YES","CLASS A — INDEXABLE","CLASS F — UNKNOWN GOOGLE STATUS"
"https://thesamachardaily.in/articles/india/maharashtra-fda-suspends-licences-of-railway-caterer-shuts-20-outlets-over-safety-bre/","src/articles/india/maharashtra-fda-suspends-licences-of-railway-caterer-shuts-20-outlets-over-safety-bre.md","India","2026-09-09T18:39:28Z",312,"INDEX","https://thesamachardaily.in/articles/india/maharashtra-fda-suspends-licences-of-railway-caterer-shuts-20-outlets-over-safety-bre/","IN_SITEMAP","200 OK","NO","NO","YES","YES","CLASS A — INDEXABLE","CLASS F — UNKNOWN GOOGLE STATUS"
"https://thesamachardaily.in/articles/india/maharashtra-fda-suspends-olympia-coffee-house-licence-over-hygiene-violations/","src/articles/india/maharashtra-fda-suspends-olympia-coffee-house-licence-over-hygiene-violations.md","India","2026-09-18T07:30:39Z",52,"INDEX","https://thesamachardaily.in/articles/india/maharashtra-fda-suspends-olympia-coffee-house-licence-over-hygiene-violations/","IN_SITEMAP","200 OK","NO","NO","YES","YES","CLASS A — INDEXABLE","CLASS F — UNKNOWN GOOGLE STATUS"
"https://thesamachardaily.in/articles/india/maharashtra-teachers-protest-shift-of-mid-day-meal-liability-to-principals/","src/articles/india/maharashtra-teachers-protest-shift-of-mid-day-meal-liability-to-principals.md","India","2026-09-03T14:56:02Z",281,"INDEX","https://thesamachardaily.in/articles/india/maharashtra-teachers-protest-shift-of-mid-day-meal-liability-to-principals/","IN_SITEMAP","200 OK","YES","NO","YES","YES","CLASS A — INDEXABLE","CLASS F — UNKNOWN GOOGLE STATUS"
"https://thesamachardaily.in/articles/india/mahindra-to-unveil-facelifted-thar-suv-tomorrow-sep-22-2026/","src/articles/india/mahindra-to-unveil-facelifted-thar-suv-tomorrow-sep-22-2026.md","India","2026-09-21T14:30:53Z",70,"INDEX","https://thesamachardaily.in/articles/india/mahindra-to-unveil-facelifted-thar-suv-tomorrow-sep-22-2026/","IN_SITEMAP","200 OK","NO","NO","YES","YES","CLASS A — INDEXABLE","CLASS F — UNKNOWN GOOGLE STATUS"
"https://thesamachardaily.in/articles/india/malaysia-pm-anwar-ibrahim-sings-kishore-kumar-classic-at-delhi-brics-gala/","src/articles/india/malaysia-pm-anwar-ibrahim-sings-kishore-kumar-classic-at-delhi-brics-gala.md","India","2026-09-13T17:10:08Z",39,"INDEX","https://thesamachardaily.in/articles/india/malaysia-pm-anwar-ibrahim-sings-kishore-kumar-classic-at-delhi-brics-gala/","IN_SITEMAP","200 OK","NO","NO","YES","YES","CLASS A — INDEXABLE","CLASS F — UNKNOWN GOOGLE STATUS"
"https://thesamachardaily.in/articles/india/mamata-banerjees-niece-found-dead-in-birbhum-police-treat-as-suicide/","src/articles/india/mamata-banerjees-niece-found-dead-in-birbhum-police-treat-as-suicide.md","India","2026-09-01T22:57:49Z",372,"INDEX","https://thesamachardaily.in/articles/india/mamata-banerjees-niece-found-dead-in-birbhum-police-treat-as-suicide/","IN_SITEMAP","200 OK","YES","NO","YES","YES","CLASS A — INDEXABLE","CLASS F — UNKNOWN GOOGLE STATUS"
"https://thesamachardaily.in/articles/india/manjeet-kaurs-final-video-shows-they-set-me-on-fire-first-arrest-made/","src/articles/india/manjeet-kaurs-final-video-shows-they-set-me-on-fire-first-arrest-made.md","India","2026-09-13T01:10:10Z",90,"INDEX","https://thesamachardaily.in/articles/india/manjeet-kaurs-final-video-shows-they-set-me-on-fire-first-arrest-made/","IN_SITEMAP","200 OK","NO","NO","YES","YES","CLASS A — INDEXABLE","CLASS F — UNKNOWN GOOGLE STATUS"
"https://thesamachardaily.in/articles/india/marble-inlay-silk-and-mahabharata-pm-modis-cultural-gifts-to-sco-leaders-in-central-a/","src/articles/india/marble-inlay-silk-and-mahabharata-pm-modis-cultural-gifts-to-sco-leaders-in-central-a.md","India","2026-09-02T04:55:52Z",405,"INDEX","https://thesamachardaily.in/articles/india/marble-inlay-silk-and-mahabharata-pm-modis-cultural-gifts-to-sco-leaders-in-central-a/","IN_SITEMAP","200 OK","YES","NO","YES","YES","CLASS A — INDEXABLE","CLASS F — UNKNOWN GOOGLE STATUS"
"https://thesamachardaily.in/articles/india/maruti-suzuki-launches-baleno-facelift-in-india-at-rs-610-lakh-ex-showroom/","src/articles/india/maruti-suzuki-launches-baleno-facelift-in-india-at-rs-610-lakh-ex-showroom.md","India","2026-09-07T20:58:17Z",384,"INDEX","https://thesamachardaily.in/articles/india/maruti-suzuki-launches-baleno-facelift-in-india-at-rs-610-lakh-ex-showroom/","IN_SITEMAP","200 OK","YES","NO","YES","YES","CLASS A — INDEXABLE","CLASS F — UNKNOWN GOOGLE STATUS"
"https://thesamachardaily.in/articles/india/mayawati-tells-nephew-ashok-siddharth-to-quit-politics-as-akash-anand-eyes-major-bsp/","src/articles/india/mayawati-tells-nephew-ashok-siddharth-to-quit-politics-as-akash-anand-eyes-major-bsp.md","India","2026-09-09T22:47:47Z",176,"INDEX","https://thesamachardaily.in/articles/india/mayawati-tells-nephew-ashok-siddharth-to-quit-politics-as-akash-anand-eyes-major-bsp/","IN_SITEMAP","200 OK","NO","NO","YES","YES","CLASS A — INDEXABLE","CLASS F — UNKNOWN GOOGLE STATUS"
"https://thesamachardaily.in/articles/india/mazda-art-festival-showcases-indias-rich-and-varied-artistic-diversity/","src/articles/india/mazda-art-festival-showcases-indias-rich-and-varied-artistic-diversity.md","India","2026-09-20T11:30:25Z",43,"INDEX","https://thesamachardaily.in/articles/india/mazda-art-festival-showcases-indias-rich-and-varied-artistic-diversity/","IN_SITEMAP","200 OK","YES","NO","YES","YES","CLASS A — INDEXABLE","CLASS F — UNKNOWN GOOGLE STATUS"
"https://thesamachardaily.in/articles/india/mecl-signs-mou-with-nbcc-to-renovate-and-upgrade-nagpur-corporate-headquarters/","src/articles/india/mecl-signs-mou-with-nbcc-to-renovate-and-upgrade-nagpur-corporate-headquarters.md","India","2026-09-12T01:10:10Z",91,"INDEX","https://thesamachardaily.in/articles/india/mecl-signs-mou-with-nbcc-to-renovate-and-upgrade-nagpur-corporate-headquarters/","IN_SITEMAP","200 OK","NO","NO","YES","YES","CLASS A — INDEXABLE","CLASS F — UNKNOWN GOOGLE STATUS"
"https://thesamachardaily.in/articles/india/meenakshi-seshadri-walks-down-memory-lane-revives-meri-jung-classic-on-mumbai-shore/","src/articles/india/meenakshi-seshadri-walks-down-memory-lane-revives-meri-jung-classic-on-mumbai-shore.md","India","2026-09-04T17:56:05Z",384,"INDEX","https://thesamachardaily.in/articles/india/meenakshi-seshadri-walks-down-memory-lane-revives-meri-jung-classic-on-mumbai-shore/","IN_SITEMAP","200 OK","YES","NO","YES","YES","CLASS A — INDEXABLE","CLASS F — UNKNOWN GOOGLE STATUS"
"https://thesamachardaily.in/articles/india/meta-india-faces-ncpcr-scrutiny-over-alleged-childsafety-ads/","src/articles/india/meta-india-faces-ncpcr-scrutiny-over-alleged-childsafety-ads.md","India","2026-09-09T19:47:54Z",279,"INDEX","https://thesamachardaily.in/articles/india/meta-india-faces-ncpcr-scrutiny-over-alleged-childsafety-ads/","IN_SITEMAP","200 OK","NO","NO","YES","YES","CLASS A — INDEXABLE","CLASS F — UNKNOWN GOOGLE STATUS"
"https://thesamachardaily.in/articles/india/mgl-hikes-mumbai-cng-price-to-rs-88kg-png-up-rs-1-from-sept-1/","src/articles/india/mgl-hikes-mumbai-cng-price-to-rs-88kg-png-up-rs-1-from-sept-1.md","India","2026-09-01T06:06:32Z",257,"INDEX","https://thesamachardaily.in/articles/india/mgl-hikes-mumbai-cng-price-to-rs-88kg-png-up-rs-1-from-sept-1/","IN_SITEMAP","200 OK","YES","NO","YES","YES","CLASS A — INDEXABLE","CLASS F — UNKNOWN GOOGLE STATUS"
"https://thesamachardaily.in/articles/india/mild-lathicharge-near-punjab-cm-manns-bathinda-event-as-teachers-protest-breaches-bar/","src/articles/india/mild-lathicharge-near-punjab-cm-manns-bathinda-event-as-teachers-protest-breaches-bar.md","India","2026-09-06T01:56:02Z",340,"INDEX","https://thesamachardaily.in/articles/india/mild-lathicharge-near-punjab-cm-manns-bathinda-event-as-teachers-protest-breaches-bar/","IN_SITEMAP","200 OK","YES","NO","YES","YES","CLASS A — INDEXABLE","CLASS F — UNKNOWN GOOGLE STATUS"
"https://thesamachardaily.in/articles/india/mirzapur-the-movie-soundtrack-pioneers-universals-hear-it-first-model/","src/articles/india/mirzapur-the-movie-soundtrack-pioneers-universals-hear-it-first-model.md","India","2026-09-01T01:06:35Z",339,"INDEX","https://thesamachardaily.in/articles/india/mirzapur-the-movie-soundtrack-pioneers-universals-hear-it-first-model/","IN_SITEMAP","200 OK","YES","NO","YES","YES","CLASS A — INDEXABLE","CLASS F — UNKNOWN GOOGLE STATUS"
"https://thesamachardaily.in/articles/india/mitra-unveils-seven-rm5976-million-initiatives-to-boost-indian-community-empowerment/","src/articles/india/mitra-unveils-seven-rm5976-million-initiatives-to-boost-indian-community-empowerment.md","India","2026-09-10T10:48:02Z",261,"INDEX","https://thesamachardaily.in/articles/india/mitra-unveils-seven-rm5976-million-initiatives-to-boost-indian-community-empowerment/","IN_SITEMAP","200 OK","YES","NO","YES","YES","CLASS A — INDEXABLE","CLASS F — UNKNOWN GOOGLE STATUS"
"https://thesamachardaily.in/articles/india/mmrta-lifts-mumbai-auto-and-taxi-fares-by-1-and-2-after-18-months/","src/articles/india/mmrta-lifts-mumbai-auto-and-taxi-fares-by-1-and-2-after-18-months.md","India","2026-09-01T17:55:53Z",259,"INDEX","https://thesamachardaily.in/articles/india/mmrta-lifts-mumbai-auto-and-taxi-fares-by-1-and-2-after-18-months/","IN_SITEMAP","200 OK","YES","NO","YES","YES","CLASS A — INDEXABLE","CLASS F — UNKNOWN GOOGLE STATUS"
"https://thesamachardaily.in/articles/india/mngl-taps-9-lakh-pune-homes-launches-drive-to-activate-connections-by-september-end/","src/articles/india/mngl-taps-9-lakh-pune-homes-launches-drive-to-activate-connections-by-september-end.md","India","2026-09-03T06:55:46Z",337,"INDEX","https://thesamachardaily.in/articles/india/mngl-taps-9-lakh-pune-homes-launches-drive-to-activate-connections-by-september-end/","IN_SITEMAP","200 OK","YES","NO","YES","YES","CLASS A — INDEXABLE","CLASS F — UNKNOWN GOOGLE STATUS"
"https://thesamachardaily.in/articles/india/modi-and-putin-ride-together-to-world-nomad-games-underscoring-indiarussia-car-diplom/","src/articles/india/modi-and-putin-ride-together-to-world-nomad-games-underscoring-indiarussia-car-diplom.md","India","2026-09-01T03:06:37Z",412,"INDEX","https://thesamachardaily.in/articles/india/modi-and-putin-ride-together-to-world-nomad-games-underscoring-indiarussia-car-diplom/","IN_SITEMAP","200 OK","NO","NO","YES","YES","CLASS A — INDEXABLE","CLASS F — UNKNOWN GOOGLE STATUS"
"https://thesamachardaily.in/articles/india/modi-calls-on-brics-business-council-to-cut-trade-barriers-boost-startups/","src/articles/india/modi-calls-on-brics-business-council-to-cut-trade-barriers-boost-startups.md","India","2026-09-12T03:10:10Z",101,"INDEX","https://thesamachardaily.in/articles/india/modi-calls-on-brics-business-council-to-cut-trade-barriers-boost-startups/","IN_SITEMAP","200 OK","NO","NO","YES","YES","CLASS A — INDEXABLE","CLASS F — UNKNOWN GOOGLE STATUS"
"https://thesamachardaily.in/articles/india/modi-greets-brics-leaders-against-rameswaram-temple-corridor-at-delhi-summit/","src/articles/india/modi-greets-brics-leaders-against-rameswaram-temple-corridor-at-delhi-summit.md","India","2026-09-14T01:30:28Z",189,"INDEX","https://thesamachardaily.in/articles/india/modi-greets-brics-leaders-against-rameswaram-temple-corridor-at-delhi-summit/","IN_SITEMAP","200 OK","YES","NO","YES","YES","CLASS A — INDEXABLE","CLASS F — UNKNOWN GOOGLE STATUS"
"https://thesamachardaily.in/articles/india/modi-greets-ethiopias-abiy-ahmed-at-new-delhis-bharat-mandapam-during-brics-2026/","src/articles/india/modi-greets-ethiopias-abiy-ahmed-at-new-delhis-bharat-mandapam-during-brics-2026.md","India","2026-09-12T21:10:10Z",50,"INDEX","https://thesamachardaily.in/articles/india/modi-greets-ethiopias-abiy-ahmed-at-new-delhis-bharat-mandapam-during-brics-2026/","IN_SITEMAP","200 OK","YES","NO","YES","YES","CLASS A — INDEXABLE","CLASS F — UNKNOWN GOOGLE STATUS"
"https://thesamachardaily.in/articles/india/modi-terror-not-an-asset-calls-for-dismantling-funding-recruitment-safe-havens/","src/articles/india/modi-terror-not-an-asset-calls-for-dismantling-funding-recruitment-safe-havens.md","India","2026-09-02T08:55:45Z",277,"INDEX","https://thesamachardaily.in/articles/india/modi-terror-not-an-asset-calls-for-dismantling-funding-recruitment-safe-havens/","IN_SITEMAP","200 OK","YES","NO","YES","YES","CLASS A — INDEXABLE","CLASS F — UNKNOWN GOOGLE STATUS"
"https://thesamachardaily.in/articles/india/modi-to-hand-out-51000-government-job-letters-at-20th-rozgar-mela/","src/articles/india/modi-to-hand-out-51000-government-job-letters-at-20th-rozgar-mela.md","India","2026-09-19T20:30:26Z",70,"INDEX","https://thesamachardaily.in/articles/india/modi-to-hand-out-51000-government-job-letters-at-20th-rozgar-mela/","IN_SITEMAP","200 OK","YES","YES","YES","YES","CLASS A — INDEXABLE","CLASS F — UNKNOWN GOOGLE STATUS"
"https://thesamachardaily.in/articles/india/modi-xi-meet-in-new-delhi-emphasize-border-peace-at-brics-2026/","src/articles/india/modi-xi-meet-in-new-delhi-emphasize-border-peace-at-brics-2026.md","India","2026-09-13T02:10:09Z",88,"INDEX","https://thesamachardaily.in/articles/india/modi-xi-meet-in-new-delhi-emphasize-border-peace-at-brics-2026/","IN_SITEMAP","200 OK","YES","NO","YES","YES","CLASS A — INDEXABLE","CLASS F — UNKNOWN GOOGLE STATUS"
"https://thesamachardaily.in/articles/india/mohit-suri-teams-with-ram-gopal-varma-on-yrfbacked-twohero-gangster-film/","src/articles/india/mohit-suri-teams-with-ram-gopal-varma-on-yrfbacked-twohero-gangster-film.md","India","2026-09-13T20:30:25Z",93,"INDEX","https://thesamachardaily.in/articles/india/mohit-suri-teams-with-ram-gopal-varma-on-yrfbacked-twohero-gangster-film/","IN_SITEMAP","200 OK","NO","NO","YES","YES","CLASS A — INDEXABLE","CLASS F — UNKNOWN GOOGLE STATUS"
"https://thesamachardaily.in/articles/india/mohua-urges-developers-to-embed-sciencedriven-sustainability-in-housing-projects/","src/articles/india/mohua-urges-developers-to-embed-sciencedriven-sustainability-in-housing-projects.md","India","2026-09-09T20:47:46Z",266,"INDEX","https://thesamachardaily.in/articles/india/mohua-urges-developers-to-embed-sciencedriven-sustainability-in-housing-projects/","IN_SITEMAP","200 OK","YES","NO","YES","YES","CLASS A — INDEXABLE","CLASS F — UNKNOWN GOOGLE STATUS"
"https://thesamachardaily.in/articles/india/money-plant-care-sunlight-vs-shade-find-the-ideal-spot-for-lush-growth/","src/articles/india/money-plant-care-sunlight-vs-shade-find-the-ideal-spot-for-lush-growth.md","India","2026-09-19T00:30:25Z",97,"INDEX","https://thesamachardaily.in/articles/india/money-plant-care-sunlight-vs-shade-find-the-ideal-spot-for-lush-growth/","IN_SITEMAP","200 OK","YES","NO","YES","YES","CLASS A — INDEXABLE","CLASS F — UNKNOWN GOOGLE STATUS"
"https://thesamachardaily.in/articles/india/mord-officials-inspect-rural-scheme-progress-in-manipurs-churachandpur-district/","src/articles/india/mord-officials-inspect-rural-scheme-progress-in-manipurs-churachandpur-district.md","India","2026-09-11T01:10:23Z",311,"INDEX","https://thesamachardaily.in/articles/india/mord-officials-inspect-rural-scheme-progress-in-manipurs-churachandpur-district/","IN_SITEMAP","200 OK","NO","NO","YES","YES","CLASS A — INDEXABLE","CLASS F — UNKNOWN GOOGLE STATUS"
"https://thesamachardaily.in/articles/india/mos-ib-l-murugan-says-jk-poised-to-regain-status-as-global-film-hub/","src/articles/india/mos-ib-l-murugan-says-jk-poised-to-regain-status-as-global-film-hub.md","India","2026-09-11T09:10:11Z",247,"INDEX","https://thesamachardaily.in/articles/india/mos-ib-l-murugan-says-jk-poised-to-regain-status-as-global-film-hub/","IN_SITEMAP","200 OK","YES","NO","YES","YES","CLASS A — INDEXABLE","CLASS F — UNKNOWN GOOGLE STATUS"
"https://thesamachardaily.in/articles/india/mosquitoes-thrive-in-indian-bathrooms-5-simple-fixes-to-stop-them/","src/articles/india/mosquitoes-thrive-in-indian-bathrooms-5-simple-fixes-to-stop-them.md","India","2026-09-16T18:30:35Z",98,"INDEX","https://thesamachardaily.in/articles/india/mosquitoes-thrive-in-indian-bathrooms-5-simple-fixes-to-stop-them/","IN_SITEMAP","200 OK","YES","NO","YES","YES","CLASS A — INDEXABLE","CLASS F — UNKNOWN GOOGLE STATUS"
"https://thesamachardaily.in/articles/india/moxy-bengaluru-airport-prestige-tech-cloud-names-jegan-babu-as-new-food-beverage-mana/","src/articles/india/moxy-bengaluru-airport-prestige-tech-cloud-names-jegan-babu-as-new-food-beverage-mana.md","India","2026-09-21T20:30:28Z",36,"INDEX","https://thesamachardaily.in/articles/india/moxy-bengaluru-airport-prestige-tech-cloud-names-jegan-babu-as-new-food-beverage-mana/","IN_SITEMAP","200 OK","NO","NO","YES","YES","CLASS A — INDEXABLE","CLASS F — UNKNOWN GOOGLE STATUS"
"https://thesamachardaily.in/articles/india/mumbai-friend-charged-with-murder-after-fatal-clash-over-personal-belongings/","src/articles/india/mumbai-friend-charged-with-murder-after-fatal-clash-over-personal-belongings.md","India","2026-09-12T05:10:07Z",61,"NOINDEX","https://thesamachardaily.in/articles/india/mumbai-friend-charged-with-murder-after-fatal-clash-over-personal-belongings/","OMITTED","200 OK","YES","NO","YES","YES","CLASS B — INTENTIONALLY NOINDEX","CLASS F — UNKNOWN GOOGLE STATUS"
"https://thesamachardaily.in/articles/india/mumbai-police-constable-loses-rs-112-lakh-in-matrimonial-gift-fraud/","src/articles/india/mumbai-police-constable-loses-rs-112-lakh-in-matrimonial-gift-fraud.md","India","2026-09-21T04:30:24Z",33,"INDEX","https://thesamachardaily.in/articles/india/mumbai-police-constable-loses-rs-112-lakh-in-matrimonial-gift-fraud/","IN_SITEMAP","200 OK","NO","NO","YES","YES","CLASS A — INDEXABLE","CLASS F — UNKNOWN GOOGLE STATUS"
"https://thesamachardaily.in/articles/india/mumbai-police-to-saddle-up-30-horse-mounted-unit-gets-127-crore-boost/","src/articles/india/mumbai-police-to-saddle-up-30-horse-mounted-unit-gets-127-crore-boost.md","India","2026-08-31T00:33:49Z",324,"INDEX","https://thesamachardaily.in/articles/india/mumbai-police-to-saddle-up-30-horse-mounted-unit-gets-127-crore-boost/","IN_SITEMAP","200 OK","YES","NO","YES","YES","CLASS A — INDEXABLE","CLASS F — UNKNOWN GOOGLE STATUS"
"https://thesamachardaily.in/articles/india/mysterious-new-outfit-hosting-mohan-bhagwat-in-new-york-has-old-rss-links/","src/articles/india/mysterious-new-outfit-hosting-mohan-bhagwat-in-new-york-has-old-rss-links.md","India","2026-08-29T21:52:37Z",190,"INDEX","https://thesamachardaily.in/articles/india/mysterious-new-outfit-hosting-mohan-bhagwat-in-new-york-has-old-rss-links/","IN_SITEMAP","200 OK","YES","NO","YES","YES","CLASS A — INDEXABLE","CLASS F — UNKNOWN GOOGLE STATUS"
"https://thesamachardaily.in/articles/india/nagaland-african-swine-fever-confirmed-in-three-villages-of-kohima/","src/articles/india/nagaland-african-swine-fever-confirmed-in-three-villages-of-kohima.md","India","2026-08-28T22:50:57Z",244,"INDEX","https://thesamachardaily.in/articles/india/nagaland-african-swine-fever-confirmed-in-three-villages-of-kohima/","IN_SITEMAP","200 OK","YES","NO","YES","YES","CLASS A — INDEXABLE","CLASS F — UNKNOWN GOOGLE STATUS"
"https://thesamachardaily.in/articles/india/nagapattinam-farmers-seek-10-day-delay-in-mettur-dam-water-release-to-prevent-crop-lo/","src/articles/india/nagapattinam-farmers-seek-10-day-delay-in-mettur-dam-water-release-to-prevent-crop-lo.md","India","2026-08-31T14:12:40Z",326,"INDEX","https://thesamachardaily.in/articles/india/nagapattinam-farmers-seek-10-day-delay-in-mettur-dam-water-release-to-prevent-crop-lo/","IN_SITEMAP","200 OK","YES","NO","YES","YES","CLASS A — INDEXABLE","CLASS F — UNKNOWN GOOGLE STATUS"
"https://thesamachardaily.in/articles/india/naidu-launches-ai-powered-pramaan-operating-system/","src/articles/india/naidu-launches-ai-powered-pramaan-operating-system.md","India","2026-08-29T09:39:05Z",170,"INDEX","https://thesamachardaily.in/articles/india/naidu-launches-ai-powered-pramaan-operating-system/","IN_SITEMAP","200 OK","YES","NO","YES","YES","CLASS A — INDEXABLE","CLASS F — UNKNOWN GOOGLE STATUS"
"https://thesamachardaily.in/articles/india/nalgonda-consumer-triumphs-as-court-orders-insurance-payout-after-denied-car-repair-c/","src/articles/india/nalgonda-consumer-triumphs-as-court-orders-insurance-payout-after-denied-car-repair-c.md","India","2026-09-13T07:10:12Z",204,"INDEX","https://thesamachardaily.in/articles/india/nalgonda-consumer-triumphs-as-court-orders-insurance-payout-after-denied-car-repair-c/","IN_SITEMAP","200 OK","NO","NO","YES","YES","CLASS A — INDEXABLE","CLASS F — UNKNOWN GOOGLE STATUS"
"https://thesamachardaily.in/articles/india/nanavati-max-hospital-reattaches-taxi-drivers-thumb-after-eight-hour-microsurgery/","src/articles/india/nanavati-max-hospital-reattaches-taxi-drivers-thumb-after-eight-hour-microsurgery.md","India","2026-09-10T19:47:47Z",175,"INDEX","https://thesamachardaily.in/articles/india/nanavati-max-hospital-reattaches-taxi-drivers-thumb-after-eight-hour-microsurgery/","IN_SITEMAP","200 OK","YES","NO","YES","YES","CLASS A — INDEXABLE","CLASS F — UNKNOWN GOOGLE STATUS"
"https://thesamachardaily.in/articles/india/nclt-chennai-bench-reviews-perinyx-energy-vs-ezon-energy-dispute-over-default-and-log/","src/articles/india/nclt-chennai-bench-reviews-perinyx-energy-vs-ezon-energy-dispute-over-default-and-log.md","India","2026-09-03T07:57:19Z",409,"INDEX","https://thesamachardaily.in/articles/india/nclt-chennai-bench-reviews-perinyx-energy-vs-ezon-energy-dispute-over-default-and-log/","IN_SITEMAP","200 OK","NO","NO","YES","YES","CLASS A — INDEXABLE","CLASS F — UNKNOWN GOOGLE STATUS"
"https://thesamachardaily.in/articles/india/neha-dhupia-says-motherhood-has-shaken-her-confidence-ahead-of-roadies-rebirth/","src/articles/india/neha-dhupia-says-motherhood-has-shaken-her-confidence-ahead-of-roadies-rebirth.md","India","2026-09-12T16:10:08Z",56,"INDEX","https://thesamachardaily.in/articles/india/neha-dhupia-says-motherhood-has-shaken-her-confidence-ahead-of-roadies-rebirth/","IN_SITEMAP","200 OK","NO","NO","YES","YES","CLASS A — INDEXABLE","CLASS F — UNKNOWN GOOGLE STATUS"
"https://thesamachardaily.in/articles/india/nepal-flash-floods-23-gujaratis-remain-untraceable-several-on-kailash-mansarovar/","src/articles/india/nepal-flash-floods-23-gujaratis-remain-untraceable-several-on-kailash-mansarovar.md","India","2026-08-28T23:54:08Z",246,"INDEX","https://thesamachardaily.in/articles/india/nepal-flash-floods-23-gujaratis-remain-untraceable-several-on-kailash-mansarovar/","IN_SITEMAP","200 OK","YES","NO","YES","YES","CLASS A — INDEXABLE","CLASS F — UNKNOWN GOOGLE STATUS"
"https://thesamachardaily.in/articles/india/nepal-floods-desperate-search-for-loved-ones-amidst-hope-grief-at-hospitals/","src/articles/india/nepal-floods-desperate-search-for-loved-ones-amidst-hope-grief-at-hospitals.md","India","2026-08-29T09:43:43Z",156,"INDEX","https://thesamachardaily.in/articles/india/nepal-floods-desperate-search-for-loved-ones-amidst-hope-grief-at-hospitals/","IN_SITEMAP","200 OK","YES","NO","YES","YES","CLASS A — INDEXABLE","CLASS F — UNKNOWN GOOGLE STATUS"
"https://thesamachardaily.in/articles/india/netflix-unveils-first-look-for-unaccustomed-earth-series-starring-freida-pinto/","src/articles/india/netflix-unveils-first-look-for-unaccustomed-earth-series-starring-freida-pinto.md","India","2026-09-19T09:31:08Z",118,"INDEX","https://thesamachardaily.in/articles/india/netflix-unveils-first-look-for-unaccustomed-earth-series-starring-freida-pinto/","IN_SITEMAP","200 OK","NO","NO","YES","YES","CLASS A — INDEXABLE","CLASS F — UNKNOWN GOOGLE STATUS"
"https://thesamachardaily.in/articles/india/never-rejected-nepal-clears-stand-on-foreign-support-amid-rescue-seeks-specialised-as/","src/articles/india/never-rejected-nepal-clears-stand-on-foreign-support-amid-rescue-seeks-specialised-as.md","India","2026-08-30T04:52:34Z",125,"INDEX","https://thesamachardaily.in/articles/india/never-rejected-nepal-clears-stand-on-foreign-support-amid-rescue-seeks-specialised-as/","IN_SITEMAP","200 OK","YES","NO","YES","YES","CLASS A — INDEXABLE","CLASS F — UNKNOWN GOOGLE STATUS"
"https://thesamachardaily.in/articles/india/new-jalpaiguri-railway-station-being-upgraded-as-key-gateway-to-north-bengal-northeas/","src/articles/india/new-jalpaiguri-railway-station-being-upgraded-as-key-gateway-to-north-bengal-northeas.md","India","2026-08-30T08:52:32Z",161,"INDEX","https://thesamachardaily.in/articles/india/new-jalpaiguri-railway-station-being-upgraded-as-key-gateway-to-north-bengal-northeas/","IN_SITEMAP","200 OK","YES","NO","YES","YES","CLASS A — INDEXABLE","CLASS F — UNKNOWN GOOGLE STATUS"
"https://thesamachardaily.in/articles/india/new-mumbai-anthology-dreaming-the-city-examines-urban-realities-across-18-narratives/","src/articles/india/new-mumbai-anthology-dreaming-the-city-examines-urban-realities-across-18-narratives.md","India","2026-09-02T02:56:16Z",239,"INDEX","https://thesamachardaily.in/articles/india/new-mumbai-anthology-dreaming-the-city-examines-urban-realities-across-18-narratives/","IN_SITEMAP","200 OK","YES","NO","YES","YES","CLASS A — INDEXABLE","CLASS F — UNKNOWN GOOGLE STATUS"
"https://thesamachardaily.in/articles/india/nift-holds-combined-convocation-in-new-delhi-director-general-confers-degrees/","src/articles/india/nift-holds-combined-convocation-in-new-delhi-director-general-confers-degrees.md","India","2026-09-01T09:55:49Z",309,"INDEX","https://thesamachardaily.in/articles/india/nift-holds-combined-convocation-in-new-delhi-director-general-confers-degrees/","IN_SITEMAP","200 OK","YES","NO","YES","YES","CLASS A — INDEXABLE","CLASS F — UNKNOWN GOOGLE STATUS"
"https://thesamachardaily.in/articles/india/nk-singh-calls-jcr-india-rating-upgrade-magical-moment-backs-revised-gdp-methodology/","src/articles/india/nk-singh-calls-jcr-india-rating-upgrade-magical-moment-backs-revised-gdp-methodology.md","India","2026-09-03T03:56:20Z",255,"INDEX","https://thesamachardaily.in/articles/india/nk-singh-calls-jcr-india-rating-upgrade-magical-moment-backs-revised-gdp-methodology/","IN_SITEMAP","200 OK","NO","NO","YES","YES","CLASS A — INDEXABLE","CLASS F — UNKNOWN GOOGLE STATUS"
"https://thesamachardaily.in/articles/india/no-one-should-politicise-ajit-pawars-death-says-sunetra-pawar-in-sharp-rebuke-to-supr/","src/articles/india/no-one-should-politicise-ajit-pawars-death-says-sunetra-pawar-in-sharp-rebuke-to-supr.md","India","2026-09-04T06:56:24Z",584,"INDEX","https://thesamachardaily.in/articles/india/no-one-should-politicise-ajit-pawars-death-says-sunetra-pawar-in-sharp-rebuke-to-supr/","IN_SITEMAP","200 OK","YES","NO","YES","YES","CLASS A — INDEXABLE","CLASS F — UNKNOWN GOOGLE STATUS"
"https://thesamachardaily.in/articles/india/nppa-issues-two-addenda-revising-ceiling-prices-for-ringer-lactate-and-other-iv-fluid/","src/articles/india/nppa-issues-two-addenda-revising-ceiling-prices-for-ringer-lactate-and-other-iv-fluid.md","India","2026-09-07T04:55:57Z",336,"INDEX","https://thesamachardaily.in/articles/india/nppa-issues-two-addenda-revising-ceiling-prices-for-ringer-lactate-and-other-iv-fluid/","IN_SITEMAP","200 OK","NO","NO","YES","YES","CLASS A — INDEXABLE","CLASS F — UNKNOWN GOOGLE STATUS"
"https://thesamachardaily.in/articles/india/nxp-unveils-easyevse-platform-with-rw612-mcu-at-electronica-india-2026/","src/articles/india/nxp-unveils-easyevse-platform-with-rw612-mcu-at-electronica-india-2026.md","India","2026-09-20T15:30:26Z",50,"INDEX","https://thesamachardaily.in/articles/india/nxp-unveils-easyevse-platform-with-rw612-mcu-at-electronica-india-2026/","IN_SITEMAP","200 OK","NO","NO","YES","YES","CLASS A — INDEXABLE","CLASS F — UNKNOWN GOOGLE STATUS"
"https://thesamachardaily.in/articles/india/odisha-bjp-youth-wing-sets-world-record-collects-8810-blood-units-on-pm-modis-birthda/","src/articles/india/odisha-bjp-youth-wing-sets-world-record-collects-8810-blood-units-on-pm-modis-birthda.md","India","2026-09-18T05:30:29Z",90,"INDEX","https://thesamachardaily.in/articles/india/odisha-bjp-youth-wing-sets-world-record-collects-8810-blood-units-on-pm-modis-birthda/","IN_SITEMAP","200 OK","NO","NO","YES","YES","CLASS A — INDEXABLE","CLASS F — UNKNOWN GOOGLE STATUS"
"https://thesamachardaily.in/articles/india/ott-week-preview-16-new-titles-debut-on-netflix-prime-video-jiohotstar-sep-1420/","src/articles/india/ott-week-preview-16-new-titles-debut-on-netflix-prime-video-jiohotstar-sep-1420.md","India","2026-09-14T14:30:25Z",114,"INDEX","https://thesamachardaily.in/articles/india/ott-week-preview-16-new-titles-debut-on-netflix-prime-video-jiohotstar-sep-1420/","IN_SITEMAP","200 OK","NO","NO","YES","YES","CLASS A — INDEXABLE","CLASS F — UNKNOWN GOOGLE STATUS"
"https://thesamachardaily.in/articles/india/parineeti-chopra-says-pregnancy-became-asset-while-filming-ott-thriller-shaque-trust/","src/articles/india/parineeti-chopra-says-pregnancy-became-asset-while-filming-ott-thriller-shaque-trust.md","India","2026-09-10T16:47:49Z",304,"INDEX","https://thesamachardaily.in/articles/india/parineeti-chopra-says-pregnancy-became-asset-while-filming-ott-thriller-shaque-trust/","IN_SITEMAP","200 OK","NO","NO","YES","YES","CLASS A — INDEXABLE","CLASS F — UNKNOWN GOOGLE STATUS"
"https://thesamachardaily.in/articles/india/pcos-now-striking-teenagers-bengaluru-gynaecologist-urges-parents-to-act-early/","src/articles/india/pcos-now-striking-teenagers-bengaluru-gynaecologist-urges-parents-to-act-early.md","India","2026-09-01T19:56:01Z",423,"INDEX","https://thesamachardaily.in/articles/india/pcos-now-striking-teenagers-bengaluru-gynaecologist-urges-parents-to-act-early/","IN_SITEMAP","200 OK","YES","NO","YES","YES","CLASS A — INDEXABLE","CLASS F — UNKNOWN GOOGLE STATUS"
"https://thesamachardaily.in/articles/india/pm-modi-arrives-in-uzbekistan-for-2-day-visit-gets-warm-welcome-from-president-mirziy/","src/articles/india/pm-modi-arrives-in-uzbekistan-for-2-day-visit-gets-warm-welcome-from-president-mirziy.md","India","2026-08-30T02:52:45Z",122,"INDEX","https://thesamachardaily.in/articles/india/pm-modi-arrives-in-uzbekistan-for-2-day-visit-gets-warm-welcome-from-president-mirziy/","IN_SITEMAP","200 OK","YES","NO","YES","YES","CLASS A — INDEXABLE","CLASS F — UNKNOWN GOOGLE STATUS"
"https://thesamachardaily.in/articles/india/pm-modi-begins-central-asia-visit-to-strengthen-indias-strategic-partnerships-and-pus/","src/articles/india/pm-modi-begins-central-asia-visit-to-strengthen-indias-strategic-partnerships-and-pus.md","India","2026-08-29T18:52:35Z",146,"INDEX","https://thesamachardaily.in/articles/india/pm-modi-begins-central-asia-visit-to-strengthen-indias-strategic-partnerships-and-pus/","IN_SITEMAP","200 OK","YES","NO","YES","YES","CLASS A — INDEXABLE","CLASS F — UNKNOWN GOOGLE STATUS"
"https://thesamachardaily.in/articles/india/pm-modi-expresses-grief-over-loss-of-life-in-delhis-satya-niketan-building-collapse/","src/articles/india/pm-modi-expresses-grief-over-loss-of-life-in-delhis-satya-niketan-building-collapse.md","India","2026-09-07T02:55:50Z",386,"INDEX","https://thesamachardaily.in/articles/india/pm-modi-expresses-grief-over-loss-of-life-in-delhis-satya-niketan-building-collapse/","IN_SITEMAP","200 OK","YES","NO","YES","YES","CLASS A — INDEXABLE","CLASS F — UNKNOWN GOOGLE STATUS"
"https://thesamachardaily.in/articles/india/pm-modi-highlights-global-legacy-of-vivekanandas-1893-chicago-speech/","src/articles/india/pm-modi-highlights-global-legacy-of-vivekanandas-1893-chicago-speech.md","India","2026-09-11T15:38:24Z",56,"NOINDEX","https://thesamachardaily.in/articles/india/pm-modi-highlights-global-legacy-of-vivekanandas-1893-chicago-speech/","OMITTED","200 OK","YES","NO","YES","YES","CLASS B — INTENTIONALLY NOINDEX","CLASS F — UNKNOWN GOOGLE STATUS"
"https://thesamachardaily.in/articles/india/pm-modi-likely-to-attend-eu-summit-in-brussels-in-december-india-eu-trade-deal-i/","src/articles/india/pm-modi-likely-to-attend-eu-summit-in-brussels-in-december-india-eu-trade-deal-i.md","India","2026-08-29T07:13:01Z",236,"INDEX","https://thesamachardaily.in/articles/india/pm-modi-likely-to-attend-eu-summit-in-brussels-in-december-india-eu-trade-deal-i/","IN_SITEMAP","200 OK","YES","NO","YES","YES","CLASS A — INDEXABLE","CLASS F — UNKNOWN GOOGLE STATUS"
"https://thesamachardaily.in/articles/india/pm-modi-revives-swadeshi-pitch-as-india-records-78-q1-gdp-growth/","src/articles/india/pm-modi-revives-swadeshi-pitch-as-india-records-78-q1-gdp-growth.md","India","2026-09-01T15:56:30Z",286,"INDEX","https://thesamachardaily.in/articles/india/pm-modi-revives-swadeshi-pitch-as-india-records-78-q1-gdp-growth/","IN_SITEMAP","200 OK","YES","NO","YES","YES","CLASS A — INDEXABLE","CLASS F — UNKNOWN GOOGLE STATUS"
"https://thesamachardaily.in/articles/india/pm-modi-tashkent-visit-elevates-india-uzbekistan-comprehensive-strategic-partnership/","src/articles/india/pm-modi-tashkent-visit-elevates-india-uzbekistan-comprehensive-strategic-partnership.md","India","2026-09-01T21:57:55Z",373,"INDEX","https://thesamachardaily.in/articles/india/pm-modi-tashkent-visit-elevates-india-uzbekistan-comprehensive-strategic-partnership/","IN_SITEMAP","200 OK","YES","NO","YES","YES","CLASS A — INDEXABLE","CLASS F — UNKNOWN GOOGLE STATUS"
"https://thesamachardaily.in/articles/india/poco-launches-x8-and-x8-power-in-india-with-10000mah-battery-120hz-amoled/","src/articles/india/poco-launches-x8-and-x8-power-in-india-with-10000mah-battery-120hz-amoled.md","India","2026-09-05T00:55:52Z",325,"INDEX","https://thesamachardaily.in/articles/india/poco-launches-x8-and-x8-power-in-india-with-10000mah-battery-120hz-amoled/","IN_SITEMAP","200 OK","YES","NO","YES","YES","CLASS A — INDEXABLE","CLASS F — UNKNOWN GOOGLE STATUS"
"https://thesamachardaily.in/articles/india/premalatha-sour-over-acrimony-in-tamil-nadu-assembly/","src/articles/india/premalatha-sour-over-acrimony-in-tamil-nadu-assembly.md","India","2026-08-28T20:44:21Z",234,"INDEX","https://thesamachardaily.in/articles/india/premalatha-sour-over-acrimony-in-tamil-nadu-assembly/","IN_SITEMAP","200 OK","YES","NO","YES","YES","CLASS A — INDEXABLE","CLASS F — UNKNOWN GOOGLE STATUS"
"https://thesamachardaily.in/articles/india/psu-lenders-to-appeal-nclt-approval-of-subhash-chandras-rs-65-cr-repayment-plan/","src/articles/india/psu-lenders-to-appeal-nclt-approval-of-subhash-chandras-rs-65-cr-repayment-plan.md","India","2026-08-30T03:52:35Z",118,"INDEX","https://thesamachardaily.in/articles/india/psu-lenders-to-appeal-nclt-approval-of-subhash-chandras-rs-65-cr-repayment-plan/","IN_SITEMAP","200 OK","YES","NO","YES","YES","CLASS A — INDEXABLE","CLASS F — UNKNOWN GOOGLE STATUS"
"https://thesamachardaily.in/articles/india/pune-hikes-auto-night-surcharge-to-25-adds-3-luggage-fee-meters-must-reset-by-feb-202/","src/articles/india/pune-hikes-auto-night-surcharge-to-25-adds-3-luggage-fee-meters-must-reset-by-feb-202.md","India","2026-09-03T22:55:58Z",327,"INDEX","https://thesamachardaily.in/articles/india/pune-hikes-auto-night-surcharge-to-25-adds-3-luggage-fee-meters-must-reset-by-feb-202/","IN_SITEMAP","200 OK","YES","NO","YES","YES","CLASS A — INDEXABLE","CLASS F — UNKNOWN GOOGLE STATUS"
"https://thesamachardaily.in/articles/india/pune-police-roll-out-new-no-parking-zones-across-seven-divisions/","src/articles/india/pune-police-roll-out-new-no-parking-zones-across-seven-divisions.md","India","2026-09-01T05:06:32Z",351,"INDEX","https://thesamachardaily.in/articles/india/pune-police-roll-out-new-no-parking-zones-across-seven-divisions/","IN_SITEMAP","200 OK","YES","NO","YES","YES","CLASS A — INDEXABLE","CLASS F — UNKNOWN GOOGLE STATUS"
"https://thesamachardaily.in/articles/india/pune-travellers-grapple-with-empty-train-seats-and-soaring-airfares/","src/articles/india/pune-travellers-grapple-with-empty-train-seats-and-soaring-airfares.md","India","2026-09-05T06:55:46Z",303,"INDEX","https://thesamachardaily.in/articles/india/pune-travellers-grapple-with-empty-train-seats-and-soaring-airfares/","IN_SITEMAP","200 OK","YES","NO","YES","YES","CLASS A — INDEXABLE","CLASS F — UNKNOWN GOOGLE STATUS"
"https://thesamachardaily.in/articles/india/punjab-chief-minister-urges-cii-partnership-to-tackle-crop-residue-waste/","src/articles/india/punjab-chief-minister-urges-cii-partnership-to-tackle-crop-residue-waste.md","India","2026-09-10T03:47:56Z",274,"INDEX","https://thesamachardaily.in/articles/india/punjab-chief-minister-urges-cii-partnership-to-tackle-crop-residue-waste/","IN_SITEMAP","200 OK","YES","NO","YES","YES","CLASS A — INDEXABLE","CLASS F — UNKNOWN GOOGLE STATUS"
"https://thesamachardaily.in/articles/india/punjab-employee-unrest-puts-aap-on-the-back-foot/","src/articles/india/punjab-employee-unrest-puts-aap-on-the-back-foot.md","India","2026-08-30T09:52:33Z",123,"INDEX","https://thesamachardaily.in/articles/india/punjab-employee-unrest-puts-aap-on-the-back-foot/","IN_SITEMAP","200 OK","YES","NO","YES","YES","CLASS A — INDEXABLE","CLASS F — UNKNOWN GOOGLE STATUS"
"https://thesamachardaily.in/articles/india/punjab-government-orders-immediate-transfer-of-12-pps-officers-in-major-police-reshuf/","src/articles/india/punjab-government-orders-immediate-transfer-of-12-pps-officers-in-major-police-reshuf.md","India","2026-09-02T06:55:46Z",302,"INDEX","https://thesamachardaily.in/articles/india/punjab-government-orders-immediate-transfer-of-12-pps-officers-in-major-police-reshuf/","IN_SITEMAP","200 OK","YES","NO","YES","YES","CLASS A — INDEXABLE","CLASS F — UNKNOWN GOOGLE STATUS"
"https://thesamachardaily.in/articles/india/punjab-govt-mulls-18-dearness-allowance-jump-to-60-for-employees/","src/articles/india/punjab-govt-mulls-18-dearness-allowance-jump-to-60-for-employees.md","India","2026-09-06T17:55:44Z",304,"INDEX","https://thesamachardaily.in/articles/india/punjab-govt-mulls-18-dearness-allowance-jump-to-60-for-employees/","IN_SITEMAP","200 OK","YES","NO","YES","YES","CLASS A — INDEXABLE","CLASS F — UNKNOWN GOOGLE STATUS"
"https://thesamachardaily.in/articles/india/punjab-lecturer-cadre-2026-admit-card-released-on-official-portal/","src/articles/india/punjab-lecturer-cadre-2026-admit-card-released-on-official-portal.md","India","2026-09-17T20:30:29Z",54,"INDEX","https://thesamachardaily.in/articles/india/punjab-lecturer-cadre-2026-admit-card-released-on-official-portal/","IN_SITEMAP","200 OK","YES","NO","YES","YES","CLASS A — INDEXABLE","CLASS F — UNKNOWN GOOGLE STATUS"
"https://thesamachardaily.in/articles/india/putin-to-meet-pm-modi-on-august-31-at-sco-summit-talks-to-continue-at-brics-summit/","src/articles/india/putin-to-meet-pm-modi-on-august-31-at-sco-summit-talks-to-continue-at-brics-summit.md","India","2026-08-29T15:39:12Z",180,"INDEX","https://thesamachardaily.in/articles/india/putin-to-meet-pm-modi-on-august-31-at-sco-summit-talks-to-continue-at-brics-summit/","IN_SITEMAP","200 OK","YES","NO","YES","YES","CLASS A — INDEXABLE","CLASS F — UNKNOWN GOOGLE STATUS"
"https://thesamachardaily.in/articles/india/queens-key-to-odishas-diplomacy-lingaraj-temple-unique-anirudh-kanisetti/","src/articles/india/queens-key-to-odishas-diplomacy-lingaraj-temple-unique-anirudh-kanisetti.md","India","2026-09-06T14:56:08Z",235,"INDEX","https://thesamachardaily.in/articles/india/queens-key-to-odishas-diplomacy-lingaraj-temple-unique-anirudh-kanisetti/","IN_SITEMAP","200 OK","YES","NO","YES","YES","CLASS A — INDEXABLE","CLASS F — UNKNOWN GOOGLE STATUS"
"https://thesamachardaily.in/articles/india/qyou-media-posts-27-yoy-revenue-growth-in-q2-fy-2026-driven-by-creator-economy-focus/","src/articles/india/qyou-media-posts-27-yoy-revenue-growth-in-q2-fy-2026-driven-by-creator-economy-focus.md","India","2026-09-01T08:06:55Z",255,"INDEX","https://thesamachardaily.in/articles/india/qyou-media-posts-27-yoy-revenue-growth-in-q2-fy-2026-driven-by-creator-economy-focus/","IN_SITEMAP","200 OK","NO","NO","YES","YES","CLASS A — INDEXABLE","CLASS F — UNKNOWN GOOGLE STATUS"
"https://thesamachardaily.in/articles/india/rahul-gandhis-silence-on-economic-claims-highlights-limits-of-opposition-rhetoric/","src/articles/india/rahul-gandhis-silence-on-economic-claims-highlights-limits-of-opposition-rhetoric.md","India","2026-09-06T11:56:08Z",376,"INDEX","https://thesamachardaily.in/articles/india/rahul-gandhis-silence-on-economic-claims-highlights-limits-of-opposition-rhetoric/","IN_SITEMAP","200 OK","YES","NO","YES","YES","CLASS A — INDEXABLE","CLASS F — UNKNOWN GOOGLE STATUS"
"https://thesamachardaily.in/articles/india/raj-arya-vs-bijender-singh-punjab-haryana-high-court/","src/articles/india/raj-arya-vs-bijender-singh-punjab-haryana-high-court.md","India","2026-08-31T07:35:07Z",359,"INDEX","https://thesamachardaily.in/articles/india/raj-arya-vs-bijender-singh-punjab-haryana-high-court/","IN_SITEMAP","200 OK","YES","NO","YES","YES","CLASS A — INDEXABLE","CLASS F — UNKNOWN GOOGLE STATUS"
"https://thesamachardaily.in/articles/india/rajasthan-urban-local-body-count-starts-bjp-leads-early-over-congress/","src/articles/india/rajasthan-urban-local-body-count-starts-bjp-leads-early-over-congress.md","India","2026-09-14T10:30:51Z",78,"INDEX","https://thesamachardaily.in/articles/india/rajasthan-urban-local-body-count-starts-bjp-leads-early-over-congress/","IN_SITEMAP","200 OK","YES","NO","YES","YES","CLASS A — INDEXABLE","CLASS F — UNKNOWN GOOGLE STATUS"
"https://thesamachardaily.in/articles/india/rajnath-singh-reviews-annual-performance-of-16-defence-public-sector-undertakings/","src/articles/india/rajnath-singh-reviews-annual-performance-of-16-defence-public-sector-undertakings.md","India","2026-09-02T10:56:15Z",273,"INDEX","https://thesamachardaily.in/articles/india/rajnath-singh-reviews-annual-performance-of-16-defence-public-sector-undertakings/","IN_SITEMAP","200 OK","YES","NO","YES","YES","CLASS A — INDEXABLE","CLASS F — UNKNOWN GOOGLE STATUS"
"https://thesamachardaily.in/articles/india/rajnath-singh-yogi-lay-foundation-for-101-cr-projects-in-lucknow/","src/articles/india/rajnath-singh-yogi-lay-foundation-for-101-cr-projects-in-lucknow.md","India","2026-08-30T17:17:10Z",256,"INDEX","https://thesamachardaily.in/articles/india/rajnath-singh-yogi-lay-foundation-for-101-cr-projects-in-lucknow/","IN_SITEMAP","200 OK","YES","NO","YES","YES","CLASS A — INDEXABLE","CLASS F — UNKNOWN GOOGLE STATUS"
"https://thesamachardaily.in/articles/india/rare-sharp-tailed-sandpiper-sighting-at-najafgarh-lake-raises-conservation-questions/","src/articles/india/rare-sharp-tailed-sandpiper-sighting-at-najafgarh-lake-raises-conservation-questions.md","India","2026-09-03T18:59:25Z",252,"INDEX","https://thesamachardaily.in/articles/india/rare-sharp-tailed-sandpiper-sighting-at-najafgarh-lake-raises-conservation-questions/","IN_SITEMAP","200 OK","NO","NO","YES","YES","CLASS A — INDEXABLE","CLASS F — UNKNOWN GOOGLE STATUS"
"https://thesamachardaily.in/articles/india/raveena-tandon-reveals-nighttime-prank-that-broke-the-ice-with-karisma-kapoor-on-anda/","src/articles/india/raveena-tandon-reveals-nighttime-prank-that-broke-the-ice-with-karisma-kapoor-on-anda.md","India","2026-09-17T22:30:25Z",148,"INDEX","https://thesamachardaily.in/articles/india/raveena-tandon-reveals-nighttime-prank-that-broke-the-ice-with-karisma-kapoor-on-anda/","IN_SITEMAP","200 OK","NO","NO","YES","YES","CLASS A — INDEXABLE","CLASS F — UNKNOWN GOOGLE STATUS"
"https://thesamachardaily.in/articles/india/reading-history-from-below-remembering-sumit-sarkar/","src/articles/india/reading-history-from-below-remembering-sumit-sarkar.md","India","2026-08-29T05:12:46Z",249,"INDEX","https://thesamachardaily.in/articles/india/reading-history-from-below-remembering-sumit-sarkar/","IN_SITEMAP","200 OK","NO","NO","YES","YES","CLASS A — INDEXABLE","CLASS F — UNKNOWN GOOGLE STATUS"
"https://thesamachardaily.in/articles/india/rescued-from-nepal-floods-21-tn-pilgrims-meet-eam-at-delhi-airport/","src/articles/india/rescued-from-nepal-floods-21-tn-pilgrims-meet-eam-at-delhi-airport.md","India","2026-08-29T10:39:05Z",137,"INDEX","https://thesamachardaily.in/articles/india/rescued-from-nepal-floods-21-tn-pilgrims-meet-eam-at-delhi-airport/","IN_SITEMAP","200 OK","NO","NO","YES","YES","CLASS A — INDEXABLE","CLASS F — UNKNOWN GOOGLE STATUS"
"https://thesamachardaily.in/articles/india/rupee-opens-higher-gains-26-paise-to-9496-against-us-dollar-in-early-trade/","src/articles/india/rupee-opens-higher-gains-26-paise-to-9496-against-us-dollar-in-early-trade.md","India","2026-09-01T16:56:14Z",360,"INDEX","https://thesamachardaily.in/articles/india/rupee-opens-higher-gains-26-paise-to-9496-against-us-dollar-in-early-trade/","IN_SITEMAP","200 OK","YES","NO","YES","YES","CLASS A — INDEXABLE","CLASS F — UNKNOWN GOOGLE STATUS"
"https://thesamachardaily.in/articles/india/sanjay-dutt-says-grateful-for-the-bond-we-share-as-he-wishes-rakhi-to-sisters-pr/","src/articles/india/sanjay-dutt-says-grateful-for-the-bond-we-share-as-he-wishes-rakhi-to-sisters-pr.md","India","2026-08-28T23:36:53Z",225,"INDEX","https://thesamachardaily.in/articles/india/sanjay-dutt-says-grateful-for-the-bond-we-share-as-he-wishes-rakhi-to-sisters-pr/","IN_SITEMAP","200 OK","YES","NO","YES","YES","CLASS A — INDEXABLE","CLASS F — UNKNOWN GOOGLE STATUS"
"https://thesamachardaily.in/articles/india/sanju-samson-returns-bumrah-back-as-india-resets-t20i-squad-for-afghanistan-series/","src/articles/india/sanju-samson-returns-bumrah-back-as-india-resets-t20i-squad-for-afghanistan-series.md","India","2026-09-02T01:56:11Z",346,"INDEX","https://thesamachardaily.in/articles/india/sanju-samson-returns-bumrah-back-as-india-resets-t20i-squad-for-afghanistan-series/","IN_SITEMAP","200 OK","YES","NO","YES","YES","CLASS A — INDEXABLE","CLASS F — UNKNOWN GOOGLE STATUS"
"https://thesamachardaily.in/articles/india/satya-niketan-collapse-in-delhi-claims-six-lives-as-rescue-efforts-intensify/","src/articles/india/satya-niketan-collapse-in-delhi-claims-six-lives-as-rescue-efforts-intensify.md","India","2026-09-07T12:55:46Z",294,"INDEX","https://thesamachardaily.in/articles/india/satya-niketan-collapse-in-delhi-claims-six-lives-as-rescue-efforts-intensify/","IN_SITEMAP","200 OK","YES","NO","YES","YES","CLASS A — INDEXABLE","CLASS F — UNKNOWN GOOGLE STATUS"
"https://thesamachardaily.in/articles/india/saving-money-to-visit-india-indian-woman-in-us-shares-the-irony-of-life-abroad/","src/articles/india/saving-money-to-visit-india-indian-woman-in-us-shares-the-irony-of-life-abroad.md","India","2026-08-30T01:52:36Z",165,"INDEX","https://thesamachardaily.in/articles/india/saving-money-to-visit-india-indian-woman-in-us-shares-the-irony-of-life-abroad/","IN_SITEMAP","200 OK","YES","NO","YES","YES","CLASS A — INDEXABLE","CLASS F — UNKNOWN GOOGLE STATUS"
"https://thesamachardaily.in/articles/india/sc-panel-recommends-sanjay-k-agrawal-for-rajasthan-hc-chief-justice-role/","src/articles/india/sc-panel-recommends-sanjay-k-agrawal-for-rajasthan-hc-chief-justice-role.md","India","2026-09-01T13:56:48Z",351,"INDEX","https://thesamachardaily.in/articles/india/sc-panel-recommends-sanjay-k-agrawal-for-rajasthan-hc-chief-justice-role/","IN_SITEMAP","200 OK","YES","NO","YES","YES","CLASS A — INDEXABLE","CLASS F — UNKNOWN GOOGLE STATUS"
"https://thesamachardaily.in/articles/india/school-assembly-broadcast-delivers-top-news-thought-history-to-students/","src/articles/india/school-assembly-broadcast-delivers-top-news-thought-history-to-students.md","India","2026-09-17T11:30:26Z",50,"INDEX","https://thesamachardaily.in/articles/india/school-assembly-broadcast-delivers-top-news-thought-history-to-students/","IN_SITEMAP","200 OK","NO","NO","YES","YES","CLASS A — INDEXABLE","CLASS F — UNKNOWN GOOGLE STATUS"
"https://thesamachardaily.in/articles/india/september-1-trade-spotlight-key-levels-for-sagility-axis-bank-apollo-hospitals-oberoi/","src/articles/india/september-1-trade-spotlight-key-levels-for-sagility-axis-bank-apollo-hospitals-oberoi.md","India","2026-09-01T14:56:12Z",256,"INDEX","https://thesamachardaily.in/articles/india/september-1-trade-spotlight-key-levels-for-sagility-axis-bank-apollo-hospitals-oberoi/","IN_SITEMAP","200 OK","YES","NO","YES","YES","CLASS A — INDEXABLE","CLASS F — UNKNOWN GOOGLE STATUS"
"https://thesamachardaily.in/articles/india/september-snow-blankets-himalayan-peaks-as-cold-wave-hits-north-india/","src/articles/india/september-snow-blankets-himalayan-peaks-as-cold-wave-hits-north-india.md","India","2026-09-18T18:30:30Z",127,"INDEX","https://thesamachardaily.in/articles/india/september-snow-blankets-himalayan-peaks-as-cold-wave-hits-north-india/","IN_SITEMAP","200 OK","NO","NO","YES","YES","CLASS A — INDEXABLE","CLASS F — UNKNOWN GOOGLE STATUS"
"https://thesamachardaily.in/articles/india/shah-rukh-khan-says-king-release-stays-on-schedule-despite-onset-injuries/","src/articles/india/shah-rukh-khan-says-king-release-stays-on-schedule-despite-onset-injuries.md","India","2026-09-15T22:30:27Z",50,"INDEX","https://thesamachardaily.in/articles/india/shah-rukh-khan-says-king-release-stays-on-schedule-despite-onset-injuries/","IN_SITEMAP","200 OK","NO","NO","YES","YES","CLASS A — INDEXABLE","CLASS F — UNKNOWN GOOGLE STATUS"
"https://thesamachardaily.in/articles/india/shaheen-bhatt-recalls-prank-on-fouryearold-alia-saying-she-wasnt-their-parents-child/","src/articles/india/shaheen-bhatt-recalls-prank-on-fouryearold-alia-saying-she-wasnt-their-parents-child.md","India","2026-09-12T15:36:24Z",85,"INDEX","https://thesamachardaily.in/articles/india/shaheen-bhatt-recalls-prank-on-fouryearold-alia-saying-she-wasnt-their-parents-child/","IN_SITEMAP","200 OK","NO","NO","YES","YES","CLASS A — INDEXABLE","CLASS F — UNKNOWN GOOGLE STATUS"
"https://thesamachardaily.in/articles/india/sheraton-grand-bangalore-rolls-out-themed-sunday-brunch-series-at-feast-restaurant/","src/articles/india/sheraton-grand-bangalore-rolls-out-themed-sunday-brunch-series-at-feast-restaurant.md","India","2026-09-11T00:10:28Z",313,"INDEX","https://thesamachardaily.in/articles/india/sheraton-grand-bangalore-rolls-out-themed-sunday-brunch-series-at-feast-restaurant/","IN_SITEMAP","200 OK","NO","NO","YES","YES","CLASS A — INDEXABLE","CLASS F — UNKNOWN GOOGLE STATUS"
"https://thesamachardaily.in/articles/india/simple-launches-wave-family-scooter-with-up-to-243km-range-deliveries-start-sep-25/","src/articles/india/simple-launches-wave-family-scooter-with-up-to-243km-range-deliveries-start-sep-25.md","India","2026-09-19T21:30:30Z",152,"INDEX","https://thesamachardaily.in/articles/india/simple-launches-wave-family-scooter-with-up-to-243km-range-deliveries-start-sep-25/","IN_SITEMAP","200 OK","YES","NO","YES","YES","CLASS A — INDEXABLE","CLASS F — UNKNOWN GOOGLE STATUS"
"https://thesamachardaily.in/articles/india/simran-behl-says-playground-5-friendships-were-a-litmus-test-costing-her-a-finale-spo/","src/articles/india/simran-behl-says-playground-5-friendships-were-a-litmus-test-costing-her-a-finale-spo.md","India","2026-09-13T21:30:31Z",158,"INDEX","https://thesamachardaily.in/articles/india/simran-behl-says-playground-5-friendships-were-a-litmus-test-costing-her-a-finale-spo/","IN_SITEMAP","200 OK","NO","NO","YES","YES","CLASS A — INDEXABLE","CLASS F — UNKNOWN GOOGLE STATUS"
"https://thesamachardaily.in/articles/india/sing-four-stanzas-of-vande-mataram-tmcs-big-challenge-to-suvendu-adhikari-and-bj/","src/articles/india/sing-four-stanzas-of-vande-mataram-tmcs-big-challenge-to-suvendu-adhikari-and-bj.md","India","2026-08-28T23:48:10Z",288,"INDEX","https://thesamachardaily.in/articles/india/sing-four-stanzas-of-vande-mataram-tmcs-big-challenge-to-suvendu-adhikari-and-bj/","IN_SITEMAP","200 OK","YES","NO","YES","YES","CLASS A — INDEXABLE","CLASS F — UNKNOWN GOOGLE STATUS"
"https://thesamachardaily.in/articles/india/six-months-of-iran-war-nepal-and-lake-america/","src/articles/india/six-months-of-iran-war-nepal-and-lake-america.md","India","2026-08-28T22:56:12Z",245,"INDEX","https://thesamachardaily.in/articles/india/six-months-of-iran-war-nepal-and-lake-america/","IN_SITEMAP","200 OK","YES","NO","YES","YES","CLASS A — INDEXABLE","CLASS F — UNKNOWN GOOGLE STATUS"
"https://thesamachardaily.in/articles/india/snakes-in-flower-pots-five-garden-species-explained-not-to-panic/","src/articles/india/snakes-in-flower-pots-five-garden-species-explained-not-to-panic.md","India","2026-09-18T02:30:24Z",103,"INDEX","https://thesamachardaily.in/articles/india/snakes-in-flower-pots-five-garden-species-explained-not-to-panic/","IN_SITEMAP","200 OK","YES","NO","YES","YES","CLASS A — INDEXABLE","CLASS F — UNKNOWN GOOGLE STATUS"
"https://thesamachardaily.in/articles/india/soha-ali-khan-calls-out-mumbai-walkability-issues-in-instagram-post-on-civic-obstacle/","src/articles/india/soha-ali-khan-calls-out-mumbai-walkability-issues-in-instagram-post-on-civic-obstacle.md","India","2026-09-10T22:24:53Z",380,"INDEX","https://thesamachardaily.in/articles/india/soha-ali-khan-calls-out-mumbai-walkability-issues-in-instagram-post-on-civic-obstacle/","IN_SITEMAP","200 OK","YES","NO","YES","YES","CLASS A — INDEXABLE","CLASS F — UNKNOWN GOOGLE STATUS"
"https://thesamachardaily.in/articles/india/south-indian-breads-offer-crisp-soft-and-smoky-alternatives-to-naan/","src/articles/india/south-indian-breads-offer-crisp-soft-and-smoky-alternatives-to-naan.md","India","2026-09-21T23:30:24Z",61,"INDEX","https://thesamachardaily.in/articles/india/south-indian-breads-offer-crisp-soft-and-smoky-alternatives-to-naan/","IN_SITEMAP","200 OK","YES","NO","YES","YES","CLASS A — INDEXABLE","CLASS F — UNKNOWN GOOGLE STATUS"
"https://thesamachardaily.in/articles/india/sp-mp-slams-bjp-for-excluding-opposition-chief-ministers-from-new-delhi-brics-summit/","src/articles/india/sp-mp-slams-bjp-for-excluding-opposition-chief-ministers-from-new-delhi-brics-summit.md","India","2026-09-14T22:30:41Z",62,"INDEX","https://thesamachardaily.in/articles/india/sp-mp-slams-bjp-for-excluding-opposition-chief-ministers-from-new-delhi-brics-summit/","IN_SITEMAP","200 OK","YES","NO","YES","YES","CLASS A — INDEXABLE","CLASS F — UNKNOWN GOOGLE STATUS"
"https://thesamachardaily.in/articles/india/sp-slams-sanjay-nishad-over-protests-in-up-trader-vinod-sahani-murder-case/","src/articles/india/sp-slams-sanjay-nishad-over-protests-in-up-trader-vinod-sahani-murder-case.md","India","2026-09-12T18:10:29Z",217,"INDEX","https://thesamachardaily.in/articles/india/sp-slams-sanjay-nishad-over-protests-in-up-trader-vinod-sahani-murder-case/","IN_SITEMAP","200 OK","NO","NO","YES","YES","CLASS A — INDEXABLE","CLASS F — UNKNOWN GOOGLE STATUS"
"https://thesamachardaily.in/articles/india/speeding-mahindra-thar-kills-57yearold-dairy-operator-in-jaipur-collision/","src/articles/india/speeding-mahindra-thar-kills-57yearold-dairy-operator-in-jaipur-collision.md","India","2026-09-22T01:30:31Z",66,"INDEX","https://thesamachardaily.in/articles/india/speeding-mahindra-thar-kills-57yearold-dairy-operator-in-jaipur-collision/","IN_SITEMAP","200 OK","YES","NO","YES","YES","CLASS A — INDEXABLE","CLASS F — UNKNOWN GOOGLE STATUS"
"https://thesamachardaily.in/articles/india/srabani-nanda-lauds-polands-spaa-olympic-centre-as-sprint-training-boost-for-india/","src/articles/india/srabani-nanda-lauds-polands-spaa-olympic-centre-as-sprint-training-boost-for-india.md","India","2026-09-13T04:10:08Z",50,"INDEX","https://thesamachardaily.in/articles/india/srabani-nanda-lauds-polands-spaa-olympic-centre-as-sprint-training-boost-for-india/","IN_SITEMAP","200 OK","NO","NO","YES","YES","CLASS A — INDEXABLE","CLASS F — UNKNOWN GOOGLE STATUS"
"https://thesamachardaily.in/articles/india/srm-school-of-law-hosts-landmark-lecture-on-sustainability-law-and-human-rights/","src/articles/india/srm-school-of-law-hosts-landmark-lecture-on-sustainability-law-and-human-rights.md","India","2026-09-12T13:10:13Z",87,"INDEX","https://thesamachardaily.in/articles/india/srm-school-of-law-hosts-landmark-lecture-on-sustainability-law-and-human-rights/","IN_SITEMAP","200 OK","NO","NO","YES","YES","CLASS A — INDEXABLE","CLASS F — UNKNOWN GOOGLE STATUS"
"https://thesamachardaily.in/articles/india/stable-relationship-with-india-is-in-bangladeshs-interest-sheikh-hasina/","src/articles/india/stable-relationship-with-india-is-in-bangladeshs-interest-sheikh-hasina.md","India","2026-08-30T10:52:35Z",91,"NOINDEX","https://thesamachardaily.in/articles/india/stable-relationship-with-india-is-in-bangladeshs-interest-sheikh-hasina/","OMITTED","200 OK","YES","NO","YES","YES","CLASS B — INTENTIONALLY NOINDEX","CLASS F — UNKNOWN GOOGLE STATUS"
"https://thesamachardaily.in/articles/india/stablecoins-not-a-credible-means-of-payment-at-scale-bis-chief-says/","src/articles/india/stablecoins-not-a-credible-means-of-payment-at-scale-bis-chief-says.md","India","2026-08-29T06:12:47Z",278,"INDEX","https://thesamachardaily.in/articles/india/stablecoins-not-a-credible-means-of-payment-at-scale-bis-chief-says/","IN_SITEMAP","200 OK","YES","NO","YES","YES","CLASS A — INDEXABLE","CLASS F — UNKNOWN GOOGLE STATUS"
"https://thesamachardaily.in/articles/india/startup-news-and-updates-daily-roundup-august-28-2026/","src/articles/india/startup-news-and-updates-daily-roundup-august-28-2026.md","India","2026-08-28T22:42:54Z",226,"INDEX","https://thesamachardaily.in/articles/india/startup-news-and-updates-daily-roundup-august-28-2026/","IN_SITEMAP","200 OK","YES","NO","YES","YES","CLASS A — INDEXABLE","CLASS F — UNKNOWN GOOGLE STATUS"
"https://thesamachardaily.in/articles/india/student-claims-rpf-assault-at-pune-station-says-eardrum-was-perforated/","src/articles/india/student-claims-rpf-assault-at-pune-station-says-eardrum-was-perforated.md","India","2026-09-09T21:47:46Z",279,"INDEX","https://thesamachardaily.in/articles/india/student-claims-rpf-assault-at-pune-station-says-eardrum-was-perforated/","IN_SITEMAP","200 OK","YES","NO","YES","YES","CLASS A — INDEXABLE","CLASS F — UNKNOWN GOOGLE STATUS"
"https://thesamachardaily.in/articles/india/student-walkouts-spotlight-karnatakas-education-funding-gap-ahead-of-elections/","src/articles/india/student-walkouts-spotlight-karnatakas-education-funding-gap-ahead-of-elections.md","India","2026-09-03T09:55:46Z",373,"INDEX","https://thesamachardaily.in/articles/india/student-walkouts-spotlight-karnatakas-education-funding-gap-ahead-of-elections/","IN_SITEMAP","200 OK","YES","NO","YES","YES","CLASS A — INDEXABLE","CLASS F — UNKNOWN GOOGLE STATUS"
"https://thesamachardaily.in/articles/india/stunning-comeback-by-praggnanandhaa-is-first-indian-to-win-grand-chess-tour/","src/articles/india/stunning-comeback-by-praggnanandhaa-is-first-indian-to-win-grand-chess-tour.md","India","2026-08-29T11:39:05Z",155,"INDEX","https://thesamachardaily.in/articles/india/stunning-comeback-by-praggnanandhaa-is-first-indian-to-win-grand-chess-tour/","IN_SITEMAP","200 OK","YES","NO","YES","YES","CLASS A — INDEXABLE","CLASS F — UNKNOWN GOOGLE STATUS"
"https://thesamachardaily.in/articles/india/supreme-court-agrees-to-examine-plea-against-luxury-project-on-goa-hills/","src/articles/india/supreme-court-agrees-to-examine-plea-against-luxury-project-on-goa-hills.md","India","2026-09-03T05:57:38Z",361,"INDEX","https://thesamachardaily.in/articles/india/supreme-court-agrees-to-examine-plea-against-luxury-project-on-goa-hills/","IN_SITEMAP","200 OK","NO","NO","YES","YES","CLASS A — INDEXABLE","CLASS F — UNKNOWN GOOGLE STATUS"
"https://thesamachardaily.in/articles/india/supreme-court-awaits-central-government-stance-on-marital-rape-petitions-before-setti/","src/articles/india/supreme-court-awaits-central-government-stance-on-marital-rape-petitions-before-setti.md","India","2026-09-07T19:56:12Z",231,"INDEX","https://thesamachardaily.in/articles/india/supreme-court-awaits-central-government-stance-on-marital-rape-petitions-before-setti/","IN_SITEMAP","200 OK","YES","NO","YES","YES","CLASS A — INDEXABLE","CLASS F — UNKNOWN GOOGLE STATUS"
"https://thesamachardaily.in/articles/india/supreme-court-quashes-firs-against-neet-protesters-orders-compensation-for-suicide-de/","src/articles/india/supreme-court-quashes-firs-against-neet-protesters-orders-compensation-for-suicide-de.md","India","2026-09-01T23:56:03Z",410,"INDEX","https://thesamachardaily.in/articles/india/supreme-court-quashes-firs-against-neet-protesters-orders-compensation-for-suicide-de/","IN_SITEMAP","200 OK","YES","NO","YES","YES","CLASS A — INDEXABLE","CLASS F — UNKNOWN GOOGLE STATUS"
"https://thesamachardaily.in/articles/india/supreme-court-takes-up-manav-bhanot-vs-nhai-dispute-over-debt-resolution/","src/articles/india/supreme-court-takes-up-manav-bhanot-vs-nhai-dispute-over-debt-resolution.md","India","2026-09-10T08:47:49Z",128,"INDEX","https://thesamachardaily.in/articles/india/supreme-court-takes-up-manav-bhanot-vs-nhai-dispute-over-debt-resolution/","IN_SITEMAP","200 OK","NO","NO","YES","YES","CLASS A — INDEXABLE","CLASS F — UNKNOWN GOOGLE STATUS"
"https://thesamachardaily.in/articles/india/surat-mayor-faces-death-threat-new-commissioner-appointed-3000-join-fit-india-ride/","src/articles/india/surat-mayor-faces-death-threat-new-commissioner-appointed-3000-join-fit-india-ride.md","India","2026-09-07T15:55:51Z",409,"INDEX","https://thesamachardaily.in/articles/india/surat-mayor-faces-death-threat-new-commissioner-appointed-3000-join-fit-india-ride/","IN_SITEMAP","200 OK","NO","NO","YES","YES","CLASS A — INDEXABLE","CLASS F — UNKNOWN GOOGLE STATUS"
"https://thesamachardaily.in/articles/india/surat-trader-allegedly-stolen-of-gold-worth-rs-195-cr-and-aed-128-lakh-at-mumbai-airp/","src/articles/india/surat-trader-allegedly-stolen-of-gold-worth-rs-195-cr-and-aed-128-lakh-at-mumbai-airp.md","India","2026-09-12T06:10:06Z",81,"INDEX","https://thesamachardaily.in/articles/india/surat-trader-allegedly-stolen-of-gold-worth-rs-195-cr-and-aed-128-lakh-at-mumbai-airp/","IN_SITEMAP","200 OK","NO","NO","YES","YES","CLASS A — INDEXABLE","CLASS F — UNKNOWN GOOGLE STATUS"
"https://thesamachardaily.in/articles/india/swami-vivekanandas-10-timeless-quotes-presented-as-blueprint-for-inner-strength/","src/articles/india/swami-vivekanandas-10-timeless-quotes-presented-as-blueprint-for-inner-strength.md","India","2026-09-14T23:30:26Z",153,"INDEX","https://thesamachardaily.in/articles/india/swami-vivekanandas-10-timeless-quotes-presented-as-blueprint-for-inner-strength/","IN_SITEMAP","200 OK","YES","NO","YES","YES","CLASS A — INDEXABLE","CLASS F — UNKNOWN GOOGLE STATUS"
"https://thesamachardaily.in/articles/india/tamil-nadu-assembly-live-telecast-draws-record-online-viewership/","src/articles/india/tamil-nadu-assembly-live-telecast-draws-record-online-viewership.md","India","2026-09-11T06:11:37Z",403,"INDEX","https://thesamachardaily.in/articles/india/tamil-nadu-assembly-live-telecast-draws-record-online-viewership/","IN_SITEMAP","200 OK","YES","NO","YES","YES","CLASS A — INDEXABLE","CLASS F — UNKNOWN GOOGLE STATUS"
"https://thesamachardaily.in/articles/india/tamil-nadu-assembly-reopens-cm-vijay-to-counter-opposition-on-police-fire-grants/","src/articles/india/tamil-nadu-assembly-reopens-cm-vijay-to-counter-opposition-on-police-fire-grants.md","India","2026-09-07T14:55:46Z",289,"INDEX","https://thesamachardaily.in/articles/india/tamil-nadu-assembly-reopens-cm-vijay-to-counter-opposition-on-police-fire-grants/","IN_SITEMAP","200 OK","YES","NO","YES","YES","CLASS A — INDEXABLE","CLASS F — UNKNOWN GOOGLE STATUS"
"https://thesamachardaily.in/articles/india/tamil-nadu-cm-vijay-wishes-janmashtami-urges-world-of-love-and-virtue-pm-modi-echoes/","src/articles/india/tamil-nadu-cm-vijay-wishes-janmashtami-urges-world-of-love-and-virtue-pm-modi-echoes.md","India","2026-09-04T18:55:50Z",282,"INDEX","https://thesamachardaily.in/articles/india/tamil-nadu-cm-vijay-wishes-janmashtami-urges-world-of-love-and-virtue-pm-modi-echoes/","IN_SITEMAP","200 OK","YES","NO","YES","YES","CLASS A — INDEXABLE","CLASS F — UNKNOWN GOOGLE STATUS"
"https://thesamachardaily.in/articles/india/tamil-nadu-food-festival-launches-at-novotel-vijayawada-showcasing-regional-cuisine/","src/articles/india/tamil-nadu-food-festival-launches-at-novotel-vijayawada-showcasing-regional-cuisine.md","India","2026-09-03T08:55:50Z",336,"INDEX","https://thesamachardaily.in/articles/india/tamil-nadu-food-festival-launches-at-novotel-vijayawada-showcasing-regional-cuisine/","IN_SITEMAP","200 OK","YES","NO","YES","YES","CLASS A — INDEXABLE","CLASS F — UNKNOWN GOOGLE STATUS"
"https://thesamachardaily.in/articles/india/tea-board-of-india-launches-consumer-awareness-drive-at-chennais-anna-nagar-tower-par/","src/articles/india/tea-board-of-india-launches-consumer-awareness-drive-at-chennais-anna-nagar-tower-par.md","India","2026-09-07T01:56:25Z",402,"INDEX","https://thesamachardaily.in/articles/india/tea-board-of-india-launches-consumer-awareness-drive-at-chennais-anna-nagar-tower-par/","IN_SITEMAP","200 OK","YES","NO","YES","YES","CLASS A — INDEXABLE","CLASS F — UNKNOWN GOOGLE STATUS"
"https://thesamachardaily.in/articles/india/tejashwi-yadav-urges-bihar-cm-to-install-lifesize-statues-of-three-late-leaders/","src/articles/india/tejashwi-yadav-urges-bihar-cm-to-install-lifesize-statues-of-three-late-leaders.md","India","2026-09-12T10:10:06Z",100,"INDEX","https://thesamachardaily.in/articles/india/tejashwi-yadav-urges-bihar-cm-to-install-lifesize-statues-of-three-late-leaders/","IN_SITEMAP","200 OK","NO","NO","YES","YES","CLASS A — INDEXABLE","CLASS F — UNKNOWN GOOGLE STATUS"
"https://thesamachardaily.in/articles/india/telangana-assembly-session-looms-as-brs-bjp-alliance-readies-to-corner-treasury-bench/","src/articles/india/telangana-assembly-session-looms-as-brs-bjp-alliance-readies-to-corner-treasury-bench.md","India","2026-09-07T07:56:42Z",324,"INDEX","https://thesamachardaily.in/articles/india/telangana-assembly-session-looms-as-brs-bjp-alliance-readies-to-corner-treasury-bench/","IN_SITEMAP","200 OK","YES","NO","YES","YES","CLASS A — INDEXABLE","CLASS F — UNKNOWN GOOGLE STATUS"
"https://thesamachardaily.in/articles/india/telangana-polytechnic-jac-opposes-merger-of-polytechnics-with-young-india-skills-univ/","src/articles/india/telangana-polytechnic-jac-opposes-merger-of-polytechnics-with-young-india-skills-univ.md","India","2026-08-29T22:52:34Z",173,"INDEX","https://thesamachardaily.in/articles/india/telangana-polytechnic-jac-opposes-merger-of-polytechnics-with-young-india-skills-univ/","IN_SITEMAP","200 OK","YES","NO","YES","YES","CLASS A — INDEXABLE","CLASS F — UNKNOWN GOOGLE STATUS"
"https://thesamachardaily.in/articles/india/telugu-states-lag-behind-as-six-others-secure-foreign-university-campus-plans/","src/articles/india/telugu-states-lag-behind-as-six-others-secure-foreign-university-campus-plans.md","India","2026-09-04T09:55:47Z",258,"INDEX","https://thesamachardaily.in/articles/india/telugu-states-lag-behind-as-six-others-secure-foreign-university-campus-plans/","IN_SITEMAP","200 OK","YES","NO","YES","YES","CLASS A — INDEXABLE","CLASS F — UNKNOWN GOOGLE STATUS"
"https://thesamachardaily.in/articles/india/the-durgas-we-worship-the-yashodhas-we-abandon/","src/articles/india/the-durgas-we-worship-the-yashodhas-we-abandon.md","India","2026-08-30T07:52:33Z",189,"INDEX","https://thesamachardaily.in/articles/india/the-durgas-we-worship-the-yashodhas-we-abandon/","IN_SITEMAP","200 OK","YES","NO","YES","YES","CLASS A — INDEXABLE","CLASS F — UNKNOWN GOOGLE STATUS"
"https://thesamachardaily.in/articles/india/the-hindu-launches-made-of-chennai-treasure-hunt-to-spotlight-hidden-city-gems/","src/articles/india/the-hindu-launches-made-of-chennai-treasure-hunt-to-spotlight-hidden-city-gems.md","India","2026-09-06T06:55:48Z",249,"INDEX","https://thesamachardaily.in/articles/india/the-hindu-launches-made-of-chennai-treasure-hunt-to-spotlight-hidden-city-gems/","IN_SITEMAP","200 OK","YES","NO","YES","YES","CLASS A — INDEXABLE","CLASS F — UNKNOWN GOOGLE STATUS"
"https://thesamachardaily.in/articles/india/thirty-eight-rescued-after-boat-breaks-down-off-mumbais-gateway-of-india/","src/articles/india/thirty-eight-rescued-after-boat-breaks-down-off-mumbais-gateway-of-india.md","India","2026-09-04T11:57:15Z",269,"INDEX","https://thesamachardaily.in/articles/india/thirty-eight-rescued-after-boat-breaks-down-off-mumbais-gateway-of-india/","IN_SITEMAP","200 OK","YES","NO","YES","YES","CLASS A — INDEXABLE","CLASS F — UNKNOWN GOOGLE STATUS"
"https://thesamachardaily.in/articles/india/three-indian-shares-clear-grahamstyle-5test-trade-below-10-earnings/","src/articles/india/three-indian-shares-clear-grahamstyle-5test-trade-below-10-earnings.md","India","2026-09-02T11:55:45Z",310,"INDEX","https://thesamachardaily.in/articles/india/three-indian-shares-clear-grahamstyle-5test-trade-below-10-earnings/","IN_SITEMAP","200 OK","YES","NO","YES","YES","CLASS A — INDEXABLE","CLASS F — UNKNOWN GOOGLE STATUS"
"https://thesamachardaily.in/articles/india/tn-cm-vijay-announces-rs-1200-crore-secretariat-shift-out-of-fort-st-george/","src/articles/india/tn-cm-vijay-announces-rs-1200-crore-secretariat-shift-out-of-fort-st-george.md","India","2026-09-04T08:57:03Z",283,"INDEX","https://thesamachardaily.in/articles/india/tn-cm-vijay-announces-rs-1200-crore-secretariat-shift-out-of-fort-st-george/","IN_SITEMAP","200 OK","YES","NO","YES","YES","CLASS A — INDEXABLE","CLASS F — UNKNOWN GOOGLE STATUS"
"https://thesamachardaily.in/articles/india/toxic-box-office-collection-day-3-live-updates-yash-film-eyes-rs-30-cr-day-4-after-ea/","src/articles/india/toxic-box-office-collection-day-3-live-updates-yash-film-eyes-rs-30-cr-day-4-after-ea.md","India","2026-08-29T14:39:23Z",144,"INDEX","https://thesamachardaily.in/articles/india/toxic-box-office-collection-day-3-live-updates-yash-film-eyes-rs-30-cr-day-4-after-ea/","IN_SITEMAP","200 OK","YES","NO","YES","YES","CLASS A — INDEXABLE","CLASS F — UNKNOWN GOOGLE STATUS"
"https://thesamachardaily.in/articles/india/tvk-announces-candidates-for-madurantakam-and-dharapuram-bypolls-in-tamil-nadu/","src/articles/india/tvk-announces-candidates-for-madurantakam-and-dharapuram-bypolls-in-tamil-nadu.md","India","2026-09-10T18:20:43Z",244,"INDEX","https://thesamachardaily.in/articles/india/tvk-announces-candidates-for-madurantakam-and-dharapuram-bypolls-in-tamil-nadu/","IN_SITEMAP","200 OK","YES","NO","YES","YES","CLASS A — INDEXABLE","CLASS F — UNKNOWN GOOGLE STATUS"
"https://thesamachardaily.in/articles/india/two-arrested-for-siphoning-diesel-from-parked-vehicles-on-mangalurubengaluru-highway/","src/articles/india/two-arrested-for-siphoning-diesel-from-parked-vehicles-on-mangalurubengaluru-highway.md","India","2026-09-05T18:55:47Z",389,"INDEX","https://thesamachardaily.in/articles/india/two-arrested-for-siphoning-diesel-from-parked-vehicles-on-mangalurubengaluru-highway/","IN_SITEMAP","200 OK","YES","NO","YES","YES","CLASS A — INDEXABLE","CLASS F — UNKNOWN GOOGLE STATUS"
"https://thesamachardaily.in/articles/india/two-hapur-men-killed-when-car-rams-canter-on-delhi-meerut-expressway/","src/articles/india/two-hapur-men-killed-when-car-rams-canter-on-delhi-meerut-expressway.md","India","2026-09-11T07:10:39Z",293,"INDEX","https://thesamachardaily.in/articles/india/two-hapur-men-killed-when-car-rams-canter-on-delhi-meerut-expressway/","IN_SITEMAP","200 OK","NO","NO","YES","YES","CLASS A — INDEXABLE","CLASS F — UNKNOWN GOOGLE STATUS"
"https://thesamachardaily.in/articles/india/unidentified-gunmen-fire-at-three-homes-damage-vehicles-in-delhis-nand-nagri/","src/articles/india/unidentified-gunmen-fire-at-three-homes-damage-vehicles-in-delhis-nand-nagri.md","India","2026-09-12T15:10:09Z",51,"NOINDEX","https://thesamachardaily.in/articles/india/unidentified-gunmen-fire-at-three-homes-damage-vehicles-in-delhis-nand-nagri/","OMITTED","200 OK","NO","NO","YES","YES","CLASS B — INTENTIONALLY NOINDEX","CLASS F — UNKNOWN GOOGLE STATUS"
"https://thesamachardaily.in/articles/india/untouchability-allegations-prompt-criminal-case-against-raichur-eatery-owner/","src/articles/india/untouchability-allegations-prompt-criminal-case-against-raichur-eatery-owner.md","India","2026-09-10T11:47:48Z",245,"INDEX","https://thesamachardaily.in/articles/india/untouchability-allegations-prompt-criminal-case-against-raichur-eatery-owner/","IN_SITEMAP","200 OK","NO","NO","YES","YES","CLASS A — INDEXABLE","CLASS F — UNKNOWN GOOGLE STATUS"
"https://thesamachardaily.in/articles/india/up-native-held-with-cannabis-infused-toffees-near-coimbatore/","src/articles/india/up-native-held-with-cannabis-infused-toffees-near-coimbatore.md","India","2026-08-31T02:33:51Z",363,"INDEX","https://thesamachardaily.in/articles/india/up-native-held-with-cannabis-infused-toffees-near-coimbatore/","IN_SITEMAP","200 OK","YES","NO","YES","YES","CLASS A — INDEXABLE","CLASS F — UNKNOWN GOOGLE STATUS"
"https://thesamachardaily.in/articles/india/us-ambassador-gor-meets-indias-first-iss-astronaut-shubhanshu-shukla-touts-space-ties/","src/articles/india/us-ambassador-gor-meets-indias-first-iss-astronaut-shubhanshu-shukla-touts-space-ties.md","India","2026-09-07T06:55:47Z",304,"INDEX","https://thesamachardaily.in/articles/india/us-ambassador-gor-meets-indias-first-iss-astronaut-shubhanshu-shukla-touts-space-ties/","IN_SITEMAP","200 OK","NO","NO","YES","YES","CLASS A — INDEXABLE","CLASS F — UNKNOWN GOOGLE STATUS"
"https://thesamachardaily.in/articles/india/us-ambassador-sergio-gor-urges-expanded-business-ties-in-bengaluru/","src/articles/india/us-ambassador-sergio-gor-urges-expanded-business-ties-in-bengaluru.md","India","2026-09-07T16:55:46Z",304,"INDEX","https://thesamachardaily.in/articles/india/us-ambassador-sergio-gor-urges-expanded-business-ties-in-bengaluru/","IN_SITEMAP","200 OK","YES","NO","YES","YES","CLASS A — INDEXABLE","CLASS F — UNKNOWN GOOGLE STATUS"
"https://thesamachardaily.in/articles/india/uttar-pradesh-cabinet-approves-transfer-of-26-hectares-for-nsg-centre-in-ayodhya/","src/articles/india/uttar-pradesh-cabinet-approves-transfer-of-26-hectares-for-nsg-centre-in-ayodhya.md","India","2026-09-16T22:30:25Z",65,"INDEX","https://thesamachardaily.in/articles/india/uttar-pradesh-cabinet-approves-transfer-of-26-hectares-for-nsg-centre-in-ayodhya/","IN_SITEMAP","200 OK","NO","NO","YES","YES","CLASS A — INDEXABLE","CLASS F — UNKNOWN GOOGLE STATUS"
"https://thesamachardaily.in/articles/india/veteran-actress-nagma-says-sanjay-dutts-marathi-comment-need-not-spark-freespeech-deb/","src/articles/india/veteran-actress-nagma-says-sanjay-dutts-marathi-comment-need-not-spark-freespeech-deb.md","India","2026-09-10T18:17:25Z",264,"INDEX","https://thesamachardaily.in/articles/india/veteran-actress-nagma-says-sanjay-dutts-marathi-comment-need-not-spark-freespeech-deb/","IN_SITEMAP","200 OK","NO","NO","YES","YES","CLASS A — INDEXABLE","CLASS F — UNKNOWN GOOGLE STATUS"
"https://thesamachardaily.in/articles/india/vice-president-radhakrishnan-urges-educational-institutions-to-become-global-research/","src/articles/india/vice-president-radhakrishnan-urges-educational-institutions-to-become-global-research.md","India","2026-08-30T00:52:35Z",124,"INDEX","https://thesamachardaily.in/articles/india/vice-president-radhakrishnan-urges-educational-institutions-to-become-global-research/","IN_SITEMAP","200 OK","YES","NO","YES","YES","CLASS A — INDEXABLE","CLASS F — UNKNOWN GOOGLE STATUS"
"https://thesamachardaily.in/articles/india/video--kashmirs-apple-orchards-the-pesticide-risk-next-door/","src/articles/india/video--kashmirs-apple-orchards-the-pesticide-risk-next-door.md","India","2026-08-28T22:59:30Z",257,"INDEX","https://thesamachardaily.in/articles/india/video--kashmirs-apple-orchards-the-pesticide-risk-next-door/","IN_SITEMAP","200 OK","YES","NO","YES","YES","CLASS A — INDEXABLE","CLASS F — UNKNOWN GOOGLE STATUS"
"https://thesamachardaily.in/articles/india/vimal-elaichi-case-ajay-devgn-tiger-shroff-respond-to-fda-notice-srk-reply-awaited/","src/articles/india/vimal-elaichi-case-ajay-devgn-tiger-shroff-respond-to-fda-notice-srk-reply-awaited.md","India","2026-09-04T01:56:58Z",335,"INDEX","https://thesamachardaily.in/articles/india/vimal-elaichi-case-ajay-devgn-tiger-shroff-respond-to-fda-notice-srk-reply-awaited/","IN_SITEMAP","200 OK","YES","NO","YES","YES","CLASS A — INDEXABLE","CLASS F — UNKNOWN GOOGLE STATUS"
"https://thesamachardaily.in/articles/india/viral-video-shows-luxury-cars-number-plate-vanish-on-punemumbai-expressway/","src/articles/india/viral-video-shows-luxury-cars-number-plate-vanish-on-punemumbai-expressway.md","India","2026-09-11T19:10:11Z",44,"NOINDEX","https://thesamachardaily.in/articles/india/viral-video-shows-luxury-cars-number-plate-vanish-on-punemumbai-expressway/","OMITTED","200 OK","NO","NO","YES","YES","CLASS B — INTENTIONALLY NOINDEX","CLASS F — UNKNOWN GOOGLE STATUS"
"https://thesamachardaily.in/articles/india/vivo-india-launches-its-new-vivo-buds-earbuds-with-long-battery-and-noisecancellation/","src/articles/india/vivo-india-launches-its-new-vivo-buds-earbuds-with-long-battery-and-noisecancellation.md","India","2026-09-12T19:10:05Z",73,"INDEX","https://thesamachardaily.in/articles/india/vivo-india-launches-its-new-vivo-buds-earbuds-with-long-battery-and-noisecancellation/","IN_SITEMAP","200 OK","YES","NO","YES","YES","CLASS A — INDEXABLE","CLASS F — UNKNOWN GOOGLE STATUS"
"https://thesamachardaily.in/articles/india/vp-cp-radhakrishnan-to-attend-upasi-trf-centenary-conference-in-tamil-nadu/","src/articles/india/vp-cp-radhakrishnan-to-attend-upasi-trf-centenary-conference-in-tamil-nadu.md","India","2026-09-21T17:30:26Z",90,"INDEX","https://thesamachardaily.in/articles/india/vp-cp-radhakrishnan-to-attend-upasi-trf-centenary-conference-in-tamil-nadu/","IN_SITEMAP","200 OK","NO","NO","YES","YES","CLASS A — INDEXABLE","CLASS F — UNKNOWN GOOGLE STATUS"
"https://thesamachardaily.in/articles/india/water-storage-slumps-across-indias-reservoirs-south-sees-sharp-fall/","src/articles/india/water-storage-slumps-across-indias-reservoirs-south-sees-sharp-fall.md","India","2026-08-29T01:13:14Z",244,"INDEX","https://thesamachardaily.in/articles/india/water-storage-slumps-across-indias-reservoirs-south-sees-sharp-fall/","IN_SITEMAP","200 OK","YES","NO","YES","YES","CLASS A — INDEXABLE","CLASS F — UNKNOWN GOOGLE STATUS"
"https://thesamachardaily.in/articles/india/we-need-to-pay-attention-to-what-boys-see-and-learn-as-they-grow-up-at-home-actress-r/","src/articles/india/we-need-to-pay-attention-to-what-boys-see-and-learn-as-they-grow-up-at-home-actress-r.md","India","2026-08-31T10:34:07Z",367,"INDEX","https://thesamachardaily.in/articles/india/we-need-to-pay-attention-to-what-boys-see-and-learn-as-they-grow-up-at-home-actress-r/","IN_SITEMAP","200 OK","NO","NO","YES","YES","CLASS A — INDEXABLE","CLASS F — UNKNOWN GOOGLE STATUS"
"https://thesamachardaily.in/articles/india/were-nepals-deadly-floods-man-made-how-climate-change-may-have-turned-glacier-co/","src/articles/india/were-nepals-deadly-floods-man-made-how-climate-change-may-have-turned-glacier-co.md","India","2026-08-28T23:44:37Z",290,"INDEX","https://thesamachardaily.in/articles/india/were-nepals-deadly-floods-man-made-how-climate-change-may-have-turned-glacier-co/","IN_SITEMAP","200 OK","YES","NO","YES","YES","CLASS A — INDEXABLE","CLASS F — UNKNOWN GOOGLE STATUS"
"https://thesamachardaily.in/articles/india/west-bengal-bypolls-left-announces-nandigram-rejinagar-candidates-as-tmc-splits/","src/articles/india/west-bengal-bypolls-left-announces-nandigram-rejinagar-candidates-as-tmc-splits.md","India","2026-09-13T06:10:05Z",38,"INDEX","https://thesamachardaily.in/articles/india/west-bengal-bypolls-left-announces-nandigram-rejinagar-candidates-as-tmc-splits/","IN_SITEMAP","200 OK","NO","NO","YES","YES","CLASS A — INDEXABLE","CLASS F — UNKNOWN GOOGLE STATUS"
"https://thesamachardaily.in/articles/india/west-bengal-fire-officials-issue-notice-to-abhishek-banerjees-office-over-safety-laps/","src/articles/india/west-bengal-fire-officials-issue-notice-to-abhishek-banerjees-office-over-safety-laps.md","India","2026-09-02T15:55:48Z",306,"INDEX","https://thesamachardaily.in/articles/india/west-bengal-fire-officials-issue-notice-to-abhishek-banerjees-office-over-safety-laps/","IN_SITEMAP","200 OK","YES","NO","YES","YES","CLASS A — INDEXABLE","CLASS F — UNKNOWN GOOGLE STATUS"
"https://thesamachardaily.in/articles/india/west-bengal-ssc-reconfigures-merit-list-for-12445-teacher-posts-following-quota-revis/","src/articles/india/west-bengal-ssc-reconfigures-merit-list-for-12445-teacher-posts-following-quota-revis.md","India","2026-09-02T20:56:18Z",202,"INDEX","https://thesamachardaily.in/articles/india/west-bengal-ssc-reconfigures-merit-list-for-12445-teacher-posts-following-quota-revis/","IN_SITEMAP","200 OK","YES","NO","YES","YES","CLASS A — INDEXABLE","CLASS F — UNKNOWN GOOGLE STATUS"
"https://thesamachardaily.in/articles/india/why-akali-dal-chief-sukhbir-badals-jibe-at-amritpal-signals-impending-fight-for-punja/","src/articles/india/why-akali-dal-chief-sukhbir-badals-jibe-at-amritpal-signals-impending-fight-for-punja.md","India","2026-08-30T16:02:05Z",161,"INDEX","https://thesamachardaily.in/articles/india/why-akali-dal-chief-sukhbir-badals-jibe-at-amritpal-signals-impending-fight-for-punja/","IN_SITEMAP","200 OK","YES","NO","YES","YES","CLASS A — INDEXABLE","CLASS F — UNKNOWN GOOGLE STATUS"
"https://thesamachardaily.in/articles/india/why-was-vaibhav-sooryavanshi-not-selected-in-india-u-19-squad-bcci-rule-is-the-reason/","src/articles/india/why-was-vaibhav-sooryavanshi-not-selected-in-india-u-19-squad-bcci-rule-is-the-reason.md","India","2026-08-29T11:21:11Z",145,"INDEX","https://thesamachardaily.in/articles/india/why-was-vaibhav-sooryavanshi-not-selected-in-india-u-19-squad-bcci-rule-is-the-reason/","IN_SITEMAP","200 OK","YES","NO","YES","YES","CLASS A — INDEXABLE","CLASS F — UNKNOWN GOOGLE STATUS"
"https://thesamachardaily.in/articles/india/wore-camouflage-uniforms-manipur-ambush-survivor-recalls-details-of-attackers/","src/articles/india/wore-camouflage-uniforms-manipur-ambush-survivor-recalls-details-of-attackers.md","India","2026-08-28T22:09:53Z",261,"INDEX","https://thesamachardaily.in/articles/india/wore-camouflage-uniforms-manipur-ambush-survivor-recalls-details-of-attackers/","IN_SITEMAP","200 OK","YES","NO","YES","YES","CLASS A — INDEXABLE","CLASS F — UNKNOWN GOOGLE STATUS"
"https://thesamachardaily.in/articles/india/workshop-at-ooty-explores-space-science-human-biology/","src/articles/india/workshop-at-ooty-explores-space-science-human-biology.md","India","2026-08-29T17:52:33Z",132,"INDEX","https://thesamachardaily.in/articles/india/workshop-at-ooty-explores-space-science-human-biology/","IN_SITEMAP","200 OK","YES","NO","YES","YES","CLASS A — INDEXABLE","CLASS F — UNKNOWN GOOGLE STATUS"
"https://thesamachardaily.in/articles/india/wrestleractor-saurav-gurjar-arrested-at-mumbai-airport-on-sexual-exploitation-charges/","src/articles/india/wrestleractor-saurav-gurjar-arrested-at-mumbai-airport-on-sexual-exploitation-charges.md","India","2026-09-21T02:30:24Z",75,"INDEX","https://thesamachardaily.in/articles/india/wrestleractor-saurav-gurjar-arrested-at-mumbai-airport-on-sexual-exploitation-charges/","IN_SITEMAP","200 OK","NO","NO","YES","YES","CLASS A — INDEXABLE","CLASS F — UNKNOWN GOOGLE STATUS"
"https://thesamachardaily.in/articles/india/wwe-smackdown-free-live-streaming-online-august-28-get-wrestling-weekly-episode-live/","src/articles/india/wwe-smackdown-free-live-streaming-online-august-28-get-wrestling-weekly-episode-live.md","India","2026-08-29T11:04:23Z",145,"INDEX","https://thesamachardaily.in/articles/india/wwe-smackdown-free-live-streaming-online-august-28-get-wrestling-weekly-episode-live/","IN_SITEMAP","200 OK","YES","NO","YES","YES","CLASS A — INDEXABLE","CLASS F — UNKNOWN GOOGLE STATUS"
"https://thesamachardaily.in/articles/india/yangi-uzbekistan-monument-reflects-aspirations-of-uzbek-people-pm-modi/","src/articles/india/yangi-uzbekistan-monument-reflects-aspirations-of-uzbek-people-pm-modi.md","India","2026-08-30T06:52:34Z",127,"INDEX","https://thesamachardaily.in/articles/india/yangi-uzbekistan-monument-reflects-aspirations-of-uzbek-people-pm-modi/","IN_SITEMAP","200 OK","YES","NO","YES","YES","CLASS A — INDEXABLE","CLASS F — UNKNOWN GOOGLE STATUS"
"https://thesamachardaily.in/articles/india/ysrcp-chief-jagan-mohan-reddy-announces-statewide-padayatra-for-sepoct-2027/","src/articles/india/ysrcp-chief-jagan-mohan-reddy-announces-statewide-padayatra-for-sepoct-2027.md","India","2026-09-10T01:47:51Z",310,"INDEX","https://thesamachardaily.in/articles/india/ysrcp-chief-jagan-mohan-reddy-announces-statewide-padayatra-for-sepoct-2027/","IN_SITEMAP","200 OK","YES","NO","YES","YES","CLASS A — INDEXABLE","CLASS F — UNKNOWN GOOGLE STATUS"
"https://thesamachardaily.in/articles/sports/1979-beetles-tribute-team-wins-21st-annual-parker-youth-golf-tournament/","src/articles/sports/1979-beetles-tribute-team-wins-21st-annual-parker-youth-golf-tournament.md","Sports","2026-09-12T09:05:09Z",99,"INDEX","https://thesamachardaily.in/articles/sports/1979-beetles-tribute-team-wins-21st-annual-parker-youth-golf-tournament/","IN_SITEMAP","200 OK","NO","NO","YES","YES","CLASS A — INDEXABLE","CLASS F — UNKNOWN GOOGLE STATUS"
"https://thesamachardaily.in/articles/sports/911-as-generational-line-author-sees-it-as-memory-for-millennials-history-for-gen-z/","src/articles/sports/911-as-generational-line-author-sees-it-as-memory-for-millennials-history-for-gen-z.md","Sports","2026-09-12T03:05:09Z",113,"INDEX","https://thesamachardaily.in/articles/sports/911-as-generational-line-author-sees-it-as-memory-for-millennials-history-for-gen-z/","IN_SITEMAP","200 OK","YES","NO","YES","YES","CLASS A — INDEXABLE","CLASS F — UNKNOWN GOOGLE STATUS"
"https://thesamachardaily.in/articles/sports/abhishek-sharmas-82-off-32-fuels-indias-7-wicket-win-over-afghanistan-in-1st-t20i/","src/articles/sports/abhishek-sharmas-82-off-32-fuels-indias-7-wicket-win-over-afghanistan-in-1st-t20i.md","Sports","2026-09-14T05:17:18Z",50,"INDEX","https://thesamachardaily.in/articles/sports/abhishek-sharmas-82-off-32-fuels-indias-7-wicket-win-over-afghanistan-in-1st-t20i/","IN_SITEMAP","200 OK","YES","YES","YES","YES","CLASS A — INDEXABLE","CLASS F — UNKNOWN GOOGLE STATUS"
"https://thesamachardaily.in/articles/sports/ac-milan-get-english-opponents-sunderland-bournemouth-in-europa-league-draw/","src/articles/sports/ac-milan-get-english-opponents-sunderland-bournemouth-in-europa-league-draw.md","Sports","2026-08-29T01:13:37Z",219,"INDEX","https://thesamachardaily.in/articles/sports/ac-milan-get-english-opponents-sunderland-bournemouth-in-europa-league-draw/","IN_SITEMAP","200 OK","YES","NO","YES","YES","CLASS A — INDEXABLE","CLASS F — UNKNOWN GOOGLE STATUS"
"https://thesamachardaily.in/articles/sports/ac-milan-make-enquiry-for-40-million-rated-barcelona-defender-facing-complicated/","src/articles/sports/ac-milan-make-enquiry-for-40-million-rated-barcelona-defender-facing-complicated.md","Sports","2026-08-29T06:13:29Z",242,"INDEX","https://thesamachardaily.in/articles/sports/ac-milan-make-enquiry-for-40-million-rated-barcelona-defender-facing-complicated/","IN_SITEMAP","200 OK","NO","NO","YES","YES","CLASS A — INDEXABLE","CLASS F — UNKNOWN GOOGLE STATUS"
"https://thesamachardaily.in/articles/sports/alex-neil-urges-millwall-to-build-on-newcastle-display-ahead-of-vital-week/","src/articles/sports/alex-neil-urges-millwall-to-build-on-newcastle-display-ahead-of-vital-week.md","Sports","2026-09-11T19:06:42Z",86,"INDEX","https://thesamachardaily.in/articles/sports/alex-neil-urges-millwall-to-build-on-newcastle-display-ahead-of-vital-week/","IN_SITEMAP","200 OK","YES","NO","YES","YES","CLASS A — INDEXABLE","CLASS F — UNKNOWN GOOGLE STATUS"
"https://thesamachardaily.in/articles/sports/amad-diallo-and-estvo-lead-high-profile-football-transfer-rumour-mill/","src/articles/sports/amad-diallo-and-estvo-lead-high-profile-football-transfer-rumour-mill.md","Sports","2026-09-01T11:05:56Z",347,"INDEX","https://thesamachardaily.in/articles/sports/amad-diallo-and-estvo-lead-high-profile-football-transfer-rumour-mill/","IN_SITEMAP","200 OK","YES","NO","YES","YES","CLASS A — INDEXABLE","CLASS F — UNKNOWN GOOGLE STATUS"
"https://thesamachardaily.in/articles/sports/anaheim-ducks-waive-veteran-chris-kreider-to-shed-65-million-cap-hit/","src/articles/sports/anaheim-ducks-waive-veteran-chris-kreider-to-shed-65-million-cap-hit.md","Sports","2026-09-10T11:19:45Z",244,"INDEX","https://thesamachardaily.in/articles/sports/anaheim-ducks-waive-veteran-chris-kreider-to-shed-65-million-cap-hit/","IN_SITEMAP","200 OK","NO","NO","YES","YES","CLASS A — INDEXABLE","CLASS F — UNKNOWN GOOGLE STATUS"
"https://thesamachardaily.in/articles/sports/angel-reese-excited-to-link-up-with-breanna-stewart-as-team-usa-tips-world-cup-campai/","src/articles/sports/angel-reese-excited-to-link-up-with-breanna-stewart-as-team-usa-tips-world-cup-campai.md","Sports","2026-09-04T01:06:53Z",394,"INDEX","https://thesamachardaily.in/articles/sports/angel-reese-excited-to-link-up-with-breanna-stewart-as-team-usa-tips-world-cup-campai/","IN_SITEMAP","200 OK","YES","NO","YES","YES","CLASS A — INDEXABLE","CLASS F — UNKNOWN GOOGLE STATUS"
"https://thesamachardaily.in/articles/sports/arkansas-opens-season-with-decisive-win-over-north-alabama-silverfield-dearmon-addres/","src/articles/sports/arkansas-opens-season-with-decisive-win-over-north-alabama-silverfield-dearmon-addres.md","Sports","2026-09-06T13:06:17Z",352,"INDEX","https://thesamachardaily.in/articles/sports/arkansas-opens-season-with-decisive-win-over-north-alabama-silverfield-dearmon-addres/","IN_SITEMAP","200 OK","YES","NO","YES","YES","CLASS A — INDEXABLE","CLASS F — UNKNOWN GOOGLE STATUS"
"https://thesamachardaily.in/articles/sports/arsenal-double-bill-looms-arteta-previews-chelsea-clash-as-slegers-braces-for-wsl-ope/","src/articles/sports/arsenal-double-bill-looms-arteta-previews-chelsea-clash-as-slegers-braces-for-wsl-ope.md","Sports","2026-09-05T23:06:16Z",325,"INDEX","https://thesamachardaily.in/articles/sports/arsenal-double-bill-looms-arteta-previews-chelsea-clash-as-slegers-braces-for-wsl-ope/","IN_SITEMAP","200 OK","NO","NO","YES","YES","CLASS A — INDEXABLE","CLASS F — UNKNOWN GOOGLE STATUS"
"https://thesamachardaily.in/articles/sports/arsenal-edge-chelsea-2-1-at-the-emirates-as-arteta-outmanoeuvres-xabi-alonso/","src/articles/sports/arsenal-edge-chelsea-2-1-at-the-emirates-as-arteta-outmanoeuvres-xabi-alonso.md","Sports","2026-09-07T09:06:13Z",439,"INDEX","https://thesamachardaily.in/articles/sports/arsenal-edge-chelsea-2-1-at-the-emirates-as-arteta-outmanoeuvres-xabi-alonso/","IN_SITEMAP","200 OK","YES","NO","YES","YES","CLASS A — INDEXABLE","CLASS F — UNKNOWN GOOGLE STATUS"
"https://thesamachardaily.in/articles/sports/arteta-hints-at-jurrien-timber-return-for-arsenals-chelsea-clash/","src/articles/sports/arteta-hints-at-jurrien-timber-return-for-arsenals-chelsea-clash.md","Sports","2026-09-06T01:05:45Z",341,"INDEX","https://thesamachardaily.in/articles/sports/arteta-hints-at-jurrien-timber-return-for-arsenals-chelsea-clash/","IN_SITEMAP","200 OK","YES","NO","YES","YES","CLASS A — INDEXABLE","CLASS F — UNKNOWN GOOGLE STATUS"
"https://thesamachardaily.in/articles/sports/asakura-ko-prop-tops-ufc-shanghai-weekend-lock/","src/articles/sports/asakura-ko-prop-tops-ufc-shanghai-weekend-lock.md","Sports","2026-08-29T11:32:01Z",142,"INDEX","https://thesamachardaily.in/articles/sports/asakura-ko-prop-tops-ufc-shanghai-weekend-lock/","IN_SITEMAP","200 OK","YES","NO","YES","YES","CLASS A — INDEXABLE","CLASS F — UNKNOWN GOOGLE STATUS"
"https://thesamachardaily.in/articles/sports/ashish-shelar-elected-president-of-esports-games-federation-amid-push-for-indias/","src/articles/sports/ashish-shelar-elected-president-of-esports-games-federation-amid-push-for-indias.md","Sports","2026-08-29T02:13:34Z",261,"INDEX","https://thesamachardaily.in/articles/sports/ashish-shelar-elected-president-of-esports-games-federation-amid-push-for-indias/","IN_SITEMAP","200 OK","NO","NO","YES","YES","CLASS A — INDEXABLE","CLASS F — UNKNOWN GOOGLE STATUS"
"https://thesamachardaily.in/articles/sports/asian-games-bound-runner-abhishek-pal-fails-dope-test-faces-suspension/","src/articles/sports/asian-games-bound-runner-abhishek-pal-fails-dope-test-faces-suspension.md","Sports","2026-08-29T07:13:34Z",253,"INDEX","https://thesamachardaily.in/articles/sports/asian-games-bound-runner-abhishek-pal-fails-dope-test-faces-suspension/","IN_SITEMAP","200 OK","YES","NO","YES","YES","CLASS A — INDEXABLE","CLASS F — UNKNOWN GOOGLE STATUS"
"https://thesamachardaily.in/articles/sports/atlanta-hawks-waive-former-lottery-pick-devin-carter-roster-still-over-limit/","src/articles/sports/atlanta-hawks-waive-former-lottery-pick-devin-carter-roster-still-over-limit.md","Sports","2026-09-12T19:05:02Z",40,"INDEX","https://thesamachardaily.in/articles/sports/atlanta-hawks-waive-former-lottery-pick-devin-carter-roster-still-over-limit/","IN_SITEMAP","200 OK","YES","NO","YES","YES","CLASS A — INDEXABLE","CLASS F — UNKNOWN GOOGLE STATUS"
"https://thesamachardaily.in/articles/sports/bbc-scraps-womens-football-show-pivots-to-youtube-coverage-fronted-by-alex-scott/","src/articles/sports/bbc-scraps-womens-football-show-pivots-to-youtube-coverage-fronted-by-alex-scott.md","Sports","2026-09-02T03:06:12Z",326,"INDEX","https://thesamachardaily.in/articles/sports/bbc-scraps-womens-football-show-pivots-to-youtube-coverage-fronted-by-alex-scott/","IN_SITEMAP","200 OK","YES","NO","YES","YES","CLASS A — INDEXABLE","CLASS F — UNKNOWN GOOGLE STATUS"
"https://thesamachardaily.in/articles/sports/bcci-chiefs-present-fielding-medal-to-nandni-sharma-as-india-clinches-eighth-asia-cup/","src/articles/sports/bcci-chiefs-present-fielding-medal-to-nandni-sharma-as-india-clinches-eighth-asia-cup.md","Sports","2026-09-14T07:17:25Z",157,"INDEX","https://thesamachardaily.in/articles/sports/bcci-chiefs-present-fielding-medal-to-nandni-sharma-as-india-clinches-eighth-asia-cup/","IN_SITEMAP","200 OK","YES","NO","YES","YES","CLASS A — INDEXABLE","CLASS F — UNKNOWN GOOGLE STATUS"
"https://thesamachardaily.in/articles/sports/ben-shelton-and-trinity-rodman-lean-on-each-other-as-they-chase-us-open-glory/","src/articles/sports/ben-shelton-and-trinity-rodman-lean-on-each-other-as-they-chase-us-open-glory.md","Sports","2026-09-10T05:19:48Z",322,"INDEX","https://thesamachardaily.in/articles/sports/ben-shelton-and-trinity-rodman-lean-on-each-other-as-they-chase-us-open-glory/","IN_SITEMAP","200 OK","NO","NO","YES","YES","CLASS A — INDEXABLE","CLASS F — UNKNOWN GOOGLE STATUS"
"https://thesamachardaily.in/articles/sports/ben-shelton-books-us-open-final-eyes-first-us-mens-title-in-23-years/","src/articles/sports/ben-shelton-books-us-open-final-eyes-first-us-mens-title-in-23-years.md","Sports","2026-09-12T17:05:07Z",51,"INDEX","https://thesamachardaily.in/articles/sports/ben-shelton-books-us-open-final-eyes-first-us-mens-title-in-23-years/","IN_SITEMAP","200 OK","YES","NO","YES","YES","CLASS A — INDEXABLE","CLASS F — UNKNOWN GOOGLE STATUS"
"https://thesamachardaily.in/articles/sports/bengals-shift-focus-to-adversity-ahead-of-season-opener-vs-buccaneers/","src/articles/sports/bengals-shift-focus-to-adversity-ahead-of-season-opener-vs-buccaneers.md","Sports","2026-09-13T13:05:47Z",91,"INDEX","https://thesamachardaily.in/articles/sports/bengals-shift-focus-to-adversity-ahead-of-season-opener-vs-buccaneers/","IN_SITEMAP","200 OK","YES","NO","YES","YES","CLASS A — INDEXABLE","CLASS F — UNKNOWN GOOGLE STATUS"
"https://thesamachardaily.in/articles/sports/bivol-eyes-december-wbo-mandatory-vs-smith-eyes-2027-blockbuster/","src/articles/sports/bivol-eyes-december-wbo-mandatory-vs-smith-eyes-2027-blockbuster.md","Sports","2026-09-17T23:17:34Z",73,"INDEX","https://thesamachardaily.in/articles/sports/bivol-eyes-december-wbo-mandatory-vs-smith-eyes-2027-blockbuster/","IN_SITEMAP","200 OK","YES","NO","YES","YES","CLASS A — INDEXABLE","CLASS F — UNKNOWN GOOGLE STATUS"
"https://thesamachardaily.in/articles/sports/brics-international-football-alliance-opens-india-chapter-to-boost-unity-through-spor/","src/articles/sports/brics-international-football-alliance-opens-india-chapter-to-boost-unity-through-spor.md","Sports","2026-09-13T23:17:18Z",68,"INDEX","https://thesamachardaily.in/articles/sports/brics-international-football-alliance-opens-india-chapter-to-boost-unity-through-spor/","IN_SITEMAP","200 OK","NO","NO","YES","YES","CLASS A — INDEXABLE","CLASS F — UNKNOWN GOOGLE STATUS"
"https://thesamachardaily.in/articles/sports/bristol-city-defeat-preston-north-end-3-1-in-sky-bet-championship-action/","src/articles/sports/bristol-city-defeat-preston-north-end-3-1-in-sky-bet-championship-action.md","Sports","2026-09-02T09:05:34Z",262,"INDEX","https://thesamachardaily.in/articles/sports/bristol-city-defeat-preston-north-end-3-1-in-sky-bet-championship-action/","IN_SITEMAP","200 OK","YES","NO","YES","YES","CLASS A — INDEXABLE","CLASS F — UNKNOWN GOOGLE STATUS"
"https://thesamachardaily.in/articles/sports/brosmer-returns-to-vikings-via-practice-squad-after-waiver-clearance/","src/articles/sports/brosmer-returns-to-vikings-via-practice-squad-after-waiver-clearance.md","Sports","2026-09-02T11:07:05Z",402,"INDEX","https://thesamachardaily.in/articles/sports/brosmer-returns-to-vikings-via-practice-squad-after-waiver-clearance/","IN_SITEMAP","200 OK","YES","NO","YES","YES","CLASS A — INDEXABLE","CLASS F — UNKNOWN GOOGLE STATUS"
"https://thesamachardaily.in/articles/sports/bucy-nets-six-as-allegany-thumps-hampshire-10-0/","src/articles/sports/bucy-nets-six-as-allegany-thumps-hampshire-10-0.md","Sports","2026-09-22T01:17:20Z",79,"INDEX","https://thesamachardaily.in/articles/sports/bucy-nets-six-as-allegany-thumps-hampshire-10-0/","IN_SITEMAP","200 OK","NO","NO","YES","YES","CLASS A — INDEXABLE","CLASS F — UNKNOWN GOOGLE STATUS"
"https://thesamachardaily.in/articles/sports/bulldogs-fall-at-stillwater-in-lucas-debut/","src/articles/sports/bulldogs-fall-at-stillwater-in-lucas-debut.md","Sports","2026-08-29T19:06:15Z",159,"INDEX","https://thesamachardaily.in/articles/sports/bulldogs-fall-at-stillwater-in-lucas-debut/","IN_SITEMAP","200 OK","YES","NO","YES","YES","CLASS A — INDEXABLE","CLASS F — UNKNOWN GOOGLE STATUS"
"https://thesamachardaily.in/articles/sports/cal-quantrill-shuts-down-rays-in-seven-inning-gem-for-texas-rangers/","src/articles/sports/cal-quantrill-shuts-down-rays-in-seven-inning-gem-for-texas-rangers.md","Sports","2026-09-04T19:06:55Z",364,"INDEX","https://thesamachardaily.in/articles/sports/cal-quantrill-shuts-down-rays-in-seven-inning-gem-for-texas-rangers/","IN_SITEMAP","200 OK","YES","NO","YES","YES","CLASS A — INDEXABLE","CLASS F — UNKNOWN GOOGLE STATUS"
"https://thesamachardaily.in/articles/sports/cale-makars-landmark-deal-reshapes-future-options-for-auston-matthews-and-maple-leafs/","src/articles/sports/cale-makars-landmark-deal-reshapes-future-options-for-auston-matthews-and-maple-leafs.md","Sports","2026-09-02T07:05:29Z",250,"INDEX","https://thesamachardaily.in/articles/sports/cale-makars-landmark-deal-reshapes-future-options-for-auston-matthews-and-maple-leafs/","IN_SITEMAP","200 OK","YES","NO","YES","YES","CLASS A — INDEXABLE","CLASS F — UNKNOWN GOOGLE STATUS"
"https://thesamachardaily.in/articles/sports/cbnc-previews-2026-nfl-season-with-power-rankings-draft-picks-and-award-outlook/","src/articles/sports/cbnc-previews-2026-nfl-season-with-power-rankings-draft-picks-and-award-outlook.md","Sports","2026-09-12T05:05:10Z",94,"INDEX","https://thesamachardaily.in/articles/sports/cbnc-previews-2026-nfl-season-with-power-rankings-draft-picks-and-award-outlook/","IN_SITEMAP","200 OK","YES","NO","YES","YES","CLASS A — INDEXABLE","CLASS F — UNKNOWN GOOGLE STATUS"
"https://thesamachardaily.in/articles/sports/central-alabama-football-voting-opens-for-week-3-player-of-the-week-honors/","src/articles/sports/central-alabama-football-voting-opens-for-week-3-player-of-the-week-honors.md","Sports","2026-09-07T05:07:13Z",225,"INDEX","https://thesamachardaily.in/articles/sports/central-alabama-football-voting-opens-for-week-3-player-of-the-week-honors/","IN_SITEMAP","200 OK","YES","NO","YES","YES","CLASS A — INDEXABLE","CLASS F — UNKNOWN GOOGLE STATUS"
"https://thesamachardaily.in/articles/sports/chelsea-eye-monaco-midfielder-lamine-camara-as-enzo-fernandez-replacement/","src/articles/sports/chelsea-eye-monaco-midfielder-lamine-camara-as-enzo-fernandez-replacement.md","Sports","2026-08-28T22:41:26Z",223,"INDEX","https://thesamachardaily.in/articles/sports/chelsea-eye-monaco-midfielder-lamine-camara-as-enzo-fernandez-replacement/","IN_SITEMAP","200 OK","YES","NO","YES","YES","CLASS A — INDEXABLE","CLASS F — UNKNOWN GOOGLE STATUS"
"https://thesamachardaily.in/articles/sports/chelsea-poised-to-table-100m-bid-for-real-madrid-midfielder-says-xabi-alonso/","src/articles/sports/chelsea-poised-to-table-100m-bid-for-real-madrid-midfielder-says-xabi-alonso.md","Sports","2026-09-17T19:17:19Z",42,"INDEX","https://thesamachardaily.in/articles/sports/chelsea-poised-to-table-100m-bid-for-real-madrid-midfielder-says-xabi-alonso/","IN_SITEMAP","200 OK","NO","NO","YES","YES","CLASS A — INDEXABLE","CLASS F — UNKNOWN GOOGLE STATUS"
"https://thesamachardaily.in/articles/sports/chelsea-ready-to-sell-enzo-fernandez-to-manchester-city-for-right-price-report/","src/articles/sports/chelsea-ready-to-sell-enzo-fernandez-to-manchester-city-for-right-price-report.md","Sports","2026-08-28T23:30:21Z",257,"INDEX","https://thesamachardaily.in/articles/sports/chelsea-ready-to-sell-enzo-fernandez-to-manchester-city-for-right-price-report/","IN_SITEMAP","200 OK","YES","NO","YES","YES","CLASS A — INDEXABLE","CLASS F — UNKNOWN GOOGLE STATUS"
"https://thesamachardaily.in/articles/sports/chelsea-turnaround-back-to-back-wins-end-artetas-dominance/","src/articles/sports/chelsea-turnaround-back-to-back-wins-end-artetas-dominance.md","Sports","2026-09-05T03:08:24Z",179,"INDEX","https://thesamachardaily.in/articles/sports/chelsea-turnaround-back-to-back-wins-end-artetas-dominance/","IN_SITEMAP","200 OK","YES","NO","YES","YES","CLASS A — INDEXABLE","CLASS F — UNKNOWN GOOGLE STATUS"
"https://thesamachardaily.in/articles/sports/chiefs-top-broncos-as-mahomes-walker-kelce-nix-and-waddle-shine/","src/articles/sports/chiefs-top-broncos-as-mahomes-walker-kelce-nix-and-waddle-shine.md","Sports","2026-09-15T15:17:19Z",67,"INDEX","https://thesamachardaily.in/articles/sports/chiefs-top-broncos-as-mahomes-walker-kelce-nix-and-waddle-shine/","IN_SITEMAP","200 OK","YES","NO","YES","YES","CLASS A — INDEXABLE","CLASS F — UNKNOWN GOOGLE STATUS"
"https://thesamachardaily.in/articles/sports/clay-panthers-defeat-new-boston-glenwood-tigers-3-2-in-soc-i-showdown/","src/articles/sports/clay-panthers-defeat-new-boston-glenwood-tigers-3-2-in-soc-i-showdown.md","Sports","2026-09-10T13:19:47Z",169,"INDEX","https://thesamachardaily.in/articles/sports/clay-panthers-defeat-new-boston-glenwood-tigers-3-2-in-soc-i-showdown/","IN_SITEMAP","200 OK","NO","NO","YES","YES","CLASS A — INDEXABLE","CLASS F — UNKNOWN GOOGLE STATUS"
"https://thesamachardaily.in/articles/sports/cole-palmer-pulls-out-of-england-squad-with-minor-muscle-injury-ahead-of-nations-leag/","src/articles/sports/cole-palmer-pulls-out-of-england-squad-with-minor-muscle-injury-ahead-of-nations-leag.md","Sports","2026-09-21T23:17:25Z",117,"INDEX","https://thesamachardaily.in/articles/sports/cole-palmer-pulls-out-of-england-squad-with-minor-muscle-injury-ahead-of-nations-leag/","IN_SITEMAP","200 OK","NO","NO","YES","YES","CLASS A — INDEXABLE","CLASS F — UNKNOWN GOOGLE STATUS"
"https://thesamachardaily.in/articles/sports/cole-palmer-sparks-chelsea-comeback-to-beat-leeds-5-3-in-carabao-cup-thriller/","src/articles/sports/cole-palmer-sparks-chelsea-comeback-to-beat-leeds-5-3-in-carabao-cup-thriller.md","Sports","2026-09-10T09:19:50Z",304,"INDEX","https://thesamachardaily.in/articles/sports/cole-palmer-sparks-chelsea-comeback-to-beat-leeds-5-3-in-carabao-cup-thriller/","IN_SITEMAP","200 OK","YES","NO","YES","YES","CLASS A — INDEXABLE","CLASS F — UNKNOWN GOOGLE STATUS"
"https://thesamachardaily.in/articles/sports/college-football-week-2-elite-pedigree-meets-desperation-in-crucial-slate/","src/articles/sports/college-football-week-2-elite-pedigree-meets-desperation-in-crucial-slate.md","Sports","2026-09-11T05:06:18Z",320,"INDEX","https://thesamachardaily.in/articles/sports/college-football-week-2-elite-pedigree-meets-desperation-in-crucial-slate/","IN_SITEMAP","200 OK","YES","NO","YES","YES","CLASS A — INDEXABLE","CLASS F — UNKNOWN GOOGLE STATUS"
"https://thesamachardaily.in/articles/sports/commanders-finish-preseason-with-blowout-loss-to-ravens/","src/articles/sports/commanders-finish-preseason-with-blowout-loss-to-ravens.md","Sports","2026-08-29T11:40:22Z",156,"INDEX","https://thesamachardaily.in/articles/sports/commanders-finish-preseason-with-blowout-loss-to-ravens/","IN_SITEMAP","200 OK","YES","NO","YES","YES","CLASS A — INDEXABLE","CLASS F — UNKNOWN GOOGLE STATUS"
"https://thesamachardaily.in/articles/sports/congress-leader-salman-khurshid-comments-on-indias-refusal-to-accept-asia-cup-trophy/","src/articles/sports/congress-leader-salman-khurshid-comments-on-indias-refusal-to-accept-asia-cup-trophy.md","Sports","2026-09-14T19:17:23Z",63,"INDEX","https://thesamachardaily.in/articles/sports/congress-leader-salman-khurshid-comments-on-indias-refusal-to-accept-asia-cup-trophy/","IN_SITEMAP","200 OK","YES","NO","YES","YES","CLASS A — INDEXABLE","CLASS F — UNKNOWN GOOGLE STATUS"
"https://thesamachardaily.in/articles/sports/ddca-unveils-upgraded-led-perimeter-displays-at-arun-jaitley-stadium-for-india-afghan/","src/articles/sports/ddca-unveils-upgraded-led-perimeter-displays-at-arun-jaitley-stadium-for-india-afghan.md","Sports","2026-09-16T03:18:36Z",187,"INDEX","https://thesamachardaily.in/articles/sports/ddca-unveils-upgraded-led-perimeter-displays-at-arun-jaitley-stadium-for-india-afghan/","IN_SITEMAP","200 OK","YES","NO","YES","YES","CLASS A — INDEXABLE","CLASS F — UNKNOWN GOOGLE STATUS"
"https://thesamachardaily.in/articles/sports/decades-in-sports-how-colin-kaepernick-taking-a-knee-in-2016-revived-athlete-activism/","src/articles/sports/decades-in-sports-how-colin-kaepernick-taking-a-knee-in-2016-revived-athlete-activism.md","Sports","2026-08-31T08:36:54Z",282,"INDEX","https://thesamachardaily.in/articles/sports/decades-in-sports-how-colin-kaepernick-taking-a-knee-in-2016-revived-athlete-activism/","IN_SITEMAP","200 OK","YES","NO","YES","YES","CLASS A — INDEXABLE","CLASS F — UNKNOWN GOOGLE STATUS"
"https://thesamachardaily.in/articles/sports/delhi-capitals-plan-coaching-overhaul-with-chaminda-vaas-and-sourav-ganguly/","src/articles/sports/delhi-capitals-plan-coaching-overhaul-with-chaminda-vaas-and-sourav-ganguly.md","Sports","2026-09-14T23:17:43Z",88,"INDEX","https://thesamachardaily.in/articles/sports/delhi-capitals-plan-coaching-overhaul-with-chaminda-vaas-and-sourav-ganguly/","IN_SITEMAP","200 OK","YES","NO","YES","YES","CLASS A — INDEXABLE","CLASS F — UNKNOWN GOOGLE STATUS"
"https://thesamachardaily.in/articles/sports/derbyshires-aneurin-donald-to-make-england-t20-debut-at-rose-bowl-against-sri-lanka/","src/articles/sports/derbyshires-aneurin-donald-to-make-england-t20-debut-at-rose-bowl-against-sri-lanka.md","Sports","2026-09-15T03:17:21Z",94,"INDEX","https://thesamachardaily.in/articles/sports/derbyshires-aneurin-donald-to-make-england-t20-debut-at-rose-bowl-against-sri-lanka/","IN_SITEMAP","200 OK","YES","NO","YES","YES","CLASS A — INDEXABLE","CLASS F — UNKNOWN GOOGLE STATUS"
"https://thesamachardaily.in/articles/sports/diana-edulji-urges-harmanpreet-kaur-to-pass-captaincy-to-smriti-mandhana/","src/articles/sports/diana-edulji-urges-harmanpreet-kaur-to-pass-captaincy-to-smriti-mandhana.md","Sports","2026-09-18T17:17:25Z",118,"INDEX","https://thesamachardaily.in/articles/sports/diana-edulji-urges-harmanpreet-kaur-to-pass-captaincy-to-smriti-mandhana/","IN_SITEMAP","200 OK","NO","NO","YES","YES","CLASS A — INDEXABLE","CLASS F — UNKNOWN GOOGLE STATUS"
"https://thesamachardaily.in/articles/sports/dodgers-prospect-josue-de-paula-belts-416-foot-homer-for-first-mlb-hit/","src/articles/sports/dodgers-prospect-josue-de-paula-belts-416-foot-homer-for-first-mlb-hit.md","Sports","2026-09-14T15:17:37Z",61,"INDEX","https://thesamachardaily.in/articles/sports/dodgers-prospect-josue-de-paula-belts-416-foot-homer-for-first-mlb-hit/","IN_SITEMAP","200 OK","YES","NO","YES","YES","CLASS A — INDEXABLE","CLASS F — UNKNOWN GOOGLE STATUS"
"https://thesamachardaily.in/articles/sports/eci-assigns-new-symbols-to-mamata-banerjee-and-arup-roy-tmc-factions-ahead-of-oct-6-b/","src/articles/sports/eci-assigns-new-symbols-to-mamata-banerjee-and-arup-roy-tmc-factions-ahead-of-oct-6-b.md","Sports","2026-09-18T21:18:38Z",81,"INDEX","https://thesamachardaily.in/articles/sports/eci-assigns-new-symbols-to-mamata-banerjee-and-arup-roy-tmc-factions-ahead-of-oct-6-b/","IN_SITEMAP","200 OK","YES","NO","YES","YES","CLASS A — INDEXABLE","CLASS F — UNKNOWN GOOGLE STATUS"
"https://thesamachardaily.in/articles/sports/edinburgh-castle-rockers-face-belfast-wolves-in-etpl-2026-final-at-dublin/","src/articles/sports/edinburgh-castle-rockers-face-belfast-wolves-in-etpl-2026-final-at-dublin.md","Sports","2026-09-20T23:17:21Z",64,"INDEX","https://thesamachardaily.in/articles/sports/edinburgh-castle-rockers-face-belfast-wolves-in-etpl-2026-final-at-dublin/","IN_SITEMAP","200 OK","YES","NO","YES","YES","CLASS A — INDEXABLE","CLASS F — UNKNOWN GOOGLE STATUS"
"https://thesamachardaily.in/articles/sports/ex-buffalo-bill-ray-bentley-brings-super-bowl-experience-to-winnacunnet-football/","src/articles/sports/ex-buffalo-bill-ray-bentley-brings-super-bowl-experience-to-winnacunnet-football.md","Sports","2026-09-04T17:06:25Z",336,"INDEX","https://thesamachardaily.in/articles/sports/ex-buffalo-bill-ray-bentley-brings-super-bowl-experience-to-winnacunnet-football/","IN_SITEMAP","200 OK","YES","NO","YES","YES","CLASS A — INDEXABLE","CLASS F — UNKNOWN GOOGLE STATUS"
"https://thesamachardaily.in/articles/sports/farmers-almanac-issues-202627-winter-outlook-massachusetts-forecast-awaited/","src/articles/sports/farmers-almanac-issues-202627-winter-outlook-massachusetts-forecast-awaited.md","Sports","2026-09-01T17:05:17Z",355,"INDEX","https://thesamachardaily.in/articles/sports/farmers-almanac-issues-202627-winter-outlook-massachusetts-forecast-awaited/","IN_SITEMAP","200 OK","YES","NO","YES","YES","CLASS A — INDEXABLE","CLASS F — UNKNOWN GOOGLE STATUS"
"https://thesamachardaily.in/articles/sports/flix-bautista-vows-orioles-comeback-after-2025-shoulder-surgery/","src/articles/sports/flix-bautista-vows-orioles-comeback-after-2025-shoulder-surgery.md","Sports","2026-09-21T09:17:19Z",55,"INDEX","https://thesamachardaily.in/articles/sports/flix-bautista-vows-orioles-comeback-after-2025-shoulder-surgery/","IN_SITEMAP","200 OK","YES","NO","YES","YES","CLASS A — INDEXABLE","CLASS F — UNKNOWN GOOGLE STATUS"
"https://thesamachardaily.in/articles/sports/former-nfl-defensive-back-alphonso-smith-jr-dies-at-40-after-distressing-post/","src/articles/sports/former-nfl-defensive-back-alphonso-smith-jr-dies-at-40-after-distressing-post.md","Sports","2026-09-03T11:05:37Z",343,"INDEX","https://thesamachardaily.in/articles/sports/former-nfl-defensive-back-alphonso-smith-jr-dies-at-40-after-distressing-post/","IN_SITEMAP","200 OK","YES","NO","YES","YES","CLASS A — INDEXABLE","CLASS F — UNKNOWN GOOGLE STATUS"
"https://thesamachardaily.in/articles/sports/former-tcu-horned-frog-josh-hoover-impresses-at-indiana-spring-practice/","src/articles/sports/former-tcu-horned-frog-josh-hoover-impresses-at-indiana-spring-practice.md","Sports","2026-09-03T13:05:19Z",256,"INDEX","https://thesamachardaily.in/articles/sports/former-tcu-horned-frog-josh-hoover-impresses-at-indiana-spring-practice/","IN_SITEMAP","200 OK","YES","NO","YES","YES","CLASS A — INDEXABLE","CLASS F — UNKNOWN GOOGLE STATUS"
"https://thesamachardaily.in/articles/sports/four-sweepstakes-slots-recommended-ahead-of-nfl-week-1/","src/articles/sports/four-sweepstakes-slots-recommended-ahead-of-nfl-week-1.md","Sports","2026-09-10T17:19:48Z",251,"INDEX","https://thesamachardaily.in/articles/sports/four-sweepstakes-slots-recommended-ahead-of-nfl-week-1/","IN_SITEMAP","200 OK","YES","NO","YES","YES","CLASS A — INDEXABLE","CLASS F — UNKNOWN GOOGLE STATUS"
"https://thesamachardaily.in/articles/sports/freeman-praises-notre-dame-after-27-10-win-over-michigan-state/","src/articles/sports/freeman-praises-notre-dame-after-27-10-win-over-michigan-state.md","Sports","2026-09-20T19:17:19Z",63,"INDEX","https://thesamachardaily.in/articles/sports/freeman-praises-notre-dame-after-27-10-win-over-michigan-state/","IN_SITEMAP","200 OK","YES","NO","YES","YES","CLASS A — INDEXABLE","CLASS F — UNKNOWN GOOGLE STATUS"
"https://thesamachardaily.in/articles/sports/fulham-edge-west-ham-3-2-in-carabao-cup-london-derby-oscar-bobb-clinches-win/","src/articles/sports/fulham-edge-west-ham-3-2-in-carabao-cup-london-derby-oscar-bobb-clinches-win.md","Sports","2026-09-16T15:17:22Z",77,"INDEX","https://thesamachardaily.in/articles/sports/fulham-edge-west-ham-3-2-in-carabao-cup-london-derby-oscar-bobb-clinches-win/","IN_SITEMAP","200 OK","YES","NO","YES","YES","CLASS A — INDEXABLE","CLASS F — UNKNOWN GOOGLE STATUS"
"https://thesamachardaily.in/articles/sports/gabriel-jesus-close-to-leaving-arsenal-for-barcelona-in-86m-deal/","src/articles/sports/gabriel-jesus-close-to-leaving-arsenal-for-barcelona-in-86m-deal.md","Sports","2026-08-31T02:36:52Z",292,"INDEX","https://thesamachardaily.in/articles/sports/gabriel-jesus-close-to-leaving-arsenal-for-barcelona-in-86m-deal/","IN_SITEMAP","200 OK","YES","NO","YES","YES","CLASS A — INDEXABLE","CLASS F — UNKNOWN GOOGLE STATUS"
"https://thesamachardaily.in/articles/sports/galo-fa-defeats-guarulhos-rhynos-27-14-to-keep-brasileiro-hopes-alive/","src/articles/sports/galo-fa-defeats-guarulhos-rhynos-27-14-to-keep-brasileiro-hopes-alive.md","Sports","2026-09-07T11:07:55Z",376,"INDEX","https://thesamachardaily.in/articles/sports/galo-fa-defeats-guarulhos-rhynos-27-14-to-keep-brasileiro-hopes-alive/","IN_SITEMAP","200 OK","NO","NO","YES","YES","CLASS A — INDEXABLE","CLASS F — UNKNOWN GOOGLE STATUS"
"https://thesamachardaily.in/articles/sports/gautam-gambhir-praises-indias-mental-toughness-gives-special-shoutout-to-sonal-d/","src/articles/sports/gautam-gambhir-praises-indias-mental-toughness-gives-special-shoutout-to-sonal-d.md","Sports","2026-08-28T22:51:59Z",210,"INDEX","https://thesamachardaily.in/articles/sports/gautam-gambhir-praises-indias-mental-toughness-gives-special-shoutout-to-sonal-d/","IN_SITEMAP","200 OK","YES","NO","YES","YES","CLASS A — INDEXABLE","CLASS F — UNKNOWN GOOGLE STATUS"
"https://thesamachardaily.in/articles/sports/graham-alexander-accepts-fan-boos-demands-focus-ahead-of-mansfield-test/","src/articles/sports/graham-alexander-accepts-fan-boos-demands-focus-ahead-of-mansfield-test.md","Sports","2026-09-04T11:05:44Z",310,"INDEX","https://thesamachardaily.in/articles/sports/graham-alexander-accepts-fan-boos-demands-focus-ahead-of-mansfield-test/","IN_SITEMAP","200 OK","YES","NO","YES","YES","CLASS A — INDEXABLE","CLASS F — UNKNOWN GOOGLE STATUS"
"https://thesamachardaily.in/articles/sports/graham-alexander-praises-bobby-pointon-as-merit-system-earns-bradford-city-star-third/","src/articles/sports/graham-alexander-praises-bobby-pointon-as-merit-system-earns-bradford-city-star-third.md","Sports","2026-09-06T11:06:08Z",332,"INDEX","https://thesamachardaily.in/articles/sports/graham-alexander-praises-bobby-pointon-as-merit-system-earns-bradford-city-star-third/","IN_SITEMAP","200 OK","YES","NO","YES","YES","CLASS A — INDEXABLE","CLASS F — UNKNOWN GOOGLE STATUS"
"https://thesamachardaily.in/articles/sports/greg-cote-unveils-week-1-nfl-picks-continuing-miami-heralds-friday-page-legacy/","src/articles/sports/greg-cote-unveils-week-1-nfl-picks-continuing-miami-heralds-friday-page-legacy.md","Sports","2026-09-11T09:05:06Z",253,"INDEX","https://thesamachardaily.in/articles/sports/greg-cote-unveils-week-1-nfl-picks-continuing-miami-heralds-friday-page-legacy/","IN_SITEMAP","200 OK","YES","NO","YES","YES","CLASS A — INDEXABLE","CLASS F — UNKNOWN GOOGLE STATUS"
"https://thesamachardaily.in/articles/sports/hamilton-slams-barrier-in-practice-defies-team-orders-to-stop/","src/articles/sports/hamilton-slams-barrier-in-practice-defies-team-orders-to-stop.md","Sports","2026-09-12T23:05:02Z",38,"INDEX","https://thesamachardaily.in/articles/sports/hamilton-slams-barrier-in-practice-defies-team-orders-to-stop/","IN_SITEMAP","200 OK","YES","NO","YES","YES","CLASS A — INDEXABLE","CLASS F — UNKNOWN GOOGLE STATUS"
"https://thesamachardaily.in/articles/sports/harbaughs-grueling-camp-readies-giants-for-rams-showdown-after-dallas-win/","src/articles/sports/harbaughs-grueling-camp-readies-giants-for-rams-showdown-after-dallas-win.md","Sports","2026-09-17T11:17:19Z",87,"INDEX","https://thesamachardaily.in/articles/sports/harbaughs-grueling-camp-readies-giants-for-rams-showdown-after-dallas-win/","IN_SITEMAP","200 OK","YES","NO","YES","YES","CLASS A — INDEXABLE","CLASS F — UNKNOWN GOOGLE STATUS"
"https://thesamachardaily.in/articles/sports/hibernian-aberdeen-under-fire-as-fans-demand-answers-ahead-of-cup-quarter-finals/","src/articles/sports/hibernian-aberdeen-under-fire-as-fans-demand-answers-ahead-of-cup-quarter-finals.md","Sports","2026-09-12T07:05:02Z",89,"INDEX","https://thesamachardaily.in/articles/sports/hibernian-aberdeen-under-fire-as-fans-demand-answers-ahead-of-cup-quarter-finals/","IN_SITEMAP","200 OK","YES","NO","YES","YES","CLASS A — INDEXABLE","CLASS F — UNKNOWN GOOGLE STATUS"
"https://thesamachardaily.in/articles/sports/hornets-split-pool-play-at-greater-kansas-city-softball-invitational-with-one-whammy/","src/articles/sports/hornets-split-pool-play-at-greater-kansas-city-softball-invitational-with-one-whammy.md","Sports","2026-08-29T11:22:54Z",135,"INDEX","https://thesamachardaily.in/articles/sports/hornets-split-pool-play-at-greater-kansas-city-softball-invitational-with-one-whammy/","IN_SITEMAP","200 OK","YES","NO","YES","YES","CLASS A — INDEXABLE","CLASS F — UNKNOWN GOOGLE STATUS"
"https://thesamachardaily.in/articles/sports/hull-city-midfielder-sorba-thomas-flips-160k-land-rover-escapes-injury/","src/articles/sports/hull-city-midfielder-sorba-thomas-flips-160k-land-rover-escapes-injury.md","Sports","2026-09-11T23:05:03Z",40,"NOINDEX","https://thesamachardaily.in/articles/sports/hull-city-midfielder-sorba-thomas-flips-160k-land-rover-escapes-injury/","OMITTED","200 OK","NO","NO","YES","YES","CLASS B — INTENTIONALLY NOINDEX","CLASS F — UNKNOWN GOOGLE STATUS"
"https://thesamachardaily.in/articles/sports/hyderabad-cricket-associations-new-moves-spark-hope-for-womens-cricket/","src/articles/sports/hyderabad-cricket-associations-new-moves-spark-hope-for-womens-cricket.md","Sports","2026-09-11T11:05:04Z",273,"INDEX","https://thesamachardaily.in/articles/sports/hyderabad-cricket-associations-new-moves-spark-hope-for-womens-cricket/","IN_SITEMAP","200 OK","YES","NO","YES","YES","CLASS A — INDEXABLE","CLASS F — UNKNOWN GOOGLE STATUS"
"https://thesamachardaily.in/articles/sports/i-am-the-king-deep-dasgupta-reveals-how-sourav-ganguly-transformed-team-indias-mindse/","src/articles/sports/i-am-the-king-deep-dasgupta-reveals-how-sourav-ganguly-transformed-team-indias-mindse.md","Sports","2026-08-30T03:06:19Z",142,"INDEX","https://thesamachardaily.in/articles/sports/i-am-the-king-deep-dasgupta-reveals-how-sourav-ganguly-transformed-team-indias-mindse/","IN_SITEMAP","200 OK","NO","NO","YES","YES","CLASS A — INDEXABLE","CLASS F — UNKNOWN GOOGLE STATUS"
"https://thesamachardaily.in/articles/sports/i-really-feel-sorry-for-him-ashwin-hits-out-at-team-indias-handling-of-kuldeep-y/","src/articles/sports/i-really-feel-sorry-for-him-ashwin-hits-out-at-team-indias-handling-of-kuldeep-y.md","Sports","2026-08-28T23:32:25Z",253,"INDEX","https://thesamachardaily.in/articles/sports/i-really-feel-sorry-for-him-ashwin-hits-out-at-team-indias-handling-of-kuldeep-y/","IN_SITEMAP","200 OK","YES","NO","YES","YES","CLASS A — INDEXABLE","CLASS F — UNKNOWN GOOGLE STATUS"
"https://thesamachardaily.in/articles/sports/inaugural-fat-marmot-week-crowns-first-winner-ahead-of-winter-season/","src/articles/sports/inaugural-fat-marmot-week-crowns-first-winner-ahead-of-winter-season.md","Sports","2026-09-01T03:11:57Z",194,"INDEX","https://thesamachardaily.in/articles/sports/inaugural-fat-marmot-week-crowns-first-winner-ahead-of-winter-season/","IN_SITEMAP","200 OK","NO","NO","YES","YES","CLASS A — INDEXABLE","CLASS F — UNKNOWN GOOGLE STATUS"
"https://thesamachardaily.in/articles/sports/india-announces-30shooter-squad-for-2026-asian-games-in-nagoya/","src/articles/sports/india-announces-30shooter-squad-for-2026-asian-games-in-nagoya.md","Sports","2026-09-19T21:17:26Z",49,"INDEX","https://thesamachardaily.in/articles/sports/india-announces-30shooter-squad-for-2026-asian-games-in-nagoya/","IN_SITEMAP","200 OK","YES","NO","YES","YES","CLASS A — INDEXABLE","CLASS F — UNKNOWN GOOGLE STATUS"
"https://thesamachardaily.in/articles/sports/india-clinches-asia-cup-as-pcb-chief-skips-trophy-handover/","src/articles/sports/india-clinches-asia-cup-as-pcb-chief-skips-trophy-handover.md","Sports","2026-09-15T05:17:18Z",80,"INDEX","https://thesamachardaily.in/articles/sports/india-clinches-asia-cup-as-pcb-chief-skips-trophy-handover/","IN_SITEMAP","200 OK","YES","NO","YES","YES","CLASS A — INDEXABLE","CLASS F — UNKNOWN GOOGLE STATUS"
"https://thesamachardaily.in/articles/sports/india-to-host-west-indies-for-5th-t20i-at-bengaluru-on-oct-17-2026/","src/articles/sports/india-to-host-west-indies-for-5th-t20i-at-bengaluru-on-oct-17-2026.md","Sports","2026-09-18T19:17:55Z",143,"INDEX","https://thesamachardaily.in/articles/sports/india-to-host-west-indies-for-5th-t20i-at-bengaluru-on-oct-17-2026/","IN_SITEMAP","200 OK","YES","NO","YES","YES","CLASS A — INDEXABLE","CLASS F — UNKNOWN GOOGLE STATUS"
"https://thesamachardaily.in/articles/sports/india-u17-women-to-play-two-friendlies-against-philippines-in-goa/","src/articles/sports/india-u17-women-to-play-two-friendlies-against-philippines-in-goa.md","Sports","2026-08-29T00:01:39Z",205,"INDEX","https://thesamachardaily.in/articles/sports/india-u17-women-to-play-two-friendlies-against-philippines-in-goa/","IN_SITEMAP","200 OK","YES","NO","YES","YES","CLASS A — INDEXABLE","CLASS F — UNKNOWN GOOGLE STATUS"
"https://thesamachardaily.in/articles/sports/india-women-choose-to-bat-first-in-asian-games-semifinal-vs-bangladesh/","src/articles/sports/india-women-choose-to-bat-first-in-asian-games-semifinal-vs-bangladesh.md","Sports","2026-09-20T17:17:18Z",94,"INDEX","https://thesamachardaily.in/articles/sports/india-women-choose-to-bat-first-in-asian-games-semifinal-vs-bangladesh/","IN_SITEMAP","200 OK","YES","NO","YES","YES","CLASS A — INDEXABLE","CLASS F — UNKNOWN GOOGLE STATUS"
"https://thesamachardaily.in/articles/sports/indiana-football-2026-prediction-can-curt-cignetti-deliver-more-magic/","src/articles/sports/indiana-football-2026-prediction-can-curt-cignetti-deliver-more-magic.md","Sports","2026-08-30T13:06:11Z",153,"INDEX","https://thesamachardaily.in/articles/sports/indiana-football-2026-prediction-can-curt-cignetti-deliver-more-magic/","IN_SITEMAP","200 OK","YES","NO","YES","YES","CLASS A — INDEXABLE","CLASS F — UNKNOWN GOOGLE STATUS"
"https://thesamachardaily.in/articles/sports/indiana-state-aims-for-second-straight-win-against-valparaiso-at-memorial-stadium/","src/articles/sports/indiana-state-aims-for-second-straight-win-against-valparaiso-at-memorial-stadium.md","Sports","2026-09-18T11:17:19Z",75,"INDEX","https://thesamachardaily.in/articles/sports/indiana-state-aims-for-second-straight-win-against-valparaiso-at-memorial-stadium/","IN_SITEMAP","200 OK","YES","NO","YES","YES","CLASS A — INDEXABLE","CLASS F — UNKNOWN GOOGLE STATUS"
"https://thesamachardaily.in/articles/sports/inter-miamis-nu-stadium-to-host-2027-womens-champions-cup-semi-finals-and-final/","src/articles/sports/inter-miamis-nu-stadium-to-host-2027-womens-champions-cup-semi-finals-and-final.md","Sports","2026-09-21T05:17:21Z",109,"INDEX","https://thesamachardaily.in/articles/sports/inter-miamis-nu-stadium-to-host-2027-womens-champions-cup-semi-finals-and-final/","IN_SITEMAP","200 OK","YES","NO","YES","YES","CLASS A — INDEXABLE","CLASS F — UNKNOWN GOOGLE STATUS"
"https://thesamachardaily.in/articles/sports/iowa-high-school-football-cedar-rapids-xavier-prepares-for-western-dubuque/","src/articles/sports/iowa-high-school-football-cedar-rapids-xavier-prepares-for-western-dubuque.md","Sports","2026-09-03T17:05:45Z",205,"INDEX","https://thesamachardaily.in/articles/sports/iowa-high-school-football-cedar-rapids-xavier-prepares-for-western-dubuque/","IN_SITEMAP","200 OK","YES","NO","YES","YES","CLASS A — INDEXABLE","CLASS F — UNKNOWN GOOGLE STATUS"
"https://thesamachardaily.in/articles/sports/iowa-meets-michigan-in-football-showdown-on-sept-26-2026/","src/articles/sports/iowa-meets-michigan-in-football-showdown-on-sept-26-2026.md","Sports","2026-09-22T07:17:41Z",44,"INDEX","https://thesamachardaily.in/articles/sports/iowa-meets-michigan-in-football-showdown-on-sept-26-2026/","IN_SITEMAP","200 OK","YES","NO","YES","YES","CLASS A — INDEXABLE","CLASS F — UNKNOWN GOOGLE STATUS"
"https://thesamachardaily.in/articles/sports/jamie-carragher-likens-arsenals-mikel-arteta-to-sir-alex-ferguson-after-referee-rant/","src/articles/sports/jamie-carragher-likens-arsenals-mikel-arteta-to-sir-alex-ferguson-after-referee-rant.md","Sports","2026-09-15T19:17:22Z",77,"INDEX","https://thesamachardaily.in/articles/sports/jamie-carragher-likens-arsenals-mikel-arteta-to-sir-alex-ferguson-after-referee-rant/","IN_SITEMAP","200 OK","YES","NO","YES","YES","CLASS A — INDEXABLE","CLASS F — UNKNOWN GOOGLE STATUS"
"https://thesamachardaily.in/articles/sports/jayden-danns-out-for-liverpooltottenham-carabao-cup-three-others-in-contention/","src/articles/sports/jayden-danns-out-for-liverpooltottenham-carabao-cup-three-others-in-contention.md","Sports","2026-09-15T21:17:19Z",102,"INDEX","https://thesamachardaily.in/articles/sports/jayden-danns-out-for-liverpooltottenham-carabao-cup-three-others-in-contention/","IN_SITEMAP","200 OK","YES","NO","YES","YES","CLASS A — INDEXABLE","CLASS F — UNKNOWN GOOGLE STATUS"
"https://thesamachardaily.in/articles/sports/jets-name-six-captains-as-garrett-wilson-reacts-to-being-left-off-list/","src/articles/sports/jets-name-six-captains-as-garrett-wilson-reacts-to-being-left-off-list.md","Sports","2026-09-10T01:19:48Z",312,"INDEX","https://thesamachardaily.in/articles/sports/jets-name-six-captains-as-garrett-wilson-reacts-to-being-left-off-list/","IN_SITEMAP","200 OK","YES","NO","YES","YES","CLASS A — INDEXABLE","CLASS F — UNKNOWN GOOGLE STATUS"
"https://thesamachardaily.in/articles/sports/joe-root-eclipses-tendulkars-test-fifty-record-in-englands-win-over-pakistan/","src/articles/sports/joe-root-eclipses-tendulkars-test-fifty-record-in-englands-win-over-pakistan.md","Sports","2026-09-13T01:05:04Z",62,"INDEX","https://thesamachardaily.in/articles/sports/joe-root-eclipses-tendulkars-test-fifty-record-in-englands-win-over-pakistan/","IN_SITEMAP","200 OK","YES","NO","YES","YES","CLASS A — INDEXABLE","CLASS F — UNKNOWN GOOGLE STATUS"
"https://thesamachardaily.in/articles/sports/josh-jacobs-court-appearance-moved-from-november-17-to-september-10/","src/articles/sports/josh-jacobs-court-appearance-moved-from-november-17-to-september-10.md","Sports","2026-09-05T07:07:54Z",396,"INDEX","https://thesamachardaily.in/articles/sports/josh-jacobs-court-appearance-moved-from-november-17-to-september-10/","IN_SITEMAP","200 OK","YES","NO","YES","YES","CLASS A — INDEXABLE","CLASS F — UNKNOWN GOOGLE STATUS"
"https://thesamachardaily.in/articles/sports/julian-taylor-detroit-cass-tech-star-lights-it-up-on-offense-and-defense/","src/articles/sports/julian-taylor-detroit-cass-tech-star-lights-it-up-on-offense-and-defense.md","Sports","2026-08-29T21:06:11Z",92,"NOINDEX","https://thesamachardaily.in/articles/sports/julian-taylor-detroit-cass-tech-star-lights-it-up-on-offense-and-defense/","OMITTED","200 OK","YES","NO","YES","YES","CLASS B — INTENTIONALLY NOINDEX","CLASS F — UNKNOWN GOOGLE STATUS"
"https://thesamachardaily.in/articles/sports/juventus-reverse-course-offer-contract-renewal-to-nico-gonzalez-after-summer-exit-pus/","src/articles/sports/juventus-reverse-course-offer-contract-renewal-to-nico-gonzalez-after-summer-exit-pus.md","Sports","2026-09-10T21:19:48Z",179,"INDEX","https://thesamachardaily.in/articles/sports/juventus-reverse-course-offer-contract-renewal-to-nico-gonzalez-after-summer-exit-pus/","IN_SITEMAP","200 OK","YES","NO","YES","YES","CLASS A — INDEXABLE","CLASS F — UNKNOWN GOOGLE STATUS"
"https://thesamachardaily.in/articles/sports/kevin-mccarthy-clinches-second-westmoreland-county-supersenior-golf-title/","src/articles/sports/kevin-mccarthy-clinches-second-westmoreland-county-supersenior-golf-title.md","Sports","2026-09-11T17:05:09Z",43,"NOINDEX","https://thesamachardaily.in/articles/sports/kevin-mccarthy-clinches-second-westmoreland-county-supersenior-golf-title/","OMITTED","200 OK","NO","NO","YES","YES","CLASS B — INTENTIONALLY NOINDEX","CLASS F — UNKNOWN GOOGLE STATUS"
"https://thesamachardaily.in/articles/sports/knicks-target-konchar-and-eubanks-to-shore-up-frontcourt-depth-ahead-of-camp/","src/articles/sports/knicks-target-konchar-and-eubanks-to-shore-up-frontcourt-depth-ahead-of-camp.md","Sports","2026-09-04T13:05:52Z",289,"INDEX","https://thesamachardaily.in/articles/sports/knicks-target-konchar-and-eubanks-to-shore-up-frontcourt-depth-ahead-of-camp/","IN_SITEMAP","200 OK","YES","NO","YES","YES","CLASS A — INDEXABLE","CLASS F — UNKNOWN GOOGLE STATUS"
"https://thesamachardaily.in/articles/sports/kovac-lauds-veerman-nwaneri-as-dortmund-rally-from-twogoal-deficit/","src/articles/sports/kovac-lauds-veerman-nwaneri-as-dortmund-rally-from-twogoal-deficit.md","Sports","2026-09-06T09:05:18Z",294,"INDEX","https://thesamachardaily.in/articles/sports/kovac-lauds-veerman-nwaneri-as-dortmund-rally-from-twogoal-deficit/","IN_SITEMAP","200 OK","YES","NO","YES","YES","CLASS A — INDEXABLE","CLASS F — UNKNOWN GOOGLE STATUS"
"https://thesamachardaily.in/articles/sports/league-of-legends-patch-2618-rolls-out-kassadin-buffs-bard-nerfs-and-caps-hall-of-leg/","src/articles/sports/league-of-legends-patch-2618-rolls-out-kassadin-buffs-bard-nerfs-and-caps-hall-of-leg.md","Sports","2026-09-10T07:20:03Z",264,"INDEX","https://thesamachardaily.in/articles/sports/league-of-legends-patch-2618-rolls-out-kassadin-buffs-bard-nerfs-and-caps-hall-of-leg/","IN_SITEMAP","200 OK","NO","NO","YES","YES","CLASS A — INDEXABLE","CLASS F — UNKNOWN GOOGLE STATUS"
"https://thesamachardaily.in/articles/sports/lebanon-county-football-top-performers-named-after-week-1-kickoff/","src/articles/sports/lebanon-county-football-top-performers-named-after-week-1-kickoff.md","Sports","2026-09-01T21:05:53Z",317,"INDEX","https://thesamachardaily.in/articles/sports/lebanon-county-football-top-performers-named-after-week-1-kickoff/","IN_SITEMAP","200 OK","YES","NO","YES","YES","CLASS A — INDEXABLE","CLASS F — UNKNOWN GOOGLE STATUS"
"https://thesamachardaily.in/articles/sports/lenny-krieg-joins-green-bay-packers-practice-squad-ahead-of-week-1/","src/articles/sports/lenny-krieg-joins-green-bay-packers-practice-squad-ahead-of-week-1.md","Sports","2026-09-03T09:08:12Z",343,"INDEX","https://thesamachardaily.in/articles/sports/lenny-krieg-joins-green-bay-packers-practice-squad-ahead-of-week-1/","IN_SITEMAP","200 OK","YES","NO","YES","YES","CLASS A — INDEXABLE","CLASS F — UNKNOWN GOOGLE STATUS"
"https://thesamachardaily.in/articles/sports/lewandowski-says-real-madrid-look-stronger-under-mourinho-loyalty-to-barcelona-unchan/","src/articles/sports/lewandowski-says-real-madrid-look-stronger-under-mourinho-loyalty-to-barcelona-unchan.md","Sports","2026-09-02T23:05:21Z",245,"INDEX","https://thesamachardaily.in/articles/sports/lewandowski-says-real-madrid-look-stronger-under-mourinho-loyalty-to-barcelona-unchan/","IN_SITEMAP","200 OK","YES","NO","YES","YES","CLASS A — INDEXABLE","CLASS F — UNKNOWN GOOGLE STATUS"
"https://thesamachardaily.in/articles/sports/lightning-halts-clemson-unc-football-clash-at-home-stadium-due-to-lightning/","src/articles/sports/lightning-halts-clemson-unc-football-clash-at-home-stadium-due-to-lightning.md","Sports","2026-09-20T07:17:40Z",44,"INDEX","https://thesamachardaily.in/articles/sports/lightning-halts-clemson-unc-football-clash-at-home-stadium-due-to-lightning/","IN_SITEMAP","200 OK","YES","NO","YES","YES","CLASS A — INDEXABLE","CLASS F — UNKNOWN GOOGLE STATUS"
"https://thesamachardaily.in/articles/sports/lionel-messi-turns-the-clock-back-with-4-goals-as-inter-miami-run-riot-in-7-1-victory/","src/articles/sports/lionel-messi-turns-the-clock-back-with-4-goals-as-inter-miami-run-riot-in-7-1-victory.md","Sports","2026-08-30T18:36:52Z",255,"INDEX","https://thesamachardaily.in/articles/sports/lionel-messi-turns-the-clock-back-with-4-goals-as-inter-miami-run-riot-in-7-1-victory/","IN_SITEMAP","200 OK","YES","NO","YES","YES","CLASS A — INDEXABLE","CLASS F — UNKNOWN GOOGLE STATUS"
"https://thesamachardaily.in/articles/sports/lisa-baum-lights-up-arsenal-debut-with-early-goal-after-record-transfer/","src/articles/sports/lisa-baum-lights-up-arsenal-debut-with-early-goal-after-record-transfer.md","Sports","2026-09-07T07:07:12Z",360,"INDEX","https://thesamachardaily.in/articles/sports/lisa-baum-lights-up-arsenal-debut-with-early-goal-after-record-transfer/","IN_SITEMAP","200 OK","YES","NO","YES","YES","CLASS A — INDEXABLE","CLASS F — UNKNOWN GOOGLE STATUS"
"https://thesamachardaily.in/articles/sports/liverpool-basketball-appoints-veteran-nba-coach-roy-rogers-as-first-head-coach/","src/articles/sports/liverpool-basketball-appoints-veteran-nba-coach-roy-rogers-as-first-head-coach.md","Sports","2026-09-02T19:06:57Z",355,"INDEX","https://thesamachardaily.in/articles/sports/liverpool-basketball-appoints-veteran-nba-coach-roy-rogers-as-first-head-coach/","IN_SITEMAP","200 OK","YES","NO","YES","YES","CLASS A — INDEXABLE","CLASS F — UNKNOWN GOOGLE STATUS"
"https://thesamachardaily.in/articles/sports/liverpool-prospect-kieran-morrison-praised-for-hardwork-ethic-in-early-sheffield-wedn/","src/articles/sports/liverpool-prospect-kieran-morrison-praised-for-hardwork-ethic-in-early-sheffield-wedn.md","Sports","2026-09-09T23:19:49Z",238,"INDEX","https://thesamachardaily.in/articles/sports/liverpool-prospect-kieran-morrison-praised-for-hardwork-ethic-in-early-sheffield-wedn/","IN_SITEMAP","200 OK","YES","NO","YES","YES","CLASS A — INDEXABLE","CLASS F — UNKNOWN GOOGLE STATUS"
"https://thesamachardaily.in/articles/sports/logano-clinches-bristol-win-as-hocevars-third-place-sparks-pit-fight-with-blaney/","src/articles/sports/logano-clinches-bristol-win-as-hocevars-third-place-sparks-pit-fight-with-blaney.md","Sports","2026-09-20T15:17:19Z",76,"INDEX","https://thesamachardaily.in/articles/sports/logano-clinches-bristol-win-as-hocevars-third-place-sparks-pit-fight-with-blaney/","IN_SITEMAP","200 OK","YES","NO","YES","YES","CLASS A — INDEXABLE","CLASS F — UNKNOWN GOOGLE STATUS"
"https://thesamachardaily.in/articles/sports/ludhiana-lions-salil-arora-says-sherepunjab-t20-league-a-key-pathway-to-ipl-contracts/","src/articles/sports/ludhiana-lions-salil-arora-says-sherepunjab-t20-league-a-key-pathway-to-ipl-contracts.md","Sports","2026-09-11T03:05:10Z",282,"INDEX","https://thesamachardaily.in/articles/sports/ludhiana-lions-salil-arora-says-sherepunjab-t20-league-a-key-pathway-to-ipl-contracts/","IN_SITEMAP","200 OK","YES","NO","YES","YES","CLASS A — INDEXABLE","CLASS F — UNKNOWN GOOGLE STATUS"
"https://thesamachardaily.in/articles/sports/luke-murray-recruits-uconn-alums-and-dan-hurley-protg-to-boston-college-staff/","src/articles/sports/luke-murray-recruits-uconn-alums-and-dan-hurley-protg-to-boston-college-staff.md","Sports","2026-09-01T13:06:01Z",411,"INDEX","https://thesamachardaily.in/articles/sports/luke-murray-recruits-uconn-alums-and-dan-hurley-protg-to-boston-college-staff/","IN_SITEMAP","200 OK","YES","NO","YES","YES","CLASS A — INDEXABLE","CLASS F — UNKNOWN GOOGLE STATUS"
"https://thesamachardaily.in/articles/sports/maddie-geritz-returns-to-hilltop-as-assistant-coach-for-womens-basketball/","src/articles/sports/maddie-geritz-returns-to-hilltop-as-assistant-coach-for-womens-basketball.md","Sports","2026-09-04T05:05:17Z",339,"INDEX","https://thesamachardaily.in/articles/sports/maddie-geritz-returns-to-hilltop-as-assistant-coach-for-womens-basketball/","IN_SITEMAP","200 OK","NO","NO","YES","YES","CLASS A — INDEXABLE","CLASS F — UNKNOWN GOOGLE STATUS"
"https://thesamachardaily.in/articles/sports/man-united-cite-dowman-rooney-claims-in-jj-gabriels-transfer-request/","src/articles/sports/man-united-cite-dowman-rooney-claims-in-jj-gabriels-transfer-request.md","Sports","2026-09-22T09:17:20Z",119,"INDEX","https://thesamachardaily.in/articles/sports/man-united-cite-dowman-rooney-claims-in-jj-gabriels-transfer-request/","IN_SITEMAP","200 OK","YES","NO","YES","YES","CLASS A — INDEXABLE","CLASS F — UNKNOWN GOOGLE STATUS"
"https://thesamachardaily.in/articles/sports/man-united-contact-bundesliga-giants-over-86m-midfield-swoop-in-january/","src/articles/sports/man-united-contact-bundesliga-giants-over-86m-midfield-swoop-in-january.md","Sports","2026-09-07T17:07:27Z",368,"INDEX","https://thesamachardaily.in/articles/sports/man-united-contact-bundesliga-giants-over-86m-midfield-swoop-in-january/","IN_SITEMAP","200 OK","YES","NO","YES","YES","CLASS A — INDEXABLE","CLASS F — UNKNOWN GOOGLE STATUS"
"https://thesamachardaily.in/articles/sports/man-utd-squad-overhaul-leaves-four-survivors-ahead-of-champions-league-opener-against/","src/articles/sports/man-utd-squad-overhaul-leaves-four-survivors-ahead-of-champions-league-opener-against.md","Sports","2026-09-10T22:27:03Z",214,"INDEX","https://thesamachardaily.in/articles/sports/man-utd-squad-overhaul-leaves-four-survivors-ahead-of-champions-league-opener-against/","IN_SITEMAP","200 OK","YES","NO","YES","YES","CLASS A — INDEXABLE","CLASS F — UNKNOWN GOOGLE STATUS"
"https://thesamachardaily.in/articles/sports/manchester-city-in-talks-to-sign-liverpools-cody-gakpo-report/","src/articles/sports/manchester-city-in-talks-to-sign-liverpools-cody-gakpo-report.md","Sports","2026-08-30T09:06:14Z",152,"INDEX","https://thesamachardaily.in/articles/sports/manchester-city-in-talks-to-sign-liverpools-cody-gakpo-report/","IN_SITEMAP","200 OK","YES","NO","YES","YES","CLASS A — INDEXABLE","CLASS F — UNKNOWN GOOGLE STATUS"
"https://thesamachardaily.in/articles/sports/maresca-cites-past-derby-offside-dispute-as-pro-ref-apologises-for-haaland-goal/","src/articles/sports/maresca-cites-past-derby-offside-dispute-as-pro-ref-apologises-for-haaland-goal.md","Sports","2026-09-17T01:17:31Z",161,"INDEX","https://thesamachardaily.in/articles/sports/maresca-cites-past-derby-offside-dispute-as-pro-ref-apologises-for-haaland-goal/","IN_SITEMAP","200 OK","NO","NO","YES","YES","CLASS A — INDEXABLE","CLASS F — UNKNOWN GOOGLE STATUS"
"https://thesamachardaily.in/articles/sports/marlins-eager-to-take-advantage-of-schedule-in-opener-vs-nationals/","src/articles/sports/marlins-eager-to-take-advantage-of-schedule-in-opener-vs-nationals.md","Sports","2026-08-28T23:37:27Z",256,"INDEX","https://thesamachardaily.in/articles/sports/marlins-eager-to-take-advantage-of-schedule-in-opener-vs-nationals/","IN_SITEMAP","200 OK","YES","NO","YES","YES","CLASS A — INDEXABLE","CLASS F — UNKNOWN GOOGLE STATUS"
"https://thesamachardaily.in/articles/sports/marquette-tops-inaugural-area-boys-soccer-power-rankings/","src/articles/sports/marquette-tops-inaugural-area-boys-soccer-power-rankings.md","Sports","2026-09-10T03:19:50Z",161,"INDEX","https://thesamachardaily.in/articles/sports/marquette-tops-inaugural-area-boys-soccer-power-rankings/","IN_SITEMAP","200 OK","YES","NO","YES","YES","CLASS A — INDEXABLE","CLASS F — UNKNOWN GOOGLE STATUS"
"https://thesamachardaily.in/articles/sports/mayo-tops-se-minnesota-soccer-rankings-after-late-win-over-john-marshall/","src/articles/sports/mayo-tops-se-minnesota-soccer-rankings-after-late-win-over-john-marshall.md","Sports","2026-09-20T05:17:19Z",101,"INDEX","https://thesamachardaily.in/articles/sports/mayo-tops-se-minnesota-soccer-rankings-after-late-win-over-john-marshall/","IN_SITEMAP","200 OK","NO","NO","YES","YES","CLASS A — INDEXABLE","CLASS F — UNKNOWN GOOGLE STATUS"
"https://thesamachardaily.in/articles/sports/mcac-crossover-norse-secure-single-win-in-four-matches-during-tournament-run/","src/articles/sports/mcac-crossover-norse-secure-single-win-in-four-matches-during-tournament-run.md","Sports","2026-09-01T07:13:28Z",320,"INDEX","https://thesamachardaily.in/articles/sports/mcac-crossover-norse-secure-single-win-in-four-matches-during-tournament-run/","IN_SITEMAP","200 OK","YES","NO","YES","YES","CLASS A — INDEXABLE","CLASS F — UNKNOWN GOOGLE STATUS"
"https://thesamachardaily.in/articles/sports/mets-edge-marlins-15-14-in-thriller-guided-by-lindor-and-morel/","src/articles/sports/mets-edge-marlins-15-14-in-thriller-guided-by-lindor-and-morel.md","Sports","2026-09-10T15:19:56Z",177,"INDEX","https://thesamachardaily.in/articles/sports/mets-edge-marlins-15-14-in-thriller-guided-by-lindor-and-morel/","IN_SITEMAP","200 OK","NO","NO","YES","YES","CLASS A — INDEXABLE","CLASS F — UNKNOWN GOOGLE STATUS"
"https://thesamachardaily.in/articles/sports/minnesota-united-transfer-window-graded-failing-after-only-three-signings/","src/articles/sports/minnesota-united-transfer-window-graded-failing-after-only-three-signings.md","Sports","2026-09-05T09:07:15Z",395,"INDEX","https://thesamachardaily.in/articles/sports/minnesota-united-transfer-window-graded-failing-after-only-three-signings/","IN_SITEMAP","200 OK","YES","NO","YES","YES","CLASS A — INDEXABLE","CLASS F — UNKNOWN GOOGLE STATUS"
"https://thesamachardaily.in/articles/sports/mizutani-why-is-vikings-quarterback-jj-mccarthy-so-polarizing/","src/articles/sports/mizutani-why-is-vikings-quarterback-jj-mccarthy-so-polarizing.md","Sports","2026-08-29T13:00:17Z",147,"INDEX","https://thesamachardaily.in/articles/sports/mizutani-why-is-vikings-quarterback-jj-mccarthy-so-polarizing/","IN_SITEMAP","200 OK","YES","NO","YES","YES","CLASS A — INDEXABLE","CLASS F — UNKNOWN GOOGLE STATUS"
"https://thesamachardaily.in/articles/sports/mlb-round-up-dodgers-edge-cardinals-in-thriller-rangers-cruise-as-blue-jays-astros-re/","src/articles/sports/mlb-round-up-dodgers-edge-cardinals-in-thriller-rangers-cruise-as-blue-jays-astros-re.md","Sports","2026-09-04T21:05:39Z",287,"INDEX","https://thesamachardaily.in/articles/sports/mlb-round-up-dodgers-edge-cardinals-in-thriller-rangers-cruise-as-blue-jays-astros-re/","IN_SITEMAP","200 OK","YES","NO","YES","YES","CLASS A — INDEXABLE","CLASS F — UNKNOWN GOOGLE STATUS"
"https://thesamachardaily.in/articles/sports/mma-mania-publishes-sunday-open-thread-on-september-6-2026-edition/","src/articles/sports/mma-mania-publishes-sunday-open-thread-on-september-6-2026-edition.md","Sports","2026-09-07T01:07:38Z",417,"INDEX","https://thesamachardaily.in/articles/sports/mma-mania-publishes-sunday-open-thread-on-september-6-2026-edition/","IN_SITEMAP","200 OK","YES","NO","YES","YES","CLASS A — INDEXABLE","CLASS F — UNKNOWN GOOGLE STATUS"
"https://thesamachardaily.in/articles/sports/mourinho-at-a-loss-to-explain-real-madrids-shock-1-0-defeat-at-real-betis/","src/articles/sports/mourinho-at-a-loss-to-explain-real-madrids-shock-1-0-defeat-at-real-betis.md","Sports","2026-09-05T17:05:37Z",320,"INDEX","https://thesamachardaily.in/articles/sports/mourinho-at-a-loss-to-explain-real-madrids-shock-1-0-defeat-at-real-betis/","IN_SITEMAP","200 OK","YES","NO","YES","YES","CLASS A — INDEXABLE","CLASS F — UNKNOWN GOOGLE STATUS"
"https://thesamachardaily.in/articles/sports/mourinho-lauds-f1-passion-at-madring-circuit-ahead-of-spanish-grand-prix/","src/articles/sports/mourinho-lauds-f1-passion-at-madring-circuit-ahead-of-spanish-grand-prix.md","Sports","2026-09-18T23:17:18Z",166,"INDEX","https://thesamachardaily.in/articles/sports/mourinho-lauds-f1-passion-at-madring-circuit-ahead-of-spanish-grand-prix/","IN_SITEMAP","200 OK","YES","NO","YES","YES","CLASS A — INDEXABLE","CLASS F — UNKNOWN GOOGLE STATUS"
"https://thesamachardaily.in/articles/sports/ms-dhoni-backs-hemang-badani-for-csk-head-coach-role-after-fleming-exit/","src/articles/sports/ms-dhoni-backs-hemang-badani-for-csk-head-coach-role-after-fleming-exit.md","Sports","2026-09-11T01:06:04Z",329,"INDEX","https://thesamachardaily.in/articles/sports/ms-dhoni-backs-hemang-badani-for-csk-head-coach-role-after-fleming-exit/","IN_SITEMAP","200 OK","YES","NO","YES","YES","CLASS A — INDEXABLE","CLASS F — UNKNOWN GOOGLE STATUS"
"https://thesamachardaily.in/articles/sports/namibia-stun-south-africa-by-18-runs-in-tri-nation-t20i-opener/","src/articles/sports/namibia-stun-south-africa-by-18-runs-in-tri-nation-t20i-opener.md","Sports","2026-08-29T05:13:18Z",215,"INDEX","https://thesamachardaily.in/articles/sports/namibia-stun-south-africa-by-18-runs-in-tri-nation-t20i-opener/","IN_SITEMAP","200 OK","NO","NO","YES","YES","CLASS A — INDEXABLE","CLASS F — UNKNOWN GOOGLE STATUS"
"https://thesamachardaily.in/articles/sports/nba-summer-league-stars-coin-champions-arent-made-in-a-lab-quote-on-authenticity/","src/articles/sports/nba-summer-league-stars-coin-champions-arent-made-in-a-lab-quote-on-authenticity.md","Sports","2026-09-09T21:20:06Z",337,"INDEX","https://thesamachardaily.in/articles/sports/nba-summer-league-stars-coin-champions-arent-made-in-a-lab-quote-on-authenticity/","IN_SITEMAP","200 OK","NO","NO","YES","YES","CLASS A — INDEXABLE","CLASS F — UNKNOWN GOOGLE STATUS"
"https://thesamachardaily.in/articles/sports/nebraska-athletics-pitches-conventioncenter-move-beside-memorial-stadium-to-gov-pille/","src/articles/sports/nebraska-athletics-pitches-conventioncenter-move-beside-memorial-stadium-to-gov-pille.md","Sports","2026-09-06T23:05:15Z",261,"INDEX","https://thesamachardaily.in/articles/sports/nebraska-athletics-pitches-conventioncenter-move-beside-memorial-stadium-to-gov-pille/","IN_SITEMAP","200 OK","YES","NO","YES","YES","CLASS A — INDEXABLE","CLASS F — UNKNOWN GOOGLE STATUS"
"https://thesamachardaily.in/articles/sports/newcastle-sets-asking-price-for-lewis-hall-as-united-eye-deadline-deal/","src/articles/sports/newcastle-sets-asking-price-for-lewis-hall-as-united-eye-deadline-deal.md","Sports","2026-09-01T19:05:20Z",347,"INDEX","https://thesamachardaily.in/articles/sports/newcastle-sets-asking-price-for-lewis-hall-as-united-eye-deadline-deal/","IN_SITEMAP","200 OK","YES","NO","YES","YES","CLASS A — INDEXABLE","CLASS F — UNKNOWN GOOGLE STATUS"
"https://thesamachardaily.in/articles/sports/nfl-week-1-2026-viewership-drops-13-despite-schedule-changes/","src/articles/sports/nfl-week-1-2026-viewership-drops-13-despite-schedule-changes.md","Sports","2026-09-18T07:19:37Z",194,"INDEX","https://thesamachardaily.in/articles/sports/nfl-week-1-2026-viewership-drops-13-despite-schedule-changes/","IN_SITEMAP","200 OK","YES","NO","YES","YES","CLASS A — INDEXABLE","CLASS F — UNKNOWN GOOGLE STATUS"
"https://thesamachardaily.in/articles/sports/nico-oreilly-and-phil-foden-nominated-for-premier-league-moment-of-the-match-award/","src/articles/sports/nico-oreilly-and-phil-foden-nominated-for-premier-league-moment-of-the-match-award.md","Sports","2026-09-04T23:05:14Z",293,"INDEX","https://thesamachardaily.in/articles/sports/nico-oreilly-and-phil-foden-nominated-for-premier-league-moment-of-the-match-award/","IN_SITEMAP","200 OK","YES","NO","YES","YES","CLASS A — INDEXABLE","CLASS F — UNKNOWN GOOGLE STATUS"
"https://thesamachardaily.in/articles/sports/no-9-ole-miss-battles-no-24-louisville-in-nashville-top-25-season-opener/","src/articles/sports/no-9-ole-miss-battles-no-24-louisville-in-nashville-top-25-season-opener.md","Sports","2026-09-07T03:05:57Z",210,"INDEX","https://thesamachardaily.in/articles/sports/no-9-ole-miss-battles-no-24-louisville-in-nashville-top-25-season-opener/","IN_SITEMAP","200 OK","YES","NO","YES","YES","CLASS A — INDEXABLE","CLASS F — UNKNOWN GOOGLE STATUS"
"https://thesamachardaily.in/articles/sports/norris-on-pole-as-hamiltons-brake-failure-ends-his-spanish-gp-run/","src/articles/sports/norris-on-pole-as-hamiltons-brake-failure-ends-his-spanish-gp-run.md","Sports","2026-09-14T01:17:18Z",53,"INDEX","https://thesamachardaily.in/articles/sports/norris-on-pole-as-hamiltons-brake-failure-ends-his-spanish-gp-run/","IN_SITEMAP","200 OK","YES","NO","YES","YES","CLASS A — INDEXABLE","CLASS F — UNKNOWN GOOGLE STATUS"
"https://thesamachardaily.in/articles/sports/oklahoma-state-appoints-seven-captains-for-2026-most-hail-from-north-texas/","src/articles/sports/oklahoma-state-appoints-seven-captains-for-2026-most-hail-from-north-texas.md","Sports","2026-09-04T03:05:18Z",292,"INDEX","https://thesamachardaily.in/articles/sports/oklahoma-state-appoints-seven-captains-for-2026-most-hail-from-north-texas/","IN_SITEMAP","200 OK","YES","NO","YES","YES","CLASS A — INDEXABLE","CLASS F — UNKNOWN GOOGLE STATUS"
"https://thesamachardaily.in/articles/sports/ole-miss-rolls-past-charlotte-41-9-in-a-comfortable-dominant-win/","src/articles/sports/ole-miss-rolls-past-charlotte-41-9-in-a-comfortable-dominant-win.md","Sports","2026-09-13T15:05:05Z",63,"INDEX","https://thesamachardaily.in/articles/sports/ole-miss-rolls-past-charlotte-41-9-in-a-comfortable-dominant-win/","IN_SITEMAP","200 OK","YES","NO","YES","YES","CLASS A — INDEXABLE","CLASS F — UNKNOWN GOOGLE STATUS"
"https://thesamachardaily.in/articles/sports/olid-blasts-manchester-united-womens-not-ourselves-display-in-london-city-loss/","src/articles/sports/olid-blasts-manchester-united-womens-not-ourselves-display-in-london-city-loss.md","Sports","2026-09-05T19:05:40Z",357,"INDEX","https://thesamachardaily.in/articles/sports/olid-blasts-manchester-united-womens-not-ourselves-display-in-london-city-loss/","IN_SITEMAP","200 OK","YES","NO","YES","YES","CLASS A — INDEXABLE","CLASS F — UNKNOWN GOOGLE STATUS"
"https://thesamachardaily.in/articles/sports/osaka-outlasts-mertens-in-late-night-us-open-thriller-admits-i-was-playing-terribly/","src/articles/sports/osaka-outlasts-mertens-in-late-night-us-open-thriller-admits-i-was-playing-terribly.md","Sports","2026-09-06T17:05:42Z",360,"INDEX","https://thesamachardaily.in/articles/sports/osaka-outlasts-mertens-in-late-night-us-open-thriller-admits-i-was-playing-terribly/","IN_SITEMAP","200 OK","YES","NO","YES","YES","CLASS A — INDEXABLE","CLASS F — UNKNOWN GOOGLE STATUS"
"https://thesamachardaily.in/articles/sports/pat-cummins-supports-former-international-captains-joint-plea-for-ex-pakistan-pm/","src/articles/sports/pat-cummins-supports-former-international-captains-joint-plea-for-ex-pakistan-pm.md","Sports","2026-08-28T23:48:52Z",251,"INDEX","https://thesamachardaily.in/articles/sports/pat-cummins-supports-former-international-captains-joint-plea-for-ex-pakistan-pm/","IN_SITEMAP","200 OK","YES","NO","YES","YES","CLASS A — INDEXABLE","CLASS F — UNKNOWN GOOGLE STATUS"
"https://thesamachardaily.in/articles/sports/pcb-wanted-pakistan-cricket-team-to-boycott-test-series-with-england-over-broadc/","src/articles/sports/pcb-wanted-pakistan-cricket-team-to-boycott-test-series-with-england-over-broadc.md","Sports","2026-08-29T03:13:35Z",232,"INDEX","https://thesamachardaily.in/articles/sports/pcb-wanted-pakistan-cricket-team-to-boycott-test-series-with-england-over-broadc/","IN_SITEMAP","200 OK","YES","NO","YES","YES","CLASS A — INDEXABLE","CLASS F — UNKNOWN GOOGLE STATUS"
"https://thesamachardaily.in/articles/sports/pelicans-sign-guard-markquis-nowell-to-exhibit10-deal-set-for-gleague-squad/","src/articles/sports/pelicans-sign-guard-markquis-nowell-to-exhibit10-deal-set-for-gleague-squad.md","Sports","2026-09-20T01:17:34Z",93,"INDEX","https://thesamachardaily.in/articles/sports/pelicans-sign-guard-markquis-nowell-to-exhibit10-deal-set-for-gleague-squad/","IN_SITEMAP","200 OK","NO","NO","YES","YES","CLASS A — INDEXABLE","CLASS F — UNKNOWN GOOGLE STATUS"
"https://thesamachardaily.in/articles/sports/pete-crow-armstrong-etches-name-in-cubs-history-with-rare-40-hr-season/","src/articles/sports/pete-crow-armstrong-etches-name-in-cubs-history-with-rare-40-hr-season.md","Sports","2026-09-07T15:06:04Z",257,"INDEX","https://thesamachardaily.in/articles/sports/pete-crow-armstrong-etches-name-in-cubs-history-with-rare-40-hr-season/","IN_SITEMAP","200 OK","YES","NO","YES","YES","CLASS A — INDEXABLE","CLASS F — UNKNOWN GOOGLE STATUS"
"https://thesamachardaily.in/articles/sports/peterborough-united-expected-to-sign-a-ball-playing-ball-winning-aston-villa-centre-b/","src/articles/sports/peterborough-united-expected-to-sign-a-ball-playing-ball-winning-aston-villa-centre-b.md","Sports","2026-08-31T00:36:56Z",366,"INDEX","https://thesamachardaily.in/articles/sports/peterborough-united-expected-to-sign-a-ball-playing-ball-winning-aston-villa-centre-b/","IN_SITEMAP","200 OK","YES","NO","YES","YES","CLASS A — INDEXABLE","CLASS F — UNKNOWN GOOGLE STATUS"
"https://thesamachardaily.in/articles/sports/praggnanandhaa-creates-history-becomes-first-indian-to-win-grand-chess-tour/","src/articles/sports/praggnanandhaa-creates-history-becomes-first-indian-to-win-grand-chess-tour.md","Sports","2026-08-29T08:15:45Z",224,"INDEX","https://thesamachardaily.in/articles/sports/praggnanandhaa-creates-history-becomes-first-indian-to-win-grand-chess-tour/","IN_SITEMAP","200 OK","YES","NO","YES","YES","CLASS A — INDEXABLE","CLASS F — UNKNOWN GOOGLE STATUS"
"https://thesamachardaily.in/articles/sports/prep-boys-soccer-hurricane-proving-itself-in-pursuit-of-another-title-run/","src/articles/sports/prep-boys-soccer-hurricane-proving-itself-in-pursuit-of-another-title-run.md","Sports","2026-08-29T11:00:15Z",108,"NOINDEX","https://thesamachardaily.in/articles/sports/prep-boys-soccer-hurricane-proving-itself-in-pursuit-of-another-title-run/","OMITTED","200 OK","YES","NO","YES","YES","CLASS B — INTENTIONALLY NOINDEX","CLASS F — UNKNOWN GOOGLE STATUS"
"https://thesamachardaily.in/articles/sports/prep-football-roundup-raetz-gets-his-100th-northview-victory-mclawyer-scores-5-tds-as/","src/articles/sports/prep-football-roundup-raetz-gets-his-100th-northview-victory-mclawyer-scores-5-tds-as.md","Sports","2026-08-30T15:02:25Z",148,"NOINDEX","https://thesamachardaily.in/articles/sports/prep-football-roundup-raetz-gets-his-100th-northview-victory-mclawyer-scores-5-tds-as/","OMITTED","200 OK","YES","NO","YES","YES","CLASS B — INTENTIONALLY NOINDEX","CLASS F — UNKNOWN GOOGLE STATUS"
"https://thesamachardaily.in/articles/sports/preston-north-end-advancing-in-talks-to-re-sign-former-club-captain/","src/articles/sports/preston-north-end-advancing-in-talks-to-re-sign-former-club-captain.md","Sports","2026-09-01T01:12:11Z",314,"INDEX","https://thesamachardaily.in/articles/sports/preston-north-end-advancing-in-talks-to-re-sign-former-club-captain/","IN_SITEMAP","200 OK","YES","NO","YES","YES","CLASS A — INDEXABLE","CLASS F — UNKNOWN GOOGLE STATUS"
"https://thesamachardaily.in/articles/sports/protesters-ejected-from-irish-open-seventh-green-as-trump-arrives/","src/articles/sports/protesters-ejected-from-irish-open-seventh-green-as-trump-arrives.md","Sports","2026-09-13T19:17:20Z",38,"INDEX","https://thesamachardaily.in/articles/sports/protesters-ejected-from-irish-open-seventh-green-as-trump-arrives/","IN_SITEMAP","200 OK","YES","NO","YES","YES","CLASS A — INDEXABLE","CLASS F — UNKNOWN GOOGLE STATUS"
"https://thesamachardaily.in/articles/sports/rams-expect-nacua-and-jackson-to-face-49ers-in-melbourne-despite-off-field-issues/","src/articles/sports/rams-expect-nacua-and-jackson-to-face-49ers-in-melbourne-despite-off-field-issues.md","Sports","2026-09-07T13:06:06Z",391,"INDEX","https://thesamachardaily.in/articles/sports/rams-expect-nacua-and-jackson-to-face-49ers-in-melbourne-despite-off-field-issues/","IN_SITEMAP","200 OK","YES","NO","YES","YES","CLASS A — INDEXABLE","CLASS F — UNKNOWN GOOGLE STATUS"
"https://thesamachardaily.in/articles/sports/rangers-champion-greg-stewart-slams-celtics-title-claim-joins-derek-mcinnes-express-t/","src/articles/sports/rangers-champion-greg-stewart-slams-celtics-title-claim-joins-derek-mcinnes-express-t.md","Sports","2026-09-09T19:19:47Z",265,"INDEX","https://thesamachardaily.in/articles/sports/rangers-champion-greg-stewart-slams-celtics-title-claim-joins-derek-mcinnes-express-t/","IN_SITEMAP","200 OK","YES","NO","YES","YES","CLASS A — INDEXABLE","CLASS F — UNKNOWN GOOGLE STATUS"
"https://thesamachardaily.in/articles/sports/rangers-near-return-of-key-bullpen-arm-as-peyton-gray-shows-full-velocity/","src/articles/sports/rangers-near-return-of-key-bullpen-arm-as-peyton-gray-shows-full-velocity.md","Sports","2026-09-20T11:17:18Z",56,"INDEX","https://thesamachardaily.in/articles/sports/rangers-near-return-of-key-bullpen-arm-as-peyton-gray-shows-full-velocity/","IN_SITEMAP","200 OK","YES","NO","YES","YES","CLASS A — INDEXABLE","CLASS F — UNKNOWN GOOGLE STATUS"
"https://thesamachardaily.in/articles/sports/rangers-seal-loan-deal-for-winger-bouanani-to-complete-14-player-summer-overhaul/","src/articles/sports/rangers-seal-loan-deal-for-winger-bouanani-to-complete-14-player-summer-overhaul.md","Sports","2026-09-04T07:06:24Z",234,"INDEX","https://thesamachardaily.in/articles/sports/rangers-seal-loan-deal-for-winger-bouanani-to-complete-14-player-summer-overhaul/","IN_SITEMAP","200 OK","YES","NO","YES","YES","CLASS A — INDEXABLE","CLASS F — UNKNOWN GOOGLE STATUS"
"https://thesamachardaily.in/articles/sports/rb-leipzig-chief-confirms-christopher-nkunku-rejected-late-manchester-united-transfer/","src/articles/sports/rb-leipzig-chief-confirms-christopher-nkunku-rejected-late-manchester-united-transfer.md","Sports","2026-09-06T19:05:44Z",326,"INDEX","https://thesamachardaily.in/articles/sports/rb-leipzig-chief-confirms-christopher-nkunku-rejected-late-manchester-united-transfer/","IN_SITEMAP","200 OK","YES","NO","YES","YES","CLASS A — INDEXABLE","CLASS F — UNKNOWN GOOGLE STATUS"
"https://thesamachardaily.in/articles/sports/riq-woolen-blanks-four-targets-in-dominant-eagles-debut-performance/","src/articles/sports/riq-woolen-blanks-four-targets-in-dominant-eagles-debut-performance.md","Sports","2026-09-16T11:17:18Z",67,"INDEX","https://thesamachardaily.in/articles/sports/riq-woolen-blanks-four-targets-in-dominant-eagles-debut-performance/","IN_SITEMAP","200 OK","YES","NO","YES","YES","CLASS A — INDEXABLE","CLASS F — UNKNOWN GOOGLE STATUS"
"https://thesamachardaily.in/articles/sports/roadsters-pitching-stifles-coast-series-tied-in-playoff-showdown/","src/articles/sports/roadsters-pitching-stifles-coast-series-tied-in-playoff-showdown.md","Sports","2026-09-13T07:05:05Z",46,"INDEX","https://thesamachardaily.in/articles/sports/roadsters-pitching-stifles-coast-series-tied-in-playoff-showdown/","IN_SITEMAP","200 OK","NO","NO","YES","YES","CLASS A — INDEXABLE","CLASS F — UNKNOWN GOOGLE STATUS"
"https://thesamachardaily.in/articles/sports/robinson-tongue-boost-englands-lead-with-standout-performances-in-pakistan-tests/","src/articles/sports/robinson-tongue-boost-englands-lead-with-standout-performances-in-pakistan-tests.md","Sports","2026-09-02T21:05:16Z",273,"INDEX","https://thesamachardaily.in/articles/sports/robinson-tongue-boost-englands-lead-with-standout-performances-in-pakistan-tests/","IN_SITEMAP","200 OK","YES","NO","YES","YES","CLASS A — INDEXABLE","CLASS F — UNKNOWN GOOGLE STATUS"
"https://thesamachardaily.in/articles/sports/rockport-high-golf-team-shows-strong-start-in-fall-season-preview/","src/articles/sports/rockport-high-golf-team-shows-strong-start-in-fall-season-preview.md","Sports","2026-09-07T21:06:13Z",350,"INDEX","https://thesamachardaily.in/articles/sports/rockport-high-golf-team-shows-strong-start-in-fall-season-preview/","IN_SITEMAP","200 OK","YES","NO","YES","YES","CLASS A — INDEXABLE","CLASS F — UNKNOWN GOOGLE STATUS"
"https://thesamachardaily.in/articles/sports/rohit-sharma-dons-noncommittal-tee-ahead-of-sony-liv-gameshow-debut-fans-read-it-as-j/","src/articles/sports/rohit-sharma-dons-noncommittal-tee-ahead-of-sony-liv-gameshow-debut-fans-read-it-as-j.md","Sports","2026-09-10T19:19:51Z",445,"INDEX","https://thesamachardaily.in/articles/sports/rohit-sharma-dons-noncommittal-tee-ahead-of-sony-liv-gameshow-debut-fans-read-it-as-j/","IN_SITEMAP","200 OK","NO","NO","YES","YES","CLASS A — INDEXABLE","CLASS F — UNKNOWN GOOGLE STATUS"
"https://thesamachardaily.in/articles/sports/rohit-sharmas-world-cup-prospects-in-focus-as-selectors-convene-for-west-indies-odis/","src/articles/sports/rohit-sharmas-world-cup-prospects-in-focus-as-selectors-convene-for-west-indies-odis.md","Sports","2026-09-16T17:17:19Z",99,"INDEX","https://thesamachardaily.in/articles/sports/rohit-sharmas-world-cup-prospects-in-focus-as-selectors-convene-for-west-indies-odis/","IN_SITEMAP","200 OK","YES","NO","YES","YES","CLASS A — INDEXABLE","CLASS F — UNKNOWN GOOGLE STATUS"
"https://thesamachardaily.in/articles/sports/ronnie-osullivans-private-texts-surface-after-english-open-pullout/","src/articles/sports/ronnie-osullivans-private-texts-surface-after-english-open-pullout.md","Sports","2026-09-12T01:05:09Z",58,"NOINDEX","https://thesamachardaily.in/articles/sports/ronnie-osullivans-private-texts-surface-after-english-open-pullout/","OMITTED","200 OK","YES","NO","YES","YES","CLASS B — INTENTIONALLY NOINDEX","CLASS F — UNKNOWN GOOGLE STATUS"
"https://thesamachardaily.in/articles/sports/royals-hand-red-sox-third-consecutive-defeat-as-seth-lugo-records-first-career-win/","src/articles/sports/royals-hand-red-sox-third-consecutive-defeat-as-seth-lugo-records-first-career-win.md","Sports","2026-09-12T13:05:11Z",30,"NOINDEX","https://thesamachardaily.in/articles/sports/royals-hand-red-sox-third-consecutive-defeat-as-seth-lugo-records-first-career-win/","OMITTED","200 OK","NO","NO","YES","YES","CLASS B — INTENTIONALLY NOINDEX","CLASS F — UNKNOWN GOOGLE STATUS"
"https://thesamachardaily.in/articles/sports/rumesh-tharanga-pathirage-becomes-first-sri-lankan-to-win-diamond-league-javelin-titl/","src/articles/sports/rumesh-tharanga-pathirage-becomes-first-sri-lankan-to-win-diamond-league-javelin-titl.md","Sports","2026-09-07T19:05:14Z",295,"INDEX","https://thesamachardaily.in/articles/sports/rumesh-tharanga-pathirage-becomes-first-sri-lankan-to-win-diamond-league-javelin-titl/","IN_SITEMAP","200 OK","YES","NO","YES","YES","CLASS A — INDEXABLE","CLASS F — UNKNOWN GOOGLE STATUS"
"https://thesamachardaily.in/articles/sports/russell-tops-final-practice-at-italian-gp-as-hamilton-verstappen-feud-reignites/","src/articles/sports/russell-tops-final-practice-at-italian-gp-as-hamilton-verstappen-feud-reignites.md","Sports","2026-09-06T03:05:35Z",295,"INDEX","https://thesamachardaily.in/articles/sports/russell-tops-final-practice-at-italian-gp-as-hamilton-verstappen-feud-reignites/","IN_SITEMAP","200 OK","YES","NO","YES","YES","CLASS A — INDEXABLE","CLASS F — UNKNOWN GOOGLE STATUS"
"https://thesamachardaily.in/articles/sports/sa-vs-aus-kagiso-rabada-injury-update-south-africa-pacer-likely-to-miss-entire-austra/","src/articles/sports/sa-vs-aus-kagiso-rabada-injury-update-south-africa-pacer-likely-to-miss-entire-austra.md","Sports","2026-08-30T20:37:16Z",383,"INDEX","https://thesamachardaily.in/articles/sports/sa-vs-aus-kagiso-rabada-injury-update-south-africa-pacer-likely-to-miss-entire-austra/","IN_SITEMAP","200 OK","YES","NO","YES","YES","CLASS A — INDEXABLE","CLASS F — UNKNOWN GOOGLE STATUS"
"https://thesamachardaily.in/articles/sports/saka-strikes-as-arsenal-edge-past-aston-villa-to-extend-premier-league-run/","src/articles/sports/saka-strikes-as-arsenal-edge-past-aston-villa-to-extend-premier-league-run.md","Sports","2026-09-01T09:03:03Z",317,"INDEX","https://thesamachardaily.in/articles/sports/saka-strikes-as-arsenal-edge-past-aston-villa-to-extend-premier-league-run/","IN_SITEMAP","200 OK","YES","NO","YES","YES","CLASS A — INDEXABLE","CLASS F — UNKNOWN GOOGLE STATUS"
"https://thesamachardaily.in/articles/sports/samson-sharma-blaze-as-india-chase-down-160-to-seal-2-0-lead-over-afghanistan/","src/articles/sports/samson-sharma-blaze-as-india-chase-down-160-to-seal-2-0-lead-over-afghanistan.md","Sports","2026-09-16T05:17:23Z",159,"INDEX","https://thesamachardaily.in/articles/sports/samson-sharma-blaze-as-india-chase-down-160-to-seal-2-0-lead-over-afghanistan/","IN_SITEMAP","200 OK","YES","NO","YES","YES","CLASS A — INDEXABLE","CLASS F — UNKNOWN GOOGLE STATUS"
"https://thesamachardaily.in/articles/sports/sandeep-patil-says-rohit-sharma-virat-kohlis-inclusion-poses-no-issue-for-2027-world/","src/articles/sports/sandeep-patil-says-rohit-sharma-virat-kohlis-inclusion-poses-no-issue-for-2027-world.md","Sports","2026-09-21T17:17:22Z",48,"INDEX","https://thesamachardaily.in/articles/sports/sandeep-patil-says-rohit-sharma-virat-kohlis-inclusion-poses-no-issue-for-2027-world/","IN_SITEMAP","200 OK","YES","NO","YES","YES","CLASS A — INDEXABLE","CLASS F — UNKNOWN GOOGLE STATUS"
"https://thesamachardaily.in/articles/sports/sankara-nethralaya-detroit-chapter-5k-walk/","src/articles/sports/sankara-nethralaya-detroit-chapter-5k-walk.md","Sports","2026-08-29T04:13:53Z",253,"INDEX","https://thesamachardaily.in/articles/sports/sankara-nethralaya-detroit-chapter-5k-walk/","IN_SITEMAP","200 OK","NO","NO","YES","YES","CLASS A — INDEXABLE","CLASS F — UNKNOWN GOOGLE STATUS"
"https://thesamachardaily.in/articles/sports/seckinger-returns-from-bye-week-to-host-unbeaten-villa-rica/","src/articles/sports/seckinger-returns-from-bye-week-to-host-unbeaten-villa-rica.md","Sports","2026-09-11T07:07:23Z",345,"INDEX","https://thesamachardaily.in/articles/sports/seckinger-returns-from-bye-week-to-host-unbeaten-villa-rica/","IN_SITEMAP","200 OK","YES","NO","YES","YES","CLASS A — INDEXABLE","CLASS F — UNKNOWN GOOGLE STATUS"
"https://thesamachardaily.in/articles/sports/second-division-county-cricket-michael-vaughan-tears-into-pakistans-batting-horror-at/","src/articles/sports/second-division-county-cricket-michael-vaughan-tears-into-pakistans-batting-horror-at.md","Sports","2026-08-30T22:37:25Z",332,"INDEX","https://thesamachardaily.in/articles/sports/second-division-county-cricket-michael-vaughan-tears-into-pakistans-batting-horror-at/","IN_SITEMAP","200 OK","YES","NO","YES","YES","CLASS A — INDEXABLE","CLASS F — UNKNOWN GOOGLE STATUS"
"https://thesamachardaily.in/articles/sports/section-15a-football-outlook-can-any-team-halt-mayos-dominance-this-fall/","src/articles/sports/section-15a-football-outlook-can-any-team-halt-mayos-dominance-this-fall.md","Sports","2026-09-03T23:05:20Z",294,"INDEX","https://thesamachardaily.in/articles/sports/section-15a-football-outlook-can-any-team-halt-mayos-dominance-this-fall/","IN_SITEMAP","200 OK","YES","NO","YES","YES","CLASS A — INDEXABLE","CLASS F — UNKNOWN GOOGLE STATUS"
"https://thesamachardaily.in/articles/sports/senior-kellen-burger-to-start-at-quarterback-for-youthful-mayo-football-team/","src/articles/sports/senior-kellen-burger-to-start-at-quarterback-for-youthful-mayo-football-team.md","Sports","2026-09-01T23:05:33Z",270,"INDEX","https://thesamachardaily.in/articles/sports/senior-kellen-burger-to-start-at-quarterback-for-youthful-mayo-football-team/","IN_SITEMAP","200 OK","NO","NO","YES","YES","CLASS A — INDEXABLE","CLASS F — UNKNOWN GOOGLE STATUS"
"https://thesamachardaily.in/articles/sports/sharks-bet-big-on-nurse-and-trouba-to-repair-nhls-worst-western-defense/","src/articles/sports/sharks-bet-big-on-nurse-and-trouba-to-repair-nhls-worst-western-defense.md","Sports","2026-09-03T01:05:35Z",439,"INDEX","https://thesamachardaily.in/articles/sports/sharks-bet-big-on-nurse-and-trouba-to-repair-nhls-worst-western-defense/","IN_SITEMAP","200 OK","YES","NO","YES","YES","CLASS A — INDEXABLE","CLASS F — UNKNOWN GOOGLE STATUS"
"https://thesamachardaily.in/articles/sports/sid-meiers-civilization-7-goes-free-on-steam-as-firaxis-marks-35th-anniversary/","src/articles/sports/sid-meiers-civilization-7-goes-free-on-steam-as-firaxis-marks-35th-anniversary.md","Sports","2026-09-04T09:05:36Z",206,"INDEX","https://thesamachardaily.in/articles/sports/sid-meiers-civilization-7-goes-free-on-steam-as-firaxis-marks-35th-anniversary/","IN_SITEMAP","200 OK","YES","NO","YES","YES","CLASS A — INDEXABLE","CLASS F — UNKNOWN GOOGLE STATUS"
"https://thesamachardaily.in/articles/sports/skyland-conference-names-boys-soccer-players-of-the-week-for-sept-15/","src/articles/sports/skyland-conference-names-boys-soccer-players-of-the-week-for-sept-15.md","Sports","2026-09-15T23:17:40Z",45,"INDEX","https://thesamachardaily.in/articles/sports/skyland-conference-names-boys-soccer-players-of-the-week-for-sept-15/","IN_SITEMAP","200 OK","NO","NO","YES","YES","CLASS A — INDEXABLE","CLASS F — UNKNOWN GOOGLE STATUS"
"https://thesamachardaily.in/articles/sports/south-webster-jeeps-hold-minford-falcons-to-0-0-draw-in-soc-iii-showdown/","src/articles/sports/south-webster-jeeps-hold-minford-falcons-to-0-0-draw-in-soc-iii-showdown.md","Sports","2026-09-19T13:17:21Z",50,"INDEX","https://thesamachardaily.in/articles/sports/south-webster-jeeps-hold-minford-falcons-to-0-0-draw-in-soc-iii-showdown/","IN_SITEMAP","200 OK","YES","NO","YES","YES","CLASS A — INDEXABLE","CLASS F — UNKNOWN GOOGLE STATUS"
"https://thesamachardaily.in/articles/sports/sri-lanka-names-athapaththuled-15player-womens-squad-for-2026-asian-games/","src/articles/sports/sri-lanka-names-athapaththuled-15player-womens-squad-for-2026-asian-games.md","Sports","2026-09-16T21:17:26Z",173,"INDEX","https://thesamachardaily.in/articles/sports/sri-lanka-names-athapaththuled-15player-womens-squad-for-2026-asian-games/","IN_SITEMAP","200 OK","YES","NO","YES","YES","CLASS A — INDEXABLE","CLASS F — UNKNOWN GOOGLE STATUS"
"https://thesamachardaily.in/articles/sports/state-college-football-secures-crucial-road-win-over-commonwealth-rival-bishop-mcdevi/","src/articles/sports/state-college-football-secures-crucial-road-win-over-commonwealth-rival-bishop-mcdevi.md","Sports","2026-09-12T15:05:20Z",81,"INDEX","https://thesamachardaily.in/articles/sports/state-college-football-secures-crucial-road-win-over-commonwealth-rival-bishop-mcdevi/","IN_SITEMAP","200 OK","YES","NO","YES","YES","CLASS A — INDEXABLE","CLASS F — UNKNOWN GOOGLE STATUS"
"https://thesamachardaily.in/articles/sports/stephen-a-smith-reveals-rich-pauls-insult-reaction-to-lebron-ranked-2/","src/articles/sports/stephen-a-smith-reveals-rich-pauls-insult-reaction-to-lebron-ranked-2.md","Sports","2026-09-05T01:05:58Z",400,"INDEX","https://thesamachardaily.in/articles/sports/stephen-a-smith-reveals-rich-pauls-insult-reaction-to-lebron-ranked-2/","IN_SITEMAP","200 OK","YES","NO","YES","YES","CLASS A — INDEXABLE","CLASS F — UNKNOWN GOOGLE STATUS"
"https://thesamachardaily.in/articles/sports/suraj-meenas-grit-earns-runnerup-in-grueling-122km-ladakh-ultra/","src/articles/sports/suraj-meenas-grit-earns-runnerup-in-grueling-122km-ladakh-ultra.md","Sports","2026-09-11T21:05:03Z",79,"NOINDEX","https://thesamachardaily.in/articles/sports/suraj-meenas-grit-earns-runnerup-in-grueling-122km-ladakh-ultra/","OMITTED","200 OK","NO","NO","YES","YES","CLASS B — INTENTIONALLY NOINDEX","CLASS F — UNKNOWN GOOGLE STATUS"
"https://thesamachardaily.in/articles/sports/tampa-bay-rays-face-texas-rangers-in-game-142-as-mlb-postseason-race-intensifies/","src/articles/sports/tampa-bay-rays-face-texas-rangers-in-game-142-as-mlb-postseason-race-intensifies.md","Sports","2026-09-05T11:05:49Z",356,"INDEX","https://thesamachardaily.in/articles/sports/tampa-bay-rays-face-texas-rangers-in-game-142-as-mlb-postseason-race-intensifies/","IN_SITEMAP","200 OK","YES","NO","YES","YES","CLASS A — INDEXABLE","CLASS F — UNKNOWN GOOGLE STATUS"
"https://thesamachardaily.in/articles/sports/the-butcher-hospitalised-after-collapsing-at-indie-wrestling-anniversary-show/","src/articles/sports/the-butcher-hospitalised-after-collapsing-at-indie-wrestling-anniversary-show.md","Sports","2026-09-06T15:05:28Z",292,"INDEX","https://thesamachardaily.in/articles/sports/the-butcher-hospitalised-after-collapsing-at-indie-wrestling-anniversary-show/","IN_SITEMAP","200 OK","YES","NO","YES","YES","CLASS A — INDEXABLE","CLASS F — UNKNOWN GOOGLE STATUS"
"https://thesamachardaily.in/articles/sports/thompson-twins-become-nbas-highestpaid-brothers-with-363-million-extensions/","src/articles/sports/thompson-twins-become-nbas-highestpaid-brothers-with-363-million-extensions.md","Sports","2026-09-19T19:17:16Z",88,"INDEX","https://thesamachardaily.in/articles/sports/thompson-twins-become-nbas-highestpaid-brothers-with-363-million-extensions/","IN_SITEMAP","200 OK","YES","NO","YES","YES","CLASS A — INDEXABLE","CLASS F — UNKNOWN GOOGLE STATUS"
"https://thesamachardaily.in/articles/sports/tottenham-hotspur-set-to-face-aston-villa-in-saturday-premier-league-clash-preview/","src/articles/sports/tottenham-hotspur-set-to-face-aston-villa-in-saturday-premier-league-clash-preview.md","Sports","2026-09-17T21:17:21Z",34,"INDEX","https://thesamachardaily.in/articles/sports/tottenham-hotspur-set-to-face-aston-villa-in-saturday-premier-league-clash-preview/","IN_SITEMAP","200 OK","YES","NO","YES","YES","CLASS A — INDEXABLE","CLASS F — UNKNOWN GOOGLE STATUS"
"https://thesamachardaily.in/articles/sports/tsitsipas-ex-girlfriend-slams-osakas-us-open-attire-as-opponent-distraction/","src/articles/sports/tsitsipas-ex-girlfriend-slams-osakas-us-open-attire-as-opponent-distraction.md","Sports","2026-09-05T05:05:16Z",349,"INDEX","https://thesamachardaily.in/articles/sports/tsitsipas-ex-girlfriend-slams-osakas-us-open-attire-as-opponent-distraction/","IN_SITEMAP","200 OK","YES","NO","YES","YES","CLASS A — INDEXABLE","CLASS F — UNKNOWN GOOGLE STATUS"
"https://thesamachardaily.in/articles/sports/turnovers-seal-34-7-owatonna-victory-over-century/","src/articles/sports/turnovers-seal-34-7-owatonna-victory-over-century.md","Sports","2026-09-19T05:17:18Z",74,"INDEX","https://thesamachardaily.in/articles/sports/turnovers-seal-34-7-owatonna-victory-over-century/","IN_SITEMAP","200 OK","NO","NO","YES","YES","CLASS A — INDEXABLE","CLASS F — UNKNOWN GOOGLE STATUS"
"https://thesamachardaily.in/articles/sports/two-day-sport-expo-india-2026-opens-in-hitex-hyderabad-features-50-exhibitors/","src/articles/sports/two-day-sport-expo-india-2026-opens-in-hitex-hyderabad-features-50-exhibitors.md","Sports","2026-08-28T23:45:29Z",244,"INDEX","https://thesamachardaily.in/articles/sports/two-day-sport-expo-india-2026-opens-in-hitex-hyderabad-features-50-exhibitors/","IN_SITEMAP","200 OK","YES","NO","YES","YES","CLASS A — INDEXABLE","CLASS F — UNKNOWN GOOGLE STATUS"
"https://thesamachardaily.in/articles/sports/ucl-league-phase-fixtures-psg-vs-barcelona-2026-man-united-vs-bayern-munich-real/","src/articles/sports/ucl-league-phase-fixtures-psg-vs-barcelona-2026-man-united-vs-bayern-munich-real.md","Sports","2026-08-28T22:56:56Z",221,"INDEX","https://thesamachardaily.in/articles/sports/ucl-league-phase-fixtures-psg-vs-barcelona-2026-man-united-vs-bayern-munich-real/","IN_SITEMAP","200 OK","YES","NO","YES","YES","CLASS A — INDEXABLE","CLASS F — UNKNOWN GOOGLE STATUS"
"https://thesamachardaily.in/articles/sports/und-rallies-late-scores-three-q4-tds-to-beat-portland-state-47-23/","src/articles/sports/und-rallies-late-scores-three-q4-tds-to-beat-portland-state-47-23.md","Sports","2026-09-13T21:17:19Z",71,"INDEX","https://thesamachardaily.in/articles/sports/und-rallies-late-scores-three-q4-tds-to-beat-portland-state-47-23/","IN_SITEMAP","200 OK","YES","NO","YES","YES","CLASS A — INDEXABLE","CLASS F — UNKNOWN GOOGLE STATUS"
"https://thesamachardaily.in/articles/sports/us-open-champion-urges-alcaraz-sinner-to-sustain-dominance-as-grand-slam-reign-falter/","src/articles/sports/us-open-champion-urges-alcaraz-sinner-to-sustain-dominance-as-grand-slam-reign-falter.md","Sports","2026-09-13T05:05:45Z",74,"INDEX","https://thesamachardaily.in/articles/sports/us-open-champion-urges-alcaraz-sinner-to-sustain-dominance-as-grand-slam-reign-falter/","IN_SITEMAP","200 OK","YES","NO","YES","YES","CLASS A — INDEXABLE","CLASS F — UNKNOWN GOOGLE STATUS"
"https://thesamachardaily.in/articles/sports/us-open-final-rybakina-outlines-strategy-to-counter-sabalenka-at-arthur-ashe-stadium/","src/articles/sports/us-open-final-rybakina-outlines-strategy-to-counter-sabalenka-at-arthur-ashe-stadium.md","Sports","2026-09-12T21:05:39Z",206,"INDEX","https://thesamachardaily.in/articles/sports/us-open-final-rybakina-outlines-strategy-to-counter-sabalenka-at-arthur-ashe-stadium/","IN_SITEMAP","200 OK","YES","NO","YES","YES","CLASS A — INDEXABLE","CLASS F — UNKNOWN GOOGLE STATUS"
"https://thesamachardaily.in/articles/sports/us-open-rybakina-beats-sabalenka-for-title-and-world-no-1-spot/","src/articles/sports/us-open-rybakina-beats-sabalenka-for-title-and-world-no-1-spot.md","Sports","2026-09-13T17:05:43Z",193,"INDEX","https://thesamachardaily.in/articles/sports/us-open-rybakina-beats-sabalenka-for-title-and-world-no-1-spot/","IN_SITEMAP","200 OK","YES","NO","YES","YES","CLASS A — INDEXABLE","CLASS F — UNKNOWN GOOGLE STATUS"
"https://thesamachardaily.in/articles/sports/us-womens-basketball-team-races-to-gel-in-berlin-ahead-of-world-cup/","src/articles/sports/us-womens-basketball-team-races-to-gel-in-berlin-ahead-of-world-cup.md","Sports","2026-09-03T03:05:25Z",330,"INDEX","https://thesamachardaily.in/articles/sports/us-womens-basketball-team-races-to-gel-in-berlin-ahead-of-world-cup/","IN_SITEMAP","200 OK","YES","NO","YES","YES","CLASS A — INDEXABLE","CLASS F — UNKNOWN GOOGLE STATUS"
"https://thesamachardaily.in/articles/sports/usain-bolt-gets-engaged-to-longtime-partner-kasi-bennett-on-his-40th-birthday/","src/articles/sports/usain-bolt-gets-engaged-to-longtime-partner-kasi-bennett-on-his-40th-birthday.md","Sports","2026-08-28T22:43:39Z",229,"INDEX","https://thesamachardaily.in/articles/sports/usain-bolt-gets-engaged-to-longtime-partner-kasi-bennett-on-his-40th-birthday/","IN_SITEMAP","200 OK","YES","NO","YES","YES","CLASS A — INDEXABLE","CLASS F — UNKNOWN GOOGLE STATUS"
"https://thesamachardaily.in/articles/sports/vanderbilt-snatches-win-with-lastsecond-td-after-nc-state-fumble-on-intentional-safet/","src/articles/sports/vanderbilt-snatches-win-with-lastsecond-td-after-nc-state-fumble-on-intentional-safet.md","Sports","2026-09-20T09:17:17Z",76,"INDEX","https://thesamachardaily.in/articles/sports/vanderbilt-snatches-win-with-lastsecond-td-after-nc-state-fumble-on-intentional-safet/","IN_SITEMAP","200 OK","YES","NO","YES","YES","CLASS A — INDEXABLE","CLASS F — UNKNOWN GOOGLE STATUS"
"https://thesamachardaily.in/articles/sports/vikings-sign-free-agent-kyle-van-noy-to-bolster-edge-rush-defense/","src/articles/sports/vikings-sign-free-agent-kyle-van-noy-to-bolster-edge-rush-defense.md","Sports","2026-09-02T15:07:33Z",354,"INDEX","https://thesamachardaily.in/articles/sports/vikings-sign-free-agent-kyle-van-noy-to-bolster-edge-rush-defense/","IN_SITEMAP","200 OK","YES","NO","YES","YES","CLASS A — INDEXABLE","CLASS F — UNKNOWN GOOGLE STATUS"
"https://thesamachardaily.in/articles/sports/vikings-weigh-jj-mccarthys-future-after-naming-kyler-murray-starter/","src/articles/sports/vikings-weigh-jj-mccarthys-future-after-naming-kyler-murray-starter.md","Sports","2026-09-18T03:17:17Z",62,"INDEX","https://thesamachardaily.in/articles/sports/vikings-weigh-jj-mccarthys-future-after-naming-kyler-murray-starter/","IN_SITEMAP","200 OK","YES","NO","YES","YES","CLASS A — INDEXABLE","CLASS F — UNKNOWN GOOGLE STATUS"
"https://thesamachardaily.in/articles/sports/volleyball-johnson-creek-sweeps-cambria-friesland-to-begin-season/","src/articles/sports/volleyball-johnson-creek-sweeps-cambria-friesland-to-begin-season.md","Sports","2026-08-29T10:19:39Z",97,"NOINDEX","https://thesamachardaily.in/articles/sports/volleyball-johnson-creek-sweeps-cambria-friesland-to-begin-season/","OMITTED","200 OK","YES","NO","YES","YES","CLASS B — INTENTIONALLY NOINDEX","CLASS F — UNKNOWN GOOGLE STATUS"
"https://thesamachardaily.in/articles/sports/warriors-drop-major-preseason-announcement-as-steph-curry-extension-looms/","src/articles/sports/warriors-drop-major-preseason-announcement-as-steph-curry-extension-looms.md","Sports","2026-09-01T15:05:43Z",361,"INDEX","https://thesamachardaily.in/articles/sports/warriors-drop-major-preseason-announcement-as-steph-curry-extension-looms/","IN_SITEMAP","200 OK","YES","NO","YES","YES","CLASS A — INDEXABLE","CLASS F — UNKNOWN GOOGLE STATUS"
"https://thesamachardaily.in/articles/sports/west-frankfort-vs-chester-tops-friday-slate-in-southern-illinois-football/","src/articles/sports/west-frankfort-vs-chester-tops-friday-slate-in-southern-illinois-football.md","Sports","2026-09-03T07:06:14Z",287,"INDEX","https://thesamachardaily.in/articles/sports/west-frankfort-vs-chester-tops-friday-slate-in-southern-illinois-football/","IN_SITEMAP","200 OK","YES","NO","YES","YES","CLASS A — INDEXABLE","CLASS F — UNKNOWN GOOGLE STATUS"
"https://thesamachardaily.in/articles/sports/westchester-country-day-rallies-past-caldwell-2-1-claims-top-ncisaa-2a-spot/","src/articles/sports/westchester-country-day-rallies-past-caldwell-2-1-claims-top-ncisaa-2a-spot.md","Sports","2026-09-22T11:17:58Z",86,"INDEX","https://thesamachardaily.in/articles/sports/westchester-country-day-rallies-past-caldwell-2-1-claims-top-ncisaa-2a-spot/","IN_SITEMAP","200 OK","NO","NO","YES","YES","CLASS A — INDEXABLE","CLASS F — UNKNOWN GOOGLE STATUS"
"https://thesamachardaily.in/articles/sports/wisconsin-badgers-face-no-4-notre-dame-in-blockbuster-lambeau-field-opener/","src/articles/sports/wisconsin-badgers-face-no-4-notre-dame-in-blockbuster-lambeau-field-opener.md","Sports","2026-09-06T21:06:03Z",353,"INDEX","https://thesamachardaily.in/articles/sports/wisconsin-badgers-face-no-4-notre-dame-in-blockbuster-lambeau-field-opener/","IN_SITEMAP","200 OK","YES","NO","YES","YES","CLASS A — INDEXABLE","CLASS F — UNKNOWN GOOGLE STATUS"
"https://thesamachardaily.in/articles/sports/womens-asia-cup-2026-can-india-reclaim-the-crown-from-sri-lanka/","src/articles/sports/womens-asia-cup-2026-can-india-reclaim-the-crown-from-sri-lanka.md","Sports","2026-08-28T23:35:45Z",305,"INDEX","https://thesamachardaily.in/articles/sports/womens-asia-cup-2026-can-india-reclaim-the-crown-from-sri-lanka/","IN_SITEMAP","200 OK","YES","NO","YES","YES","CLASS A — INDEXABLE","CLASS F — UNKNOWN GOOGLE STATUS"
"https://thesamachardaily.in/articles/sports/wrexham-transfer-spree-sparks-row-as-wilder-accuses-club-of-blanket-bombing/","src/articles/sports/wrexham-transfer-spree-sparks-row-as-wilder-accuses-club-of-blanket-bombing.md","Sports","2026-09-02T05:05:47Z",254,"INDEX","https://thesamachardaily.in/articles/sports/wrexham-transfer-spree-sparks-row-as-wilder-accuses-club-of-blanket-bombing/","IN_SITEMAP","200 OK","NO","NO","YES","YES","CLASS A — INDEXABLE","CLASS F — UNKNOWN GOOGLE STATUS"
"https://thesamachardaily.in/articles/sports/yankees-nip-rival-red-sox-1-0-in-series-opener-behind-goldschmidt-bellinger-and-schli/","src/articles/sports/yankees-nip-rival-red-sox-1-0-in-series-opener-behind-goldschmidt-bellinger-and-schli.md","Sports","2026-08-29T15:00:32Z",173,"INDEX","https://thesamachardaily.in/articles/sports/yankees-nip-rival-red-sox-1-0-in-series-opener-behind-goldschmidt-bellinger-and-schli/","IN_SITEMAP","200 OK","YES","NO","YES","YES","CLASS A — INDEXABLE","CLASS F — UNKNOWN GOOGLE STATUS"
"https://thesamachardaily.in/articles/sports/yannick-cahuzac-steps-in-as-interim-lens-manager-amid-postsage-transition/","src/articles/sports/yannick-cahuzac-steps-in-as-interim-lens-manager-amid-postsage-transition.md","Sports","2026-09-22T03:17:20Z",125,"INDEX","https://thesamachardaily.in/articles/sports/yannick-cahuzac-steps-in-as-interim-lens-manager-amid-postsage-transition/","IN_SITEMAP","200 OK","YES","NO","YES","YES","CLASS A — INDEXABLE","CLASS F — UNKNOWN GOOGLE STATUS"
"https://thesamachardaily.in/articles/sports/zverev-advances-to-us-open-final-eyes-sheltontiafoe-winner/","src/articles/sports/zverev-advances-to-us-open-final-eyes-sheltontiafoe-winner.md","Sports","2026-09-12T11:05:05Z",81,"INDEX","https://thesamachardaily.in/articles/sports/zverev-advances-to-us-open-final-eyes-sheltontiafoe-winner/","IN_SITEMAP","200 OK","YES","NO","YES","YES","CLASS A — INDEXABLE","CLASS F — UNKNOWN GOOGLE STATUS"
"https://thesamachardaily.in/articles/sports/zverevs-alcaraz-comment-sparks-buzz-ahead-of-us-open-final/","src/articles/sports/zverevs-alcaraz-comment-sparks-buzz-ahead-of-us-open-final.md","Sports","2026-09-13T03:05:04Z",41,"INDEX","https://thesamachardaily.in/articles/sports/zverevs-alcaraz-comment-sparks-buzz-ahead-of-us-open-final/","IN_SITEMAP","200 OK","YES","NO","YES","YES","CLASS A — INDEXABLE","CLASS F — UNKNOWN GOOGLE STATUS"
"https://thesamachardaily.in/articles/tech/10-lesserknown-ai-tools-that-streamline-business-creative-and-development-tasks/","src/articles/tech/10-lesserknown-ai-tools-that-streamline-business-creative-and-development-tasks.md","Tech","2026-09-10T00:57:39Z",258,"INDEX","https://thesamachardaily.in/articles/tech/10-lesserknown-ai-tools-that-streamline-business-creative-and-development-tasks/","IN_SITEMAP","200 OK","YES","NO","YES","YES","CLASS A — INDEXABLE","CLASS F — UNKNOWN GOOGLE STATUS"
"https://thesamachardaily.in/articles/tech/700-delegates-convene-at-fourth-chinaasean-ai-forum-in-nanning/","src/articles/tech/700-delegates-convene-at-fourth-chinaasean-ai-forum-in-nanning.md","Tech","2026-09-20T17:24:03Z",78,"INDEX","https://thesamachardaily.in/articles/tech/700-delegates-convene-at-fourth-chinaasean-ai-forum-in-nanning/","IN_SITEMAP","200 OK","NO","NO","YES","YES","CLASS A — INDEXABLE","CLASS F — UNKNOWN GOOGLE STATUS"
"https://thesamachardaily.in/articles/tech/adobe-names-anil-chakravarthy-ceo-to-lead-ai-creative-frontier/","src/articles/tech/adobe-names-anil-chakravarthy-ceo-to-lead-ai-creative-frontier.md","Tech","2026-09-07T04:50:05Z",362,"INDEX","https://thesamachardaily.in/articles/tech/adobe-names-anil-chakravarthy-ceo-to-lead-ai-creative-frontier/","IN_SITEMAP","200 OK","YES","NO","YES","YES","CLASS A — INDEXABLE","CLASS F — UNKNOWN GOOGLE STATUS"
"https://thesamachardaily.in/articles/tech/aheesa-launches-vihaani-indias-first-indigenous-broadband-chip-at-semicon-india-2026/","src/articles/tech/aheesa-launches-vihaani-indias-first-indigenous-broadband-chip-at-semicon-india-2026.md","Tech","2026-09-19T23:24:22Z",289,"INDEX","https://thesamachardaily.in/articles/tech/aheesa-launches-vihaani-indias-first-indigenous-broadband-chip-at-semicon-india-2026/","IN_SITEMAP","200 OK","NO","NO","YES","YES","CLASS A — INDEXABLE","CLASS F — UNKNOWN GOOGLE STATUS"
"https://thesamachardaily.in/articles/tech/ai-growth-fuels-sp-500-as-investors-target-value-in-magnificent-seven-stocks/","src/articles/tech/ai-growth-fuels-sp-500-as-investors-target-value-in-magnificent-seven-stocks.md","Tech","2026-09-07T20:47:55Z",339,"INDEX","https://thesamachardaily.in/articles/tech/ai-growth-fuels-sp-500-as-investors-target-value-in-magnificent-seven-stocks/","IN_SITEMAP","200 OK","YES","NO","YES","YES","CLASS A — INDEXABLE","CLASS F — UNKNOWN GOOGLE STATUS"
"https://thesamachardaily.in/articles/tech/ai-may-not-steal-jobs-but-its-quietly-removing-the-first-rung-of-indias-career-ladder/","src/articles/tech/ai-may-not-steal-jobs-but-its-quietly-removing-the-first-rung-of-indias-career-ladder.md","Tech","2026-09-06T20:47:48Z",320,"INDEX","https://thesamachardaily.in/articles/tech/ai-may-not-steal-jobs-but-its-quietly-removing-the-first-rung-of-indias-career-ladder/","IN_SITEMAP","200 OK","YES","NO","YES","YES","CLASS A — INDEXABLE","CLASS F — UNKNOWN GOOGLE STATUS"
"https://thesamachardaily.in/articles/tech/ai-nova-tab-set-for-india-launch-via-flipkart-reveals-orange-option-and-flat-rear-des/","src/articles/tech/ai-nova-tab-set-for-india-launch-via-flipkart-reveals-orange-option-and-flat-rear-des.md","Tech","2026-09-21T21:24:05Z",73,"INDEX","https://thesamachardaily.in/articles/tech/ai-nova-tab-set-for-india-launch-via-flipkart-reveals-orange-option-and-flat-rear-des/","IN_SITEMAP","200 OK","YES","NO","YES","YES","CLASS A — INDEXABLE","CLASS F — UNKNOWN GOOGLE STATUS"
"https://thesamachardaily.in/articles/tech/ai-photo-prompts-empower-personalized-ganesh-chaturthi-images-and-invitations/","src/articles/tech/ai-photo-prompts-empower-personalized-ganesh-chaturthi-images-and-invitations.md","Tech","2026-09-13T19:24:11Z",89,"INDEX","https://thesamachardaily.in/articles/tech/ai-photo-prompts-empower-personalized-ganesh-chaturthi-images-and-invitations/","IN_SITEMAP","200 OK","YES","NO","YES","YES","CLASS A — INDEXABLE","CLASS F — UNKNOWN GOOGLE STATUS"
"https://thesamachardaily.in/articles/tech/ai-researcher-andrew-tulloch-departs-meta-for-anthropic-in-15-b-deal/","src/articles/tech/ai-researcher-andrew-tulloch-departs-meta-for-anthropic-in-15-b-deal.md","Tech","2026-09-11T22:45:12Z",66,"NOINDEX","https://thesamachardaily.in/articles/tech/ai-researcher-andrew-tulloch-departs-meta-for-anthropic-in-15-b-deal/","OMITTED","200 OK","NO","NO","YES","YES","CLASS B — INTENTIONALLY NOINDEX","CLASS F — UNKNOWN GOOGLE STATUS"
"https://thesamachardaily.in/articles/tech/ai-titans-anthropic-openai-spacexai-google-accused-of-antitrust-slowdown-deal/","src/articles/tech/ai-titans-anthropic-openai-spacexai-google-accused-of-antitrust-slowdown-deal.md","Tech","2026-09-20T13:24:23Z",55,"INDEX","https://thesamachardaily.in/articles/tech/ai-titans-anthropic-openai-spacexai-google-accused-of-antitrust-slowdown-deal/","IN_SITEMAP","200 OK","YES","NO","YES","YES","CLASS A — INDEXABLE","CLASS F — UNKNOWN GOOGLE STATUS"
"https://thesamachardaily.in/articles/tech/ai-tool-claude-code-erases-15-of-bengaluru-inscription-archive/","src/articles/tech/ai-tool-claude-code-erases-15-of-bengaluru-inscription-archive.md","Tech","2026-09-02T10:47:32Z",265,"INDEX","https://thesamachardaily.in/articles/tech/ai-tool-claude-code-erases-15-of-bengaluru-inscription-archive/","IN_SITEMAP","200 OK","YES","NO","YES","YES","CLASS A — INDEXABLE","CLASS F — UNKNOWN GOOGLE STATUS"
"https://thesamachardaily.in/articles/tech/ai-visibility-tools-clash-41-vs-23-on-key-prompts-precision-over-accuracy/","src/articles/tech/ai-visibility-tools-clash-41-vs-23-on-key-prompts-precision-over-accuracy.md","Tech","2026-09-18T07:24:07Z",86,"INDEX","https://thesamachardaily.in/articles/tech/ai-visibility-tools-clash-41-vs-23-on-key-prompts-precision-over-accuracy/","IN_SITEMAP","200 OK","YES","NO","YES","YES","CLASS A — INDEXABLE","CLASS F — UNKNOWN GOOGLE STATUS"
"https://thesamachardaily.in/articles/tech/air-india-expands-ai-partnership-with-salesforce-to-automate-passenger-services/","src/articles/tech/air-india-expands-ai-partnership-with-salesforce-to-automate-passenger-services.md","Tech","2026-09-16T15:24:00Z",94,"INDEX","https://thesamachardaily.in/articles/tech/air-india-expands-ai-partnership-with-salesforce-to-automate-passenger-services/","IN_SITEMAP","200 OK","YES","NO","YES","YES","CLASS A — INDEXABLE","CLASS F — UNKNOWN GOOGLE STATUS"
"https://thesamachardaily.in/articles/tech/air-india-terminates-phuket-delhi-pilot-after-positive-drug-test/","src/articles/tech/air-india-terminates-phuket-delhi-pilot-after-positive-drug-test.md","Tech","2026-09-05T02:49:25Z",368,"INDEX","https://thesamachardaily.in/articles/tech/air-india-terminates-phuket-delhi-pilot-after-positive-drug-test/","IN_SITEMAP","200 OK","YES","NO","YES","YES","CLASS A — INDEXABLE","CLASS F — UNKNOWN GOOGLE STATUS"
"https://thesamachardaily.in/articles/tech/albanese-seeks-bigtech-backing-for-childonline-safety-laws-and-ai-rules-after-tim-coo/","src/articles/tech/albanese-seeks-bigtech-backing-for-childonline-safety-laws-and-ai-rules-after-tim-coo.md","Tech","2026-09-21T15:24:18Z",91,"INDEX","https://thesamachardaily.in/articles/tech/albanese-seeks-bigtech-backing-for-childonline-safety-laws-and-ai-rules-after-tim-coo/","IN_SITEMAP","200 OK","NO","NO","YES","YES","CLASS A — INDEXABLE","CLASS F — UNKNOWN GOOGLE STATUS"
"https://thesamachardaily.in/articles/tech/amazon-launches-alexa-in-india-with-early-access-hindihinglish-support-and-ai-feature/","src/articles/tech/amazon-launches-alexa-in-india-with-early-access-hindihinglish-support-and-ai-feature.md","Tech","2026-09-16T21:24:03Z",80,"INDEX","https://thesamachardaily.in/articles/tech/amazon-launches-alexa-in-india-with-early-access-hindihinglish-support-and-ai-feature/","IN_SITEMAP","200 OK","YES","NO","YES","YES","CLASS A — INDEXABLE","CLASS F — UNKNOWN GOOGLE STATUS"
"https://thesamachardaily.in/articles/tech/amazon-to-close-mechanical-turk-amid-rise-of-ai/","src/articles/tech/amazon-to-close-mechanical-turk-amid-rise-of-ai.md","Tech","2026-08-29T10:19:24Z",145,"INDEX","https://thesamachardaily.in/articles/tech/amazon-to-close-mechanical-turk-amid-rise-of-ai/","IN_SITEMAP","200 OK","YES","NO","YES","YES","CLASS A — INDEXABLE","CLASS F — UNKNOWN GOOGLE STATUS"
"https://thesamachardaily.in/articles/tech/amd-limits-solarflare-ethernet-adapter-support-and-downloads-to-paid-subscribers/","src/articles/tech/amd-limits-solarflare-ethernet-adapter-support-and-downloads-to-paid-subscribers.md","Tech","2026-09-11T12:45:34Z",292,"INDEX","https://thesamachardaily.in/articles/tech/amd-limits-solarflare-ethernet-adapter-support-and-downloads-to-paid-subscribers/","IN_SITEMAP","200 OK","YES","NO","YES","YES","CLASS A — INDEXABLE","CLASS F — UNKNOWN GOOGLE STATUS"
"https://thesamachardaily.in/articles/tech/amds-processor-origins-where-the-chips-powering-gamers-are-made/","src/articles/tech/amds-processor-origins-where-the-chips-powering-gamers-are-made.md","Tech","2026-09-07T12:47:34Z",279,"INDEX","https://thesamachardaily.in/articles/tech/amds-processor-origins-where-the-chips-powering-gamers-are-made/","IN_SITEMAP","200 OK","YES","NO","YES","YES","CLASS A — INDEXABLE","CLASS F — UNKNOWN GOOGLE STATUS"
"https://thesamachardaily.in/articles/tech/analog-semiconductor-market-shows-selective-recovery-as-2026-assessment-highlights-in/","src/articles/tech/analog-semiconductor-market-shows-selective-recovery-as-2026-assessment-highlights-in.md","Tech","2026-09-04T18:48:19Z",338,"INDEX","https://thesamachardaily.in/articles/tech/analog-semiconductor-market-shows-selective-recovery-as-2026-assessment-highlights-in/","IN_SITEMAP","200 OK","YES","NO","YES","YES","CLASS A — INDEXABLE","CLASS F — UNKNOWN GOOGLE STATUS"
"https://thesamachardaily.in/articles/tech/anker-rolls-out-20000mah-zolo-power-bank-with-55w-output-iphone-aware-charging/","src/articles/tech/anker-rolls-out-20000mah-zolo-power-bank-with-55w-output-iphone-aware-charging.md","Tech","2026-09-02T06:47:49Z",301,"INDEX","https://thesamachardaily.in/articles/tech/anker-rolls-out-20000mah-zolo-power-bank-with-55w-output-iphone-aware-charging/","IN_SITEMAP","200 OK","NO","NO","YES","YES","CLASS A — INDEXABLE","CLASS F — UNKNOWN GOOGLE STATUS"
"https://thesamachardaily.in/articles/tech/anthropic-adds-coordinator-to-claude-projects-boosting-parallel-ai-work/","src/articles/tech/anthropic-adds-coordinator-to-claude-projects-boosting-parallel-ai-work.md","Tech","2026-09-18T19:24:16Z",67,"INDEX","https://thesamachardaily.in/articles/tech/anthropic-adds-coordinator-to-claude-projects-boosting-parallel-ai-work/","IN_SITEMAP","200 OK","YES","NO","YES","YES","CLASS A — INDEXABLE","CLASS F — UNKNOWN GOOGLE STATUS"
"https://thesamachardaily.in/articles/tech/anthropic-blocks-ai-model-queries-linked-to-potential-biological-weapons-development/","src/articles/tech/anthropic-blocks-ai-model-queries-linked-to-potential-biological-weapons-development.md","Tech","2026-09-11T10:45:45Z",196,"INDEX","https://thesamachardaily.in/articles/tech/anthropic-blocks-ai-model-queries-linked-to-potential-biological-weapons-development/","IN_SITEMAP","200 OK","YES","NO","YES","YES","CLASS A — INDEXABLE","CLASS F — UNKNOWN GOOGLE STATUS"
"https://thesamachardaily.in/articles/tech/anthropic-ceo-dario-amodei-urges-ai-industry-to-slow-development-cites-bot-swarm-thre/","src/articles/tech/anthropic-ceo-dario-amodei-urges-ai-industry-to-slow-development-cites-bot-swarm-thre.md","Tech","2026-09-13T04:45:13Z",63,"INDEX","https://thesamachardaily.in/articles/tech/anthropic-ceo-dario-amodei-urges-ai-industry-to-slow-development-cites-bot-swarm-thre/","IN_SITEMAP","200 OK","YES","NO","YES","YES","CLASS A — INDEXABLE","CLASS F — UNKNOWN GOOGLE STATUS"
"https://thesamachardaily.in/articles/tech/anthropic-ceo-urges-slowdown-of-ai-development-amid-rising-safety-concerns/","src/articles/tech/anthropic-ceo-urges-slowdown-of-ai-development-amid-rising-safety-concerns.md","Tech","2026-09-13T00:45:12Z",51,"INDEX","https://thesamachardaily.in/articles/tech/anthropic-ceo-urges-slowdown-of-ai-development-amid-rising-safety-concerns/","IN_SITEMAP","200 OK","YES","NO","YES","YES","CLASS A — INDEXABLE","CLASS F — UNKNOWN GOOGLE STATUS"
"https://thesamachardaily.in/articles/tech/anthropic-ceo-urges-slower-ai-development-openai-and-musk-echo-concerns/","src/articles/tech/anthropic-ceo-urges-slower-ai-development-openai-and-musk-echo-concerns.md","Tech","2026-09-13T23:24:00Z",74,"INDEX","https://thesamachardaily.in/articles/tech/anthropic-ceo-urges-slower-ai-development-openai-and-musk-echo-concerns/","IN_SITEMAP","200 OK","YES","NO","YES","YES","CLASS A — INDEXABLE","CLASS F — UNKNOWN GOOGLE STATUS"
"https://thesamachardaily.in/articles/tech/anthropic-ceo-warns-ai-danger-if-placed-in-wrong-hands-cites-researchers-lethal-risk/","src/articles/tech/anthropic-ceo-warns-ai-danger-if-placed-in-wrong-hands-cites-researchers-lethal-risk.md","Tech","2026-09-14T15:24:13Z",79,"INDEX","https://thesamachardaily.in/articles/tech/anthropic-ceo-warns-ai-danger-if-placed-in-wrong-hands-cites-researchers-lethal-risk/","IN_SITEMAP","200 OK","YES","NO","YES","YES","CLASS A — INDEXABLE","CLASS F — UNKNOWN GOOGLE STATUS"
"https://thesamachardaily.in/articles/tech/anthropic-launches-claude-fable-51-and-mythos-51-for-coding-and-knowledge-tasks/","src/articles/tech/anthropic-launches-claude-fable-51-and-mythos-51-for-coding-and-knowledge-tasks.md","Tech","2026-09-02T16:47:35Z",349,"INDEX","https://thesamachardaily.in/articles/tech/anthropic-launches-claude-fable-51-and-mythos-51-for-coding-and-knowledge-tasks/","IN_SITEMAP","200 OK","YES","NO","YES","YES","CLASS A — INDEXABLE","CLASS F — UNKNOWN GOOGLE STATUS"
"https://thesamachardaily.in/articles/tech/anthropic-reports-claude-ai-misused-for-weapons-cyber-espionage-and-surveillance/","src/articles/tech/anthropic-reports-claude-ai-misused-for-weapons-cyber-espionage-and-surveillance.md","Tech","2026-09-11T18:45:19Z",265,"INDEX","https://thesamachardaily.in/articles/tech/anthropic-reports-claude-ai-misused-for-weapons-cyber-espionage-and-surveillance/","IN_SITEMAP","200 OK","YES","NO","YES","YES","CLASS A — INDEXABLE","CLASS F — UNKNOWN GOOGLE STATUS"
"https://thesamachardaily.in/articles/tech/anthropic-researcher-quits-warns-ai-industry-is-losing-human-control/","src/articles/tech/anthropic-researcher-quits-warns-ai-industry-is-losing-human-control.md","Tech","2026-09-10T08:57:01Z",197,"INDEX","https://thesamachardaily.in/articles/tech/anthropic-researcher-quits-warns-ai-industry-is-losing-human-control/","IN_SITEMAP","200 OK","YES","NO","YES","YES","CLASS A — INDEXABLE","CLASS F — UNKNOWN GOOGLE STATUS"
"https://thesamachardaily.in/articles/tech/anthropic-researcher-resigns-warns-company-could-endanger-humanity/","src/articles/tech/anthropic-researcher-resigns-warns-company-could-endanger-humanity.md","Tech","2026-09-10T02:57:01Z",327,"INDEX","https://thesamachardaily.in/articles/tech/anthropic-researcher-resigns-warns-company-could-endanger-humanity/","IN_SITEMAP","200 OK","YES","NO","YES","YES","CLASS A — INDEXABLE","CLASS F — UNKNOWN GOOGLE STATUS"
"https://thesamachardaily.in/articles/tech/aoc-intros-new-5k-gaming-monitor-with-excellent-color-coverage-and-2000-dimming-zones/","src/articles/tech/aoc-intros-new-5k-gaming-monitor-with-excellent-color-coverage-and-2000-dimming-zones.md","Tech","2026-08-30T07:22:30Z",145,"INDEX","https://thesamachardaily.in/articles/tech/aoc-intros-new-5k-gaming-monitor-with-excellent-color-coverage-and-2000-dimming-zones/","IN_SITEMAP","200 OK","YES","NO","YES","YES","CLASS A — INDEXABLE","CLASS F — UNKNOWN GOOGLE STATUS"
"https://thesamachardaily.in/articles/tech/apple-discontinues-iphone-17-pro-airpods-4-and-watch-models-post-launch/","src/articles/tech/apple-discontinues-iphone-17-pro-airpods-4-and-watch-models-post-launch.md","Tech","2026-09-11T02:45:41Z",257,"INDEX","https://thesamachardaily.in/articles/tech/apple-discontinues-iphone-17-pro-airpods-4-and-watch-models-post-launch/","IN_SITEMAP","200 OK","YES","NO","YES","YES","CLASS A — INDEXABLE","CLASS F — UNKNOWN GOOGLE STATUS"
"https://thesamachardaily.in/articles/tech/apple-foldable-iphone-sparks-political-meme-war-between-congress-and-bjp/","src/articles/tech/apple-foldable-iphone-sparks-political-meme-war-between-congress-and-bjp.md","Tech","2026-09-11T04:47:12Z",443,"INDEX","https://thesamachardaily.in/articles/tech/apple-foldable-iphone-sparks-political-meme-war-between-congress-and-bjp/","IN_SITEMAP","200 OK","YES","NO","YES","YES","CLASS A — INDEXABLE","CLASS F — UNKNOWN GOOGLE STATUS"
"https://thesamachardaily.in/articles/tech/apple-gears-up-for-iphone-18-pro-lineup-and-first-foldable-iphone-launch-on-september/","src/articles/tech/apple-gears-up-for-iphone-18-pro-lineup-and-first-foldable-iphone-launch-on-september.md","Tech","2026-09-05T16:47:57Z",350,"INDEX","https://thesamachardaily.in/articles/tech/apple-gears-up-for-iphone-18-pro-lineup-and-first-foldable-iphone-launch-on-september/","IN_SITEMAP","200 OK","YES","NO","YES","YES","CLASS A — INDEXABLE","CLASS F — UNKNOWN GOOGLE STATUS"
"https://thesamachardaily.in/articles/tech/apple-iphone-17-pro-max-price-falls-to-rs-74990-at-croma-adds-exchange-bonus-free-cas/","src/articles/tech/apple-iphone-17-pro-max-price-falls-to-rs-74990-at-croma-adds-exchange-bonus-free-cas.md","Tech","2026-09-15T17:24:02Z",202,"INDEX","https://thesamachardaily.in/articles/tech/apple-iphone-17-pro-max-price-falls-to-rs-74990-at-croma-adds-exchange-bonus-free-cas/","IN_SITEMAP","200 OK","YES","NO","YES","YES","CLASS A — INDEXABLE","CLASS F — UNKNOWN GOOGLE STATUS"
"https://thesamachardaily.in/articles/tech/apple-iphone-duo-production-slowdown-likely-extends-consumer-wait-times/","src/articles/tech/apple-iphone-duo-production-slowdown-likely-extends-consumer-wait-times.md","Tech","2026-09-16T23:24:08Z",197,"INDEX","https://thesamachardaily.in/articles/tech/apple-iphone-duo-production-slowdown-likely-extends-consumer-wait-times/","IN_SITEMAP","200 OK","YES","NO","YES","YES","CLASS A — INDEXABLE","CLASS F — UNKNOWN GOOGLE STATUS"
"https://thesamachardaily.in/articles/tech/apple-leadership-shift-cook-steps-down-ternus-named-leader/","src/articles/tech/apple-leadership-shift-cook-steps-down-ternus-named-leader.md","Tech","2026-09-01T03:28:24Z",301,"INDEX","https://thesamachardaily.in/articles/tech/apple-leadership-shift-cook-steps-down-ternus-named-leader/","IN_SITEMAP","200 OK","YES","NO","YES","YES","CLASS A — INDEXABLE","CLASS F — UNKNOWN GOOGLE STATUS"
"https://thesamachardaily.in/articles/tech/apple-moves-three-intel-macs-to-obsolete-list-ending-hardware-support/","src/articles/tech/apple-moves-three-intel-macs-to-obsolete-list-ending-hardware-support.md","Tech","2026-09-02T00:47:50Z",318,"INDEX","https://thesamachardaily.in/articles/tech/apple-moves-three-intel-macs-to-obsolete-list-ending-hardware-support/","IN_SITEMAP","200 OK","YES","NO","YES","YES","CLASS A — INDEXABLE","CLASS F — UNKNOWN GOOGLE STATUS"
"https://thesamachardaily.in/articles/tech/apple-rolls-out-ios-27-with-revamped-siri-and-ai-upgrades-ahead-of-iphone-18-launch/","src/articles/tech/apple-rolls-out-ios-27-with-revamped-siri-and-ai-upgrades-ahead-of-iphone-18-launch.md","Tech","2026-09-15T05:24:09Z",87,"INDEX","https://thesamachardaily.in/articles/tech/apple-rolls-out-ios-27-with-revamped-siri-and-ai-upgrades-ahead-of-iphone-18-launch/","IN_SITEMAP","200 OK","YES","NO","YES","YES","CLASS A — INDEXABLE","CLASS F — UNKNOWN GOOGLE STATUS"
"https://thesamachardaily.in/articles/tech/apple-rolls-out-iphone-duo-foldable-and-iphone-18-pro-max-prices-revealed/","src/articles/tech/apple-rolls-out-iphone-duo-foldable-and-iphone-18-pro-max-prices-revealed.md","Tech","2026-09-12T18:45:15Z",302,"INDEX","https://thesamachardaily.in/articles/tech/apple-rolls-out-iphone-duo-foldable-and-iphone-18-pro-max-prices-revealed/","IN_SITEMAP","200 OK","YES","NO","YES","YES","CLASS A — INDEXABLE","CLASS F — UNKNOWN GOOGLE STATUS"
"https://thesamachardaily.in/articles/tech/apple-slips-nostalgic-dogcow-easter-egg-into-ios-27-steps-to-uncover-it/","src/articles/tech/apple-slips-nostalgic-dogcow-easter-egg-into-ios-27-steps-to-uncover-it.md","Tech","2026-09-16T03:24:04Z",134,"INDEX","https://thesamachardaily.in/articles/tech/apple-slips-nostalgic-dogcow-easter-egg-into-ios-27-steps-to-uncover-it/","IN_SITEMAP","200 OK","NO","NO","YES","YES","CLASS A — INDEXABLE","CLASS F — UNKNOWN GOOGLE STATUS"
"https://thesamachardaily.in/articles/tech/apple-to-unveil-iphone-18-pro-pro-max-and-first-foldable-iphone-ultra-at-tonights-sur/","src/articles/tech/apple-to-unveil-iphone-18-pro-pro-max-and-first-foldable-iphone-ultra-at-tonights-sur.md","Tech","2026-09-09T18:19:27Z",269,"INDEX","https://thesamachardaily.in/articles/tech/apple-to-unveil-iphone-18-pro-pro-max-and-first-foldable-iphone-ultra-at-tonights-sur/","IN_SITEMAP","200 OK","YES","NO","YES","YES","CLASS A — INDEXABLE","CLASS F — UNKNOWN GOOGLE STATUS"
"https://thesamachardaily.in/articles/tech/apple-unveils-first-foldable-iphone-duo-targets-october-launch-amid-pro-lineup-reveal/","src/articles/tech/apple-unveils-first-foldable-iphone-duo-targets-october-launch-amid-pro-lineup-reveal.md","Tech","2026-09-20T05:24:08Z",257,"INDEX","https://thesamachardaily.in/articles/tech/apple-unveils-first-foldable-iphone-duo-targets-october-launch-amid-pro-lineup-reveal/","IN_SITEMAP","200 OK","NO","NO","YES","YES","CLASS A — INDEXABLE","CLASS F — UNKNOWN GOOGLE STATUS"
"https://thesamachardaily.in/articles/tech/apple-unveils-first-foldable-iphone-iphone-18-pro-and-apple-watch-12-at-2026-event/","src/articles/tech/apple-unveils-first-foldable-iphone-iphone-18-pro-and-apple-watch-12-at-2026-event.md","Tech","2026-09-09T18:56:59Z",331,"INDEX","https://thesamachardaily.in/articles/tech/apple-unveils-first-foldable-iphone-iphone-18-pro-and-apple-watch-12-at-2026-event/","IN_SITEMAP","200 OK","YES","NO","YES","YES","CLASS A — INDEXABLE","CLASS F — UNKNOWN GOOGLE STATUS"
"https://thesamachardaily.in/articles/tech/apple-unveils-iphone-duo-foldable-pricing-starts-at-1999/","src/articles/tech/apple-unveils-iphone-duo-foldable-pricing-starts-at-1999.md","Tech","2026-09-10T10:56:58Z",266,"INDEX","https://thesamachardaily.in/articles/tech/apple-unveils-iphone-duo-foldable-pricing-starts-at-1999/","IN_SITEMAP","200 OK","YES","NO","YES","YES","CLASS A — INDEXABLE","CLASS F — UNKNOWN GOOGLE STATUS"
"https://thesamachardaily.in/articles/tech/apple-unveils-mac-mini-and-mac-studio-with-m6-chip-doubles-down-on-on-device-ai/","src/articles/tech/apple-unveils-mac-mini-and-mac-studio-with-m6-chip-doubles-down-on-on-device-ai.md","Tech","2026-09-07T08:48:27Z",316,"INDEX","https://thesamachardaily.in/articles/tech/apple-unveils-mac-mini-and-mac-studio-with-m6-chip-doubles-down-on-on-device-ai/","IN_SITEMAP","200 OK","YES","NO","YES","YES","CLASS A — INDEXABLE","CLASS F — UNKNOWN GOOGLE STATUS"
"https://thesamachardaily.in/articles/tech/apples-first-foldable-iphone-duo-set-for-tonights-launch-with-leaked-color-lineup-and/","src/articles/tech/apples-first-foldable-iphone-duo-set-for-tonights-launch-with-leaked-color-lineup-and.md","Tech","2026-09-10T04:56:57Z",246,"INDEX","https://thesamachardaily.in/articles/tech/apples-first-foldable-iphone-duo-set-for-tonights-launch-with-leaked-color-lineup-and/","IN_SITEMAP","200 OK","YES","NO","YES","YES","CLASS A — INDEXABLE","CLASS F — UNKNOWN GOOGLE STATUS"
"https://thesamachardaily.in/articles/tech/apples-ios-27-embeds-private-frameworks-enabling-thirdparty-ai-to-replace-siri/","src/articles/tech/apples-ios-27-embeds-private-frameworks-enabling-thirdparty-ai-to-replace-siri.md","Tech","2026-09-15T03:24:02Z",88,"INDEX","https://thesamachardaily.in/articles/tech/apples-ios-27-embeds-private-frameworks-enabling-thirdparty-ai-to-replace-siri/","IN_SITEMAP","200 OK","YES","NO","YES","YES","CLASS A — INDEXABLE","CLASS F — UNKNOWN GOOGLE STATUS"
"https://thesamachardaily.in/articles/tech/apples-iphone-duo-naming-sparks-backlash-from-surface-duo-supporters/","src/articles/tech/apples-iphone-duo-naming-sparks-backlash-from-surface-duo-supporters.md","Tech","2026-09-10T06:56:57Z",236,"INDEX","https://thesamachardaily.in/articles/tech/apples-iphone-duo-naming-sparks-backlash-from-surface-duo-supporters/","IN_SITEMAP","200 OK","YES","NO","YES","YES","CLASS A — INDEXABLE","CLASS F — UNKNOWN GOOGLE STATUS"
"https://thesamachardaily.in/articles/tech/asus-proart-p14-with-nvidia-rtx-spark-to-start-at-24gb-unified-memory-but-nvme-option/","src/articles/tech/asus-proart-p14-with-nvidia-rtx-spark-to-start-at-24gb-unified-memory-but-nvme-option.md","Tech","2026-09-01T07:27:41Z",323,"INDEX","https://thesamachardaily.in/articles/tech/asus-proart-p14-with-nvidia-rtx-spark-to-start-at-24gb-unified-memory-but-nvme-option/","IN_SITEMAP","200 OK","YES","NO","YES","YES","CLASS A — INDEXABLE","CLASS F — UNKNOWN GOOGLE STATUS"
"https://thesamachardaily.in/articles/tech/baku-boulevard-hosts-classic-car-exhibition-photo/","src/articles/tech/baku-boulevard-hosts-classic-car-exhibition-photo.md","Tech","2026-08-30T19:04:05Z",332,"INDEX","https://thesamachardaily.in/articles/tech/baku-boulevard-hosts-classic-car-exhibition-photo/","IN_SITEMAP","200 OK","YES","NO","YES","YES","CLASS A — INDEXABLE","CLASS F — UNKNOWN GOOGLE STATUS"
"https://thesamachardaily.in/articles/tech/bengaluru-to-host-seven-day-ai-festival-in-march-2027/","src/articles/tech/bengaluru-to-host-seven-day-ai-festival-in-march-2027.md","Tech","2026-08-29T01:13:25Z",213,"INDEX","https://thesamachardaily.in/articles/tech/bengaluru-to-host-seven-day-ai-festival-in-march-2027/","IN_SITEMAP","200 OK","YES","NO","YES","YES","CLASS A — INDEXABLE","CLASS F — UNKNOWN GOOGLE STATUS"
"https://thesamachardaily.in/articles/tech/beyond-data-scientists-indias-overlooked-ai-engineering-shortfall/","src/articles/tech/beyond-data-scientists-indias-overlooked-ai-engineering-shortfall.md","Tech","2026-09-15T19:24:05Z",73,"INDEX","https://thesamachardaily.in/articles/tech/beyond-data-scientists-indias-overlooked-ai-engineering-shortfall/","IN_SITEMAP","200 OK","YES","NO","YES","YES","CLASS A — INDEXABLE","CLASS F — UNKNOWN GOOGLE STATUS"
"https://thesamachardaily.in/articles/tech/bihar-deled-first-merit-list-2026-check-cut-offs-admission-schedule-and-slide-up/","src/articles/tech/bihar-deled-first-merit-list-2026-check-cut-offs-admission-schedule-and-slide-up.md","Tech","2026-08-28T22:43:29Z",243,"INDEX","https://thesamachardaily.in/articles/tech/bihar-deled-first-merit-list-2026-check-cut-offs-admission-schedule-and-slide-up/","IN_SITEMAP","200 OK","YES","NO","YES","YES","CLASS A — INDEXABLE","CLASS F — UNKNOWN GOOGLE STATUS"
"https://thesamachardaily.in/articles/tech/billionaire-ai-makers-urge-us-to-provide-real-leadership-as-technology-threatens-worl/","src/articles/tech/billionaire-ai-makers-urge-us-to-provide-real-leadership-as-technology-threatens-worl.md","Tech","2026-09-20T19:24:18Z",82,"INDEX","https://thesamachardaily.in/articles/tech/billionaire-ai-makers-urge-us-to-provide-real-leadership-as-technology-threatens-worl/","IN_SITEMAP","200 OK","YES","NO","YES","YES","CLASS A — INDEXABLE","CLASS F — UNKNOWN GOOGLE STATUS"
"https://thesamachardaily.in/articles/tech/bloombergs-gurman-says-iphone-duo-is-just-the-start-most-iphones-could-fold-in-a-deca/","src/articles/tech/bloombergs-gurman-says-iphone-duo-is-just-the-start-most-iphones-could-fold-in-a-deca.md","Tech","2026-09-14T23:24:07Z",87,"INDEX","https://thesamachardaily.in/articles/tech/bloombergs-gurman-says-iphone-duo-is-just-the-start-most-iphones-could-fold-in-a-deca/","IN_SITEMAP","200 OK","NO","NO","YES","YES","CLASS A — INDEXABLE","CLASS F — UNKNOWN GOOGLE STATUS"
"https://thesamachardaily.in/articles/tech/bougie-health-startups-offering-full-body-diagnostic-scans-for-rich-people-while-the/","src/articles/tech/bougie-health-startups-offering-full-body-diagnostic-scans-for-rich-people-while-the.md","Tech","2026-08-31T01:03:48Z",348,"INDEX","https://thesamachardaily.in/articles/tech/bougie-health-startups-offering-full-body-diagnostic-scans-for-rich-people-while-the/","IN_SITEMAP","200 OK","YES","NO","YES","YES","CLASS A — INDEXABLE","CLASS F — UNKNOWN GOOGLE STATUS"
"https://thesamachardaily.in/articles/tech/british-ai-smallcaps-gain-attention-as-consumer-confidence-softens/","src/articles/tech/british-ai-smallcaps-gain-attention-as-consumer-confidence-softens.md","Tech","2026-09-06T10:47:45Z",262,"INDEX","https://thesamachardaily.in/articles/tech/british-ai-smallcaps-gain-attention-as-consumer-confidence-softens/","IN_SITEMAP","200 OK","YES","NO","YES","YES","CLASS A — INDEXABLE","CLASS F — UNKNOWN GOOGLE STATUS"
"https://thesamachardaily.in/articles/tech/broadcom-supermicro-unite-vmware-ai-factory-with-hardware-management-for-enterprise-a/","src/articles/tech/broadcom-supermicro-unite-vmware-ai-factory-with-hardware-management-for-enterprise-a.md","Tech","2026-09-05T06:47:35Z",281,"INDEX","https://thesamachardaily.in/articles/tech/broadcom-supermicro-unite-vmware-ai-factory-with-hardware-management-for-enterprise-a/","IN_SITEMAP","200 OK","YES","NO","YES","YES","CLASS A — INDEXABLE","CLASS F — UNKNOWN GOOGLE STATUS"
"https://thesamachardaily.in/articles/tech/california-gov-newsom-signs-bills-to-protect-kids-from-social-media-ai-chatbot-harms/","src/articles/tech/california-gov-newsom-signs-bills-to-protect-kids-from-social-media-ai-chatbot-harms.md","Tech","2026-09-11T08:45:35Z",307,"INDEX","https://thesamachardaily.in/articles/tech/california-gov-newsom-signs-bills-to-protect-kids-from-social-media-ai-chatbot-harms/","IN_SITEMAP","200 OK","YES","NO","YES","YES","CLASS A — INDEXABLE","CLASS F — UNKNOWN GOOGLE STATUS"
"https://thesamachardaily.in/articles/tech/can-ai-make-dysfunctional-governments-more-effective/","src/articles/tech/can-ai-make-dysfunctional-governments-more-effective.md","Tech","2026-08-28T23:32:11Z",246,"INDEX","https://thesamachardaily.in/articles/tech/can-ai-make-dysfunctional-governments-more-effective/","IN_SITEMAP","200 OK","YES","NO","YES","YES","CLASS A — INDEXABLE","CLASS F — UNKNOWN GOOGLE STATUS"
"https://thesamachardaily.in/articles/tech/carter-efe-slams-vdms-china-trip-to-source-iphone-18-warns-of-trader-disruption/","src/articles/tech/carter-efe-slams-vdms-china-trip-to-source-iphone-18-warns-of-trader-disruption.md","Tech","2026-09-13T08:45:21Z",152,"INDEX","https://thesamachardaily.in/articles/tech/carter-efe-slams-vdms-china-trip-to-source-iphone-18-warns-of-trader-disruption/","IN_SITEMAP","200 OK","NO","NO","YES","YES","CLASS A — INDEXABLE","CLASS F — UNKNOWN GOOGLE STATUS"
"https://thesamachardaily.in/articles/tech/cathie-wood-shifts-287-million-from-alphabet-to-meta-as-ai-focus-intensifies/","src/articles/tech/cathie-wood-shifts-287-million-from-alphabet-to-meta-as-ai-focus-intensifies.md","Tech","2026-09-13T10:45:27Z",51,"INDEX","https://thesamachardaily.in/articles/tech/cathie-wood-shifts-287-million-from-alphabet-to-meta-as-ai-focus-intensifies/","IN_SITEMAP","200 OK","YES","NO","YES","YES","CLASS A — INDEXABLE","CLASS F — UNKNOWN GOOGLE STATUS"
"https://thesamachardaily.in/articles/tech/chennai-cyber-crime-wing-warns-against-pirated-streaming-apps-amid-malware-data-theft/","src/articles/tech/chennai-cyber-crime-wing-warns-against-pirated-streaming-apps-amid-malware-data-theft.md","Tech","2026-09-06T12:49:17Z",341,"INDEX","https://thesamachardaily.in/articles/tech/chennai-cyber-crime-wing-warns-against-pirated-streaming-apps-amid-malware-data-theft/","IN_SITEMAP","200 OK","NO","NO","YES","YES","CLASS A — INDEXABLE","CLASS F — UNKNOWN GOOGLE STATUS"
"https://thesamachardaily.in/articles/tech/chinas-sugon-unveils-first-64-thread-laptop-toppling-intel-and-amd-mobile-limits/","src/articles/tech/chinas-sugon-unveils-first-64-thread-laptop-toppling-intel-and-amd-mobile-limits.md","Tech","2026-09-06T18:48:36Z",298,"INDEX","https://thesamachardaily.in/articles/tech/chinas-sugon-unveils-first-64-thread-laptop-toppling-intel-and-amd-mobile-limits/","IN_SITEMAP","200 OK","YES","NO","YES","YES","CLASS A — INDEXABLE","CLASS F — UNKNOWN GOOGLE STATUS"
"https://thesamachardaily.in/articles/tech/ciso-playbook-securing-vector-databases-as-enterprise-ai-adoption-accelerates/","src/articles/tech/ciso-playbook-securing-vector-databases-as-enterprise-ai-adoption-accelerates.md","Tech","2026-09-01T05:26:48Z",364,"INDEX","https://thesamachardaily.in/articles/tech/ciso-playbook-securing-vector-databases-as-enterprise-ai-adoption-accelerates/","IN_SITEMAP","200 OK","YES","NO","YES","YES","CLASS A — INDEXABLE","CLASS F — UNKNOWN GOOGLE STATUS"
"https://thesamachardaily.in/articles/tech/comprint-founder-pankaj-sancheti-sets-fourstep-blueprint-for-ai-investment-evaluation/","src/articles/tech/comprint-founder-pankaj-sancheti-sets-fourstep-blueprint-for-ai-investment-evaluation.md","Tech","2026-09-15T23:23:59Z",69,"INDEX","https://thesamachardaily.in/articles/tech/comprint-founder-pankaj-sancheti-sets-fourstep-blueprint-for-ai-investment-evaluation/","IN_SITEMAP","200 OK","NO","NO","YES","YES","CLASS A — INDEXABLE","CLASS F — UNKNOWN GOOGLE STATUS"
"https://thesamachardaily.in/articles/tech/crowdstrike-debuts-falcon-iq-with-50-ai-agents-expands-to-google-cloud-and-snowflake/","src/articles/tech/crowdstrike-debuts-falcon-iq-with-50-ai-agents-expands-to-google-cloud-and-snowflake.md","Tech","2026-09-01T10:48:37Z",250,"INDEX","https://thesamachardaily.in/articles/tech/crowdstrike-debuts-falcon-iq-with-50-ai-agents-expands-to-google-cloud-and-snowflake/","IN_SITEMAP","200 OK","NO","NO","YES","YES","CLASS A — INDEXABLE","CLASS F — UNKNOWN GOOGLE STATUS"
"https://thesamachardaily.in/articles/tech/cxmt-to-launch-the-first-lpddr6-memory/","src/articles/tech/cxmt-to-launch-the-first-lpddr6-memory.md","Tech","2026-08-29T19:22:30Z",103,"INDEX","https://thesamachardaily.in/articles/tech/cxmt-to-launch-the-first-lpddr6-memory/","IN_SITEMAP","200 OK","NO","NO","YES","YES","CLASS A — INDEXABLE","CLASS F — UNKNOWN GOOGLE STATUS"
"https://thesamachardaily.in/articles/tech/cyber-insurance-fine-print-leaves-firms-exposed-after-outages-report/","src/articles/tech/cyber-insurance-fine-print-leaves-firms-exposed-after-outages-report.md","Tech","2026-09-02T02:47:47Z",321,"INDEX","https://thesamachardaily.in/articles/tech/cyber-insurance-fine-print-leaves-firms-exposed-after-outages-report/","IN_SITEMAP","200 OK","YES","NO","YES","YES","CLASS A — INDEXABLE","CLASS F — UNKNOWN GOOGLE STATUS"
"https://thesamachardaily.in/articles/tech/cybersecurity-stocks-rally-as-threats-mount-crowdstrike-palo-alto-sentinelone-surge/","src/articles/tech/cybersecurity-stocks-rally-as-threats-mount-crowdstrike-palo-alto-sentinelone-surge.md","Tech","2026-09-21T09:24:01Z",54,"INDEX","https://thesamachardaily.in/articles/tech/cybersecurity-stocks-rally-as-threats-mount-crowdstrike-palo-alto-sentinelone-surge/","IN_SITEMAP","200 OK","YES","NO","YES","YES","CLASS A — INDEXABLE","CLASS F — UNKNOWN GOOGLE STATUS"
"https://thesamachardaily.in/articles/tech/cyble-and-uae-cyber-security-council-ink-mou-to-boost-national-threat-intelligence/","src/articles/tech/cyble-and-uae-cyber-security-council-ink-mou-to-boost-national-threat-intelligence.md","Tech","2026-09-18T01:24:04Z",115,"INDEX","https://thesamachardaily.in/articles/tech/cyble-and-uae-cyber-security-council-ink-mou-to-boost-national-threat-intelligence/","IN_SITEMAP","200 OK","NO","NO","YES","YES","CLASS A — INDEXABLE","CLASS F — UNKNOWN GOOGLE STATUS"
"https://thesamachardaily.in/articles/tech/databricks-unveils-adaptive-instructed-retriever-to-sharpen-ai-data-search/","src/articles/tech/databricks-unveils-adaptive-instructed-retriever-to-sharpen-ai-data-search.md","Tech","2026-09-10T18:57:02Z",347,"INDEX","https://thesamachardaily.in/articles/tech/databricks-unveils-adaptive-instructed-retriever-to-sharpen-ai-data-search/","IN_SITEMAP","200 OK","NO","NO","YES","YES","CLASS A — INDEXABLE","CLASS F — UNKNOWN GOOGLE STATUS"
"https://thesamachardaily.in/articles/tech/detection-blind-spots-non-standard-file-formats-in-malicious-email-campaigns-kas/","src/articles/tech/detection-blind-spots-non-standard-file-formats-in-malicious-email-campaigns-kas.md","Tech","2026-08-29T05:13:10Z",276,"INDEX","https://thesamachardaily.in/articles/tech/detection-blind-spots-non-standard-file-formats-in-malicious-email-campaigns-kas/","IN_SITEMAP","200 OK","NO","NO","YES","YES","CLASS A — INDEXABLE","CLASS F — UNKNOWN GOOGLE STATUS"
"https://thesamachardaily.in/articles/tech/dot-warns-imei-tampering-now-carries-3-year-jail-term-and-50-lakh-fine/","src/articles/tech/dot-warns-imei-tampering-now-carries-3-year-jail-term-and-50-lakh-fine.md","Tech","2026-09-01T12:48:35Z",347,"INDEX","https://thesamachardaily.in/articles/tech/dot-warns-imei-tampering-now-carries-3-year-jail-term-and-50-lakh-fine/","IN_SITEMAP","200 OK","YES","NO","YES","YES","CLASS A — INDEXABLE","CLASS F — UNKNOWN GOOGLE STATUS"
"https://thesamachardaily.in/articles/tech/dxc-engineering-teams-with-loxo-to-scale-level4-autonomous-delivery-vehicles/","src/articles/tech/dxc-engineering-teams-with-loxo-to-scale-level4-autonomous-delivery-vehicles.md","Tech","2026-09-17T23:24:03Z",155,"INDEX","https://thesamachardaily.in/articles/tech/dxc-engineering-teams-with-loxo-to-scale-level4-autonomous-delivery-vehicles/","IN_SITEMAP","200 OK","NO","NO","YES","YES","CLASS A — INDEXABLE","CLASS F — UNKNOWN GOOGLE STATUS"
"https://thesamachardaily.in/articles/tech/east-coast-ai-data-center-in-new-jersey-accused-of-running-unpermitted-generators/","src/articles/tech/east-coast-ai-data-center-in-new-jersey-accused-of-running-unpermitted-generators.md","Tech","2026-09-01T14:47:36Z",321,"INDEX","https://thesamachardaily.in/articles/tech/east-coast-ai-data-center-in-new-jersey-accused-of-running-unpermitted-generators/","IN_SITEMAP","200 OK","YES","NO","YES","YES","CLASS A — INDEXABLE","CLASS F — UNKNOWN GOOGLE STATUS"
"https://thesamachardaily.in/articles/tech/edifier-k200-brings-portable-karaoke-to-your-living-room/","src/articles/tech/edifier-k200-brings-portable-karaoke-to-your-living-room.md","Tech","2026-08-29T06:13:18Z",218,"INDEX","https://thesamachardaily.in/articles/tech/edifier-k200-brings-portable-karaoke-to-your-living-room/","IN_SITEMAP","200 OK","NO","NO","YES","YES","CLASS A — INDEXABLE","CLASS F — UNKNOWN GOOGLE STATUS"
"https://thesamachardaily.in/articles/tech/esda-to-host-day-long-ai-design-session-at-semicon-west/","src/articles/tech/esda-to-host-day-long-ai-design-session-at-semicon-west.md","Tech","2026-09-19T01:24:01Z",116,"INDEX","https://thesamachardaily.in/articles/tech/esda-to-host-day-long-ai-design-session-at-semicon-west/","IN_SITEMAP","200 OK","NO","NO","YES","YES","CLASS A — INDEXABLE","CLASS F — UNKNOWN GOOGLE STATUS"
"https://thesamachardaily.in/articles/tech/f1-sim-racing-indigenous-technologies-draw-crowds-at-txg-expo/","src/articles/tech/f1-sim-racing-indigenous-technologies-draw-crowds-at-txg-expo.md","Tech","2026-08-29T04:13:38Z",245,"INDEX","https://thesamachardaily.in/articles/tech/f1-sim-racing-indigenous-technologies-draw-crowds-at-txg-expo/","IN_SITEMAP","200 OK","YES","NO","YES","YES","CLASS A — INDEXABLE","CLASS F — UNKNOWN GOOGLE STATUS"
"https://thesamachardaily.in/articles/tech/fall-smash-hits-or-hitting-stop-button/","src/articles/tech/fall-smash-hits-or-hitting-stop-button.md","Tech","2026-08-30T01:22:33Z",100,"INDEX","https://thesamachardaily.in/articles/tech/fall-smash-hits-or-hitting-stop-button/","IN_SITEMAP","200 OK","YES","NO","YES","YES","CLASS A — INDEXABLE","CLASS F — UNKNOWN GOOGLE STATUS"
"https://thesamachardaily.in/articles/tech/federal-rapid-response-grant-funds-u-of-i-drought-planning-tools-for-irrigators/","src/articles/tech/federal-rapid-response-grant-funds-u-of-i-drought-planning-tools-for-irrigators.md","Tech","2026-08-29T11:39:59Z",170,"INDEX","https://thesamachardaily.in/articles/tech/federal-rapid-response-grant-funds-u-of-i-drought-planning-tools-for-irrigators/","IN_SITEMAP","200 OK","NO","NO","YES","YES","CLASS A — INDEXABLE","CLASS F — UNKNOWN GOOGLE STATUS"
"https://thesamachardaily.in/articles/tech/five-common-android-auto-mistakes-are-undermining-the-in-car-experience/","src/articles/tech/five-common-android-auto-mistakes-are-undermining-the-in-car-experience.md","Tech","2026-09-07T10:49:08Z",392,"INDEX","https://thesamachardaily.in/articles/tech/five-common-android-auto-mistakes-are-undermining-the-in-car-experience/","IN_SITEMAP","200 OK","YES","NO","YES","YES","CLASS A — INDEXABLE","CLASS F — UNKNOWN GOOGLE STATUS"
"https://thesamachardaily.in/articles/tech/galaxy-z-fold-8-camera-setup-shows-how-samsung-reworked-the-fold---techrepublic/","src/articles/tech/galaxy-z-fold-8-camera-setup-shows-how-samsung-reworked-the-fold---techrepublic.md","Tech","2026-08-28T23:37:19Z",455,"INDEX","https://thesamachardaily.in/articles/tech/galaxy-z-fold-8-camera-setup-shows-how-samsung-reworked-the-fold---techrepublic/","IN_SITEMAP","200 OK","YES","NO","YES","YES","CLASS A — INDEXABLE","CLASS F — UNKNOWN GOOGLE STATUS"
"https://thesamachardaily.in/articles/tech/ganesh-chaturthi-tech-deals-reliance-digitals-picks-across-laptops-phones-watches/","src/articles/tech/ganesh-chaturthi-tech-deals-reliance-digitals-picks-across-laptops-phones-watches.md","Tech","2026-09-12T06:45:19Z",65,"NOINDEX","https://thesamachardaily.in/articles/tech/ganesh-chaturthi-tech-deals-reliance-digitals-picks-across-laptops-phones-watches/","OMITTED","200 OK","YES","NO","YES","YES","CLASS B — INTENTIONALLY NOINDEX","CLASS F — UNKNOWN GOOGLE STATUS"
"https://thesamachardaily.in/articles/tech/georgia-police-issue-warning-to-parents-over-viral-cat-in-the-hat-ai-trend/","src/articles/tech/georgia-police-issue-warning-to-parents-over-viral-cat-in-the-hat-ai-trend.md","Tech","2026-09-04T02:47:58Z",220,"INDEX","https://thesamachardaily.in/articles/tech/georgia-police-issue-warning-to-parents-over-viral-cat-in-the-hat-ai-trend/","IN_SITEMAP","200 OK","YES","NO","YES","YES","CLASS A — INDEXABLE","CLASS F — UNKNOWN GOOGLE STATUS"
"https://thesamachardaily.in/articles/tech/global-ai-and-digital-commerce-trends-set-to-lift-monetisation-profitability-for-indi/","src/articles/tech/global-ai-and-digital-commerce-trends-set-to-lift-monetisation-profitability-for-indi.md","Tech","2026-09-01T20:47:44Z",261,"INDEX","https://thesamachardaily.in/articles/tech/global-ai-and-digital-commerce-trends-set-to-lift-monetisation-profitability-for-indi/","IN_SITEMAP","200 OK","YES","NO","YES","YES","CLASS A — INDEXABLE","CLASS F — UNKNOWN GOOGLE STATUS"
"https://thesamachardaily.in/articles/tech/google-aligns-with-openai-anthropic-meta-in-public-ai-hack-disclosures/","src/articles/tech/google-aligns-with-openai-anthropic-meta-in-public-ai-hack-disclosures.md","Tech","2026-09-19T13:24:03Z",200,"INDEX","https://thesamachardaily.in/articles/tech/google-aligns-with-openai-anthropic-meta-in-public-ai-hack-disclosures/","IN_SITEMAP","200 OK","YES","NO","YES","YES","CLASS A — INDEXABLE","CLASS F — UNKNOWN GOOGLE STATUS"
"https://thesamachardaily.in/articles/tech/google-commits-over-15-b-to-finnish-ai-infrastructure-amid-global-energy-competition/","src/articles/tech/google-commits-over-15-b-to-finnish-ai-infrastructure-amid-global-energy-competition.md","Tech","2026-09-10T16:57:10Z",255,"INDEX","https://thesamachardaily.in/articles/tech/google-commits-over-15-b-to-finnish-ai-infrastructure-amid-global-energy-competition/","IN_SITEMAP","200 OK","YES","NO","YES","YES","CLASS A — INDEXABLE","CLASS F — UNKNOWN GOOGLE STATUS"
"https://thesamachardaily.in/articles/tech/google-integrates-google-pics-smart-ai-image-editing-into-docs-and-slides/","src/articles/tech/google-integrates-google-pics-smart-ai-image-editing-into-docs-and-slides.md","Tech","2026-09-02T20:48:10Z",327,"INDEX","https://thesamachardaily.in/articles/tech/google-integrates-google-pics-smart-ai-image-editing-into-docs-and-slides/","IN_SITEMAP","200 OK","YES","NO","YES","YES","CLASS A — INDEXABLE","CLASS F — UNKNOWN GOOGLE STATUS"
"https://thesamachardaily.in/articles/tech/google-rolls-out-gemini-38-flash-pricing-set-at-075-per-million-input-tokens/","src/articles/tech/google-rolls-out-gemini-38-flash-pricing-set-at-075-per-million-input-tokens.md","Tech","2026-09-04T20:48:01Z",303,"INDEX","https://thesamachardaily.in/articles/tech/google-rolls-out-gemini-38-flash-pricing-set-at-075-per-million-input-tokens/","IN_SITEMAP","200 OK","YES","NO","YES","YES","CLASS A — INDEXABLE","CLASS F — UNKNOWN GOOGLE STATUS"
"https://thesamachardaily.in/articles/tech/google-says-android-auto-speedometer-vanishes-because-its-a-paidplan-feature/","src/articles/tech/google-says-android-auto-speedometer-vanishes-because-its-a-paidplan-feature.md","Tech","2026-09-12T08:45:22Z",88,"INDEX","https://thesamachardaily.in/articles/tech/google-says-android-auto-speedometer-vanishes-because-its-a-paidplan-feature/","IN_SITEMAP","200 OK","YES","NO","YES","YES","CLASS A — INDEXABLE","CLASS F — UNKNOWN GOOGLE STATUS"
"https://thesamachardaily.in/articles/tech/gpt-6-astra-beats-fable-51-in-visual-design-securing-70-of-votes/","src/articles/tech/gpt-6-astra-beats-fable-51-in-visual-design-securing-70-of-votes.md","Tech","2026-09-11T00:45:27Z",310,"INDEX","https://thesamachardaily.in/articles/tech/gpt-6-astra-beats-fable-51-in-visual-design-securing-70-of-votes/","IN_SITEMAP","200 OK","NO","NO","YES","YES","CLASS A — INDEXABLE","CLASS F — UNKNOWN GOOGLE STATUS"
"https://thesamachardaily.in/articles/tech/gsmarena-lists-display-sizes-resolutions-for-next-years-pro-iphones/","src/articles/tech/gsmarena-lists-display-sizes-resolutions-for-next-years-pro-iphones.md","Tech","2026-09-22T11:24:03Z",54,"INDEX","https://thesamachardaily.in/articles/tech/gsmarena-lists-display-sizes-resolutions-for-next-years-pro-iphones/","IN_SITEMAP","200 OK","YES","NO","YES","YES","CLASS A — INDEXABLE","CLASS F — UNKNOWN GOOGLE STATUS"
"https://thesamachardaily.in/articles/tech/harmony-to-sunset-its-layer1-chain-shifts-tokens-to-ethereum-for-ai-video-remix-econo/","src/articles/tech/harmony-to-sunset-its-layer1-chain-shifts-tokens-to-ethereum-for-ai-video-remix-econo.md","Tech","2026-09-07T14:47:34Z",327,"INDEX","https://thesamachardaily.in/articles/tech/harmony-to-sunset-its-layer1-chain-shifts-tokens-to-ethereum-for-ai-video-remix-econo/","IN_SITEMAP","200 OK","YES","NO","YES","YES","CLASS A — INDEXABLE","CLASS F — UNKNOWN GOOGLE STATUS"
"https://thesamachardaily.in/articles/tech/horror-has-a-new-home-house-of-horror-haunted-carnival-marks-25-years-at-tropical-par/","src/articles/tech/horror-has-a-new-home-house-of-horror-haunted-carnival-marks-25-years-at-tropical-par.md","Tech","2026-08-29T11:05:35Z",156,"INDEX","https://thesamachardaily.in/articles/tech/horror-has-a-new-home-house-of-horror-haunted-carnival-marks-25-years-at-tropical-par/","IN_SITEMAP","200 OK","YES","NO","YES","YES","CLASS A — INDEXABLE","CLASS F — UNKNOWN GOOGLE STATUS"
"https://thesamachardaily.in/articles/tech/ideagen-retains-verdantix-green-quadrant-leader-status-in-2026-ehs-software-report/","src/articles/tech/ideagen-retains-verdantix-green-quadrant-leader-status-in-2026-ehs-software-report.md","Tech","2026-09-22T03:24:00Z",84,"INDEX","https://thesamachardaily.in/articles/tech/ideagen-retains-verdantix-green-quadrant-leader-status-in-2026-ehs-software-report/","IN_SITEMAP","200 OK","NO","NO","YES","YES","CLASS A — INDEXABLE","CLASS F — UNKNOWN GOOGLE STATUS"
"https://thesamachardaily.in/articles/tech/iflytek-launches-ainote-2-ultra-thin-tablet-with-paperlike-writing-and-realtime-ai/","src/articles/tech/iflytek-launches-ainote-2-ultra-thin-tablet-with-paperlike-writing-and-realtime-ai.md","Tech","2026-09-05T00:47:36Z",307,"INDEX","https://thesamachardaily.in/articles/tech/iflytek-launches-ainote-2-ultra-thin-tablet-with-paperlike-writing-and-realtime-ai/","IN_SITEMAP","200 OK","YES","NO","YES","YES","CLASS A — INDEXABLE","CLASS F — UNKNOWN GOOGLE STATUS"
"https://thesamachardaily.in/articles/tech/india-deploys-ai-across-government-raises-debate-over-authority-limits/","src/articles/tech/india-deploys-ai-across-government-raises-debate-over-authority-limits.md","Tech","2026-09-12T16:45:10Z",71,"INDEX","https://thesamachardaily.in/articles/tech/india-deploys-ai-across-government-raises-debate-over-authority-limits/","IN_SITEMAP","200 OK","YES","NO","YES","YES","CLASS A — INDEXABLE","CLASS F — UNKNOWN GOOGLE STATUS"
"https://thesamachardaily.in/articles/tech/india-must-avoid-low-cost-model-to-secure-global-ai-leadership-experts-warn/","src/articles/tech/india-must-avoid-low-cost-model-to-secure-global-ai-leadership-experts-warn.md","Tech","2026-09-07T02:47:47Z",265,"INDEX","https://thesamachardaily.in/articles/tech/india-must-avoid-low-cost-model-to-secure-global-ai-leadership-experts-warn/","IN_SITEMAP","200 OK","YES","NO","YES","YES","CLASS A — INDEXABLE","CLASS F — UNKNOWN GOOGLE STATUS"
"https://thesamachardaily.in/articles/tech/india-to-assist-sri-lanka-in-creating-army-ai-laboratory-says-defence-minister/","src/articles/tech/india-to-assist-sri-lanka-in-creating-army-ai-laboratory-says-defence-minister.md","Tech","2026-09-10T20:56:55Z",164,"INDEX","https://thesamachardaily.in/articles/tech/india-to-assist-sri-lanka-in-creating-army-ai-laboratory-says-defence-minister/","IN_SITEMAP","200 OK","NO","NO","YES","YES","CLASS A — INDEXABLE","CLASS F — UNKNOWN GOOGLE STATUS"
"https://thesamachardaily.in/articles/tech/indian-startup-detectifai-develops-live-call-detection-system-to-fight-ai-voice-/","src/articles/tech/indian-startup-detectifai-develops-live-call-detection-system-to-fight-ai-voice-.md","Tech","2026-08-28T22:41:15Z",228,"NOINDEX","https://thesamachardaily.in/articles/tech/indian-startup-detectifai-develops-live-call-detection-system-to-fight-ai-voice-/","OMITTED","200 OK","YES","NO","YES","YES","CLASS B — INTENTIONALLY NOINDEX","CLASS F — UNKNOWN GOOGLE STATUS"
"https://thesamachardaily.in/articles/tech/indias-ai-education-drive-aims-for-speed-yet-risks-passive-learning/","src/articles/tech/indias-ai-education-drive-aims-for-speed-yet-risks-passive-learning.md","Tech","2026-09-17T13:23:59Z",89,"INDEX","https://thesamachardaily.in/articles/tech/indias-ai-education-drive-aims-for-speed-yet-risks-passive-learning/","IN_SITEMAP","200 OK","YES","NO","YES","YES","CLASS A — INDEXABLE","CLASS F — UNKNOWN GOOGLE STATUS"
"https://thesamachardaily.in/articles/tech/indias-lr-ashm-family-could-reach-3500-km-as-drdo-develops-extended-range-hypersonic/","src/articles/tech/indias-lr-ashm-family-could-reach-3500-km-as-drdo-develops-extended-range-hypersonic.md","Tech","2026-08-29T17:22:29Z",132,"INDEX","https://thesamachardaily.in/articles/tech/indias-lr-ashm-family-could-reach-3500-km-as-drdo-develops-extended-range-hypersonic/","IN_SITEMAP","200 OK","YES","NO","YES","YES","CLASS A — INDEXABLE","CLASS F — UNKNOWN GOOGLE STATUS"
"https://thesamachardaily.in/articles/tech/indias-semiconductor-drive-shifts-to-execution-says-ashwini-vaishnaw/","src/articles/tech/indias-semiconductor-drive-shifts-to-execution-says-ashwini-vaishnaw.md","Tech","2026-09-19T05:24:06Z",215,"INDEX","https://thesamachardaily.in/articles/tech/indias-semiconductor-drive-shifts-to-execution-says-ashwini-vaishnaw/","IN_SITEMAP","200 OK","YES","YES","YES","YES","CLASS A — INDEXABLE","CLASS F — UNKNOWN GOOGLE STATUS"
"https://thesamachardaily.in/articles/tech/industrial-ai-aims-to-empower-operators-not-replace-them/","src/articles/tech/industrial-ai-aims-to-empower-operators-not-replace-them.md","Tech","2026-09-12T00:45:12Z",78,"NOINDEX","https://thesamachardaily.in/articles/tech/industrial-ai-aims-to-empower-operators-not-replace-them/","OMITTED","200 OK","YES","NO","YES","YES","CLASS B — INTENTIONALLY NOINDEX","CLASS F — UNKNOWN GOOGLE STATUS"
"https://thesamachardaily.in/articles/tech/industrys-missed-piece-realtime-user-feedback-to-tackle-ai-drift/","src/articles/tech/industrys-missed-piece-realtime-user-feedback-to-tackle-ai-drift.md","Tech","2026-09-12T02:45:12Z",75,"NOINDEX","https://thesamachardaily.in/articles/tech/industrys-missed-piece-realtime-user-feedback-to-tackle-ai-drift/","OMITTED","200 OK","YES","NO","YES","YES","CLASS B — INTENTIONALLY NOINDEX","CLASS F — UNKNOWN GOOGLE STATUS"
"https://thesamachardaily.in/articles/tech/inside-the-birth-of-androids-green-robot-design-choice-and-iconic-rise/","src/articles/tech/inside-the-birth-of-androids-green-robot-design-choice-and-iconic-rise.md","Tech","2026-09-06T02:47:40Z",329,"INDEX","https://thesamachardaily.in/articles/tech/inside-the-birth-of-androids-green-robot-design-choice-and-iconic-rise/","IN_SITEMAP","200 OK","YES","NO","YES","YES","CLASS A — INDEXABLE","CLASS F — UNKNOWN GOOGLE STATUS"
"https://thesamachardaily.in/articles/tech/instagram-replaces-ai-creator-label-with-aigenerated-profile-tag-curbs-undisclosed-bo/","src/articles/tech/instagram-replaces-ai-creator-label-with-aigenerated-profile-tag-curbs-undisclosed-bo.md","Tech","2026-09-01T22:47:37Z",321,"INDEX","https://thesamachardaily.in/articles/tech/instagram-replaces-ai-creator-label-with-aigenerated-profile-tag-curbs-undisclosed-bo/","IN_SITEMAP","200 OK","YES","NO","YES","YES","CLASS A — INDEXABLE","CLASS F — UNKNOWN GOOGLE STATUS"
"https://thesamachardaily.in/articles/tech/iphone-18-pro-foldable-iphone-ultra-and-more-apple-products-expected-next-month-/","src/articles/tech/iphone-18-pro-foldable-iphone-ultra-and-more-apple-products-expected-next-month-.md","Tech","2026-08-28T22:51:44Z",459,"INDEX","https://thesamachardaily.in/articles/tech/iphone-18-pro-foldable-iphone-ultra-and-more-apple-products-expected-next-month-/","IN_SITEMAP","200 OK","YES","NO","YES","YES","CLASS A — INDEXABLE","CLASS F — UNKNOWN GOOGLE STATUS"
"https://thesamachardaily.in/articles/tech/iphone-duos-dualcamera-design-trades-tradition-for-thinness-not-flaw/","src/articles/tech/iphone-duos-dualcamera-design-trades-tradition-for-thinness-not-flaw.md","Tech","2026-09-16T01:24:03Z",93,"INDEX","https://thesamachardaily.in/articles/tech/iphone-duos-dualcamera-design-trades-tradition-for-thinness-not-flaw/","IN_SITEMAP","200 OK","YES","NO","YES","YES","CLASS A — INDEXABLE","CLASS F — UNKNOWN GOOGLE STATUS"
"https://thesamachardaily.in/articles/tech/is-the-best-way-to-watch-a-movie-on-a-pair-of-sunglasses/","src/articles/tech/is-the-best-way-to-watch-a-movie-on-a-pair-of-sunglasses.md","Tech","2026-08-29T10:44:09Z",166,"INDEX","https://thesamachardaily.in/articles/tech/is-the-best-way-to-watch-a-movie-on-a-pair-of-sunglasses/","IN_SITEMAP","200 OK","YES","NO","YES","YES","CLASS A — INDEXABLE","CLASS F — UNKNOWN GOOGLE STATUS"
"https://thesamachardaily.in/articles/tech/jio-platforms-ipo-gets-sebi-nod/","src/articles/tech/jio-platforms-ipo-gets-sebi-nod.md","Tech","2026-08-28T23:00:07Z",249,"INDEX","https://thesamachardaily.in/articles/tech/jio-platforms-ipo-gets-sebi-nod/","IN_SITEMAP","200 OK","YES","NO","YES","YES","CLASS A — INDEXABLE","CLASS F — UNKNOWN GOOGLE STATUS"
"https://thesamachardaily.in/articles/tech/jpmorgan-executive-reveals-key-metric-ai-projects-must-prove-to-secure-funding/","src/articles/tech/jpmorgan-executive-reveals-key-metric-ai-projects-must-prove-to-secure-funding.md","Tech","2026-09-03T10:48:54Z",370,"INDEX","https://thesamachardaily.in/articles/tech/jpmorgan-executive-reveals-key-metric-ai-projects-must-prove-to-secure-funding/","IN_SITEMAP","200 OK","YES","NO","YES","YES","CLASS A — INDEXABLE","CLASS F — UNKNOWN GOOGLE STATUS"
"https://thesamachardaily.in/articles/tech/judge-rodriguez-weighs-in-on-artificial-intelligence-uses-in-the-judiciary/","src/articles/tech/judge-rodriguez-weighs-in-on-artificial-intelligence-uses-in-the-judiciary.md","Tech","2026-09-02T08:48:28Z",340,"INDEX","https://thesamachardaily.in/articles/tech/judge-rodriguez-weighs-in-on-artificial-intelligence-uses-in-the-judiciary/","IN_SITEMAP","200 OK","YES","NO","YES","YES","CLASS A — INDEXABLE","CLASS F — UNKNOWN GOOGLE STATUS"
"https://thesamachardaily.in/articles/tech/jumpfactor-says-security-mandates-spur-it-modernization-for-small-and-midsize-vendors/","src/articles/tech/jumpfactor-says-security-mandates-spur-it-modernization-for-small-and-midsize-vendors.md","Tech","2026-09-12T12:45:13Z",66,"NOINDEX","https://thesamachardaily.in/articles/tech/jumpfactor-says-security-mandates-spur-it-modernization-for-small-and-midsize-vendors/","OMITTED","200 OK","NO","NO","YES","YES","CLASS B — INTENTIONALLY NOINDEX","CLASS F — UNKNOWN GOOGLE STATUS"
"https://thesamachardaily.in/articles/tech/juul-gets-ok-to-sell-updated-vaping-device-with-age-gating-technology/","src/articles/tech/juul-gets-ok-to-sell-updated-vaping-device-with-age-gating-technology.md","Tech","2026-08-31T11:03:14Z",313,"INDEX","https://thesamachardaily.in/articles/tech/juul-gets-ok-to-sell-updated-vaping-device-with-age-gating-technology/","IN_SITEMAP","200 OK","YES","NO","YES","YES","CLASS A — INDEXABLE","CLASS F — UNKNOWN GOOGLE STATUS"
"https://thesamachardaily.in/articles/tech/kalamazoo-considers-data-center-moratorium-amid-rapid-ai-expansion/","src/articles/tech/kalamazoo-considers-data-center-moratorium-amid-rapid-ai-expansion.md","Tech","2026-09-05T12:47:48Z",232,"INDEX","https://thesamachardaily.in/articles/tech/kalamazoo-considers-data-center-moratorium-amid-rapid-ai-expansion/","IN_SITEMAP","200 OK","YES","NO","YES","YES","CLASS A — INDEXABLE","CLASS F — UNKNOWN GOOGLE STATUS"
"https://thesamachardaily.in/articles/tech/klh-aziznagar-campus-partners-with-dsci-to-boost-cybersecurity-education-and-skills/","src/articles/tech/klh-aziznagar-campus-partners-with-dsci-to-boost-cybersecurity-education-and-skills.md","Tech","2026-09-01T16:49:25Z",217,"INDEX","https://thesamachardaily.in/articles/tech/klh-aziznagar-campus-partners-with-dsci-to-boost-cybersecurity-education-and-skills/","IN_SITEMAP","200 OK","NO","NO","YES","YES","CLASS A — INDEXABLE","CLASS F — UNKNOWN GOOGLE STATUS"
"https://thesamachardaily.in/articles/tech/krafton-commits-250-million-to-india-targeting-ai-robotics-and-deep-tech/","src/articles/tech/krafton-commits-250-million-to-india-targeting-ai-robotics-and-deep-tech.md","Tech","2026-09-05T18:47:35Z",277,"INDEX","https://thesamachardaily.in/articles/tech/krafton-commits-250-million-to-india-targeting-ai-robotics-and-deep-tech/","IN_SITEMAP","200 OK","YES","NO","YES","YES","CLASS A — INDEXABLE","CLASS F — UNKNOWN GOOGLE STATUS"
"https://thesamachardaily.in/articles/tech/lava-unveils-virat-curve-5g-smartphone-at-19999-launch-price/","src/articles/tech/lava-unveils-virat-curve-5g-smartphone-at-19999-launch-price.md","Tech","2026-09-22T05:24:04Z",208,"INDEX","https://thesamachardaily.in/articles/tech/lava-unveils-virat-curve-5g-smartphone-at-19999-launch-price/","IN_SITEMAP","200 OK","YES","NO","YES","YES","CLASS A — INDEXABLE","CLASS F — UNKNOWN GOOGLE STATUS"
"https://thesamachardaily.in/articles/tech/lenovo-acer-debut-nvidia-rtx-spark-systems-at-ifa-2026-ahead-of-october-launch/","src/articles/tech/lenovo-acer-debut-nvidia-rtx-spark-systems-at-ifa-2026-ahead-of-october-launch.md","Tech","2026-09-07T06:47:58Z",262,"INDEX","https://thesamachardaily.in/articles/tech/lenovo-acer-debut-nvidia-rtx-spark-systems-at-ifa-2026-ahead-of-october-launch/","IN_SITEMAP","200 OK","YES","NO","YES","YES","CLASS A — INDEXABLE","CLASS F — UNKNOWN GOOGLE STATUS"
"https://thesamachardaily.in/articles/tech/lenovo-yoga-pro-9i-2026-pairs-12gb-rtx-5070-with-1500-nit-oled-display/","src/articles/tech/lenovo-yoga-pro-9i-2026-pairs-12gb-rtx-5070-with-1500-nit-oled-display.md","Tech","2026-09-02T04:48:01Z",336,"INDEX","https://thesamachardaily.in/articles/tech/lenovo-yoga-pro-9i-2026-pairs-12gb-rtx-5070-with-1500-nit-oled-display/","IN_SITEMAP","200 OK","YES","NO","YES","YES","CLASS A — INDEXABLE","CLASS F — UNKNOWN GOOGLE STATUS"
"https://thesamachardaily.in/articles/tech/long-queues-mark-first-day-sale-of-iphone-18-series-across-india/","src/articles/tech/long-queues-mark-first-day-sale-of-iphone-18-series-across-india.md","Tech","2026-09-18T17:24:17Z",219,"INDEX","https://thesamachardaily.in/articles/tech/long-queues-mark-first-day-sale-of-iphone-18-series-across-india/","IN_SITEMAP","200 OK","YES","NO","YES","YES","CLASS A — INDEXABLE","CLASS F — UNKNOWN GOOGLE STATUS"
"https://thesamachardaily.in/articles/tech/major-ai-outage-hits-chatgpt-gemini-and-claude-as-astra-rumors-swirl/","src/articles/tech/major-ai-outage-hits-chatgpt-gemini-and-claude-as-astra-rumors-swirl.md","Tech","2026-09-04T04:48:33Z",337,"INDEX","https://thesamachardaily.in/articles/tech/major-ai-outage-hits-chatgpt-gemini-and-claude-as-astra-rumors-swirl/","IN_SITEMAP","200 OK","YES","NO","YES","YES","CLASS A — INDEXABLE","CLASS F — UNKNOWN GOOGLE STATUS"
"https://thesamachardaily.in/articles/tech/mediatek-unveils-dimensity-9600-pro-a-2nm-flagship-chip-powering-oppo-find-x10-pro-ma/","src/articles/tech/mediatek-unveils-dimensity-9600-pro-a-2nm-flagship-chip-powering-oppo-find-x10-pro-ma.md","Tech","2026-09-16T13:24:08Z",62,"INDEX","https://thesamachardaily.in/articles/tech/mediatek-unveils-dimensity-9600-pro-a-2nm-flagship-chip-powering-oppo-find-x10-pro-ma/","IN_SITEMAP","200 OK","YES","NO","YES","YES","CLASS A — INDEXABLE","CLASS F — UNKNOWN GOOGLE STATUS"
"https://thesamachardaily.in/articles/tech/meta-ai-chief-wang-mocks-google-as-muse-spark-13-outscores-gemini/","src/articles/tech/meta-ai-chief-wang-mocks-google-as-muse-spark-13-outscores-gemini.md","Tech","2026-09-03T18:48:58Z",294,"INDEX","https://thesamachardaily.in/articles/tech/meta-ai-chief-wang-mocks-google-as-muse-spark-13-outscores-gemini/","IN_SITEMAP","200 OK","YES","NO","YES","YES","CLASS A — INDEXABLE","CLASS F — UNKNOWN GOOGLE STATUS"
"https://thesamachardaily.in/articles/tech/metas-18-billion-settlement-why-it-could-change-social-media-rules-for-kids-worl/","src/articles/tech/metas-18-billion-settlement-why-it-could-change-social-media-rules-for-kids-worl.md","Tech","2026-08-29T03:13:24Z",256,"INDEX","https://thesamachardaily.in/articles/tech/metas-18-billion-settlement-why-it-could-change-social-media-rules-for-kids-worl/","IN_SITEMAP","200 OK","NO","NO","YES","YES","CLASS A — INDEXABLE","CLASS F — UNKNOWN GOOGLE STATUS"
"https://thesamachardaily.in/articles/tech/metas-ai-training-disclosures-prompt-judicial-skepticism/","src/articles/tech/metas-ai-training-disclosures-prompt-judicial-skepticism.md","Tech","2026-09-10T14:57:00Z",201,"INDEX","https://thesamachardaily.in/articles/tech/metas-ai-training-disclosures-prompt-judicial-skepticism/","IN_SITEMAP","200 OK","NO","NO","YES","YES","CLASS A — INDEXABLE","CLASS F — UNKNOWN GOOGLE STATUS"
"https://thesamachardaily.in/articles/tech/microsoft-ai-chief-flags-anthropics-claude-training-as-threat-to-human-control/","src/articles/tech/microsoft-ai-chief-flags-anthropics-claude-training-as-threat-to-human-control.md","Tech","2026-09-18T03:26:11Z",81,"INDEX","https://thesamachardaily.in/articles/tech/microsoft-ai-chief-flags-anthropics-claude-training-as-threat-to-human-control/","IN_SITEMAP","200 OK","NO","NO","YES","YES","CLASS A — INDEXABLE","CLASS F — UNKNOWN GOOGLE STATUS"
"https://thesamachardaily.in/articles/tech/milrem-robotics-seals-strategic-defense-tech-deals-with-polands-pgz-group-at-mspo/","src/articles/tech/milrem-robotics-seals-strategic-defense-tech-deals-with-polands-pgz-group-at-mspo.md","Tech","2026-09-10T22:57:26Z",281,"INDEX","https://thesamachardaily.in/articles/tech/milrem-robotics-seals-strategic-defense-tech-deals-with-polands-pgz-group-at-mspo/","IN_SITEMAP","200 OK","NO","NO","YES","YES","CLASS A — INDEXABLE","CLASS F — UNKNOWN GOOGLE STATUS"
"https://thesamachardaily.in/articles/tech/mitsubishi-electric-to-deploy-ai-talent-platform-for-150000-staff-by-fy2029/","src/articles/tech/mitsubishi-electric-to-deploy-ai-talent-platform-for-150000-staff-by-fy2029.md","Tech","2026-09-12T10:45:11Z",82,"INDEX","https://thesamachardaily.in/articles/tech/mitsubishi-electric-to-deploy-ai-talent-platform-for-150000-staff-by-fy2029/","IN_SITEMAP","200 OK","NO","NO","YES","YES","CLASS A — INDEXABLE","CLASS F — UNKNOWN GOOGLE STATUS"
"https://thesamachardaily.in/articles/tech/mivi-one-5g-set-for-india-launch-on-sept-24-with-snapdragon-chipset-and-gemini-ai/","src/articles/tech/mivi-one-5g-set-for-india-launch-on-sept-24-with-snapdragon-chipset-and-gemini-ai.md","Tech","2026-09-04T14:47:37Z",280,"INDEX","https://thesamachardaily.in/articles/tech/mivi-one-5g-set-for-india-launch-on-sept-24-with-snapdragon-chipset-and-gemini-ai/","IN_SITEMAP","200 OK","YES","NO","YES","YES","CLASS A — INDEXABLE","CLASS F — UNKNOWN GOOGLE STATUS"
"https://thesamachardaily.in/articles/tech/music-features-prominently-in-grand-theft-auto-vi-extended-look---music-ally/","src/articles/tech/music-features-prominently-in-grand-theft-auto-vi-extended-look---music-ally.md","Tech","2026-08-28T23:30:10Z",451,"INDEX","https://thesamachardaily.in/articles/tech/music-features-prominently-in-grand-theft-auto-vi-extended-look---music-ally/","IN_SITEMAP","200 OK","YES","NO","YES","YES","CLASS A — INDEXABLE","CLASS F — UNKNOWN GOOGLE STATUS"
"https://thesamachardaily.in/articles/tech/nasa-administrator-conducts-flypast-over-cape-canaveral-launchpad-on-eve-of-launch-of/","src/articles/tech/nasa-administrator-conducts-flypast-over-cape-canaveral-launchpad-on-eve-of-launch-of.md","Tech","2026-08-30T05:22:35Z",110,"INDEX","https://thesamachardaily.in/articles/tech/nasa-administrator-conducts-flypast-over-cape-canaveral-launchpad-on-eve-of-launch-of/","IN_SITEMAP","200 OK","YES","NO","YES","YES","CLASS A — INDEXABLE","CLASS F — UNKNOWN GOOGLE STATUS"
"https://thesamachardaily.in/articles/tech/nasa-engineers-chip-gamble-fuels-billionunit-smartphone-camera-boom/","src/articles/tech/nasa-engineers-chip-gamble-fuels-billionunit-smartphone-camera-boom.md","Tech","2026-09-21T03:24:02Z",102,"INDEX","https://thesamachardaily.in/articles/tech/nasa-engineers-chip-gamble-fuels-billionunit-smartphone-camera-boom/","IN_SITEMAP","200 OK","YES","NO","YES","YES","CLASS A — INDEXABLE","CLASS F — UNKNOWN GOOGLE STATUS"
"https://thesamachardaily.in/articles/tech/nasa-ibm-unveil-opensource-ai-model-to-map-moons-ice-craters-and-volcanoes/","src/articles/tech/nasa-ibm-unveil-opensource-ai-model-to-map-moons-ice-craters-and-volcanoes.md","Tech","2026-09-11T16:06:33Z",67,"NOINDEX","https://thesamachardaily.in/articles/tech/nasa-ibm-unveil-opensource-ai-model-to-map-moons-ice-craters-and-volcanoes/","OMITTED","200 OK","NO","NO","YES","YES","CLASS B — INTENTIONALLY NOINDEX","CLASS F — UNKNOWN GOOGLE STATUS"
"https://thesamachardaily.in/articles/tech/nvidia-acquires-hugging-face-for-13-billion-in-massive-open-source-ai-push/","src/articles/tech/nvidia-acquires-hugging-face-for-13-billion-in-massive-open-source-ai-push.md","Tech","2026-09-04T10:48:14Z",311,"INDEX","https://thesamachardaily.in/articles/tech/nvidia-acquires-hugging-face-for-13-billion-in-massive-open-source-ai-push/","IN_SITEMAP","200 OK","YES","NO","YES","YES","CLASS A — INDEXABLE","CLASS F — UNKNOWN GOOGLE STATUS"
"https://thesamachardaily.in/articles/tech/nvidia-in-funding-talks-for-anthropics-potentially-massive-ipo/","src/articles/tech/nvidia-in-funding-talks-for-anthropics-potentially-massive-ipo.md","Tech","2026-09-13T06:45:09Z",220,"INDEX","https://thesamachardaily.in/articles/tech/nvidia-in-funding-talks-for-anthropics-potentially-massive-ipo/","IN_SITEMAP","200 OK","YES","NO","YES","YES","CLASS A — INDEXABLE","CLASS F — UNKNOWN GOOGLE STATUS"
"https://thesamachardaily.in/articles/tech/openai-chief-scientist-warns-of-unchecked-ai-urges-extreme-caution-as-technology-race/","src/articles/tech/openai-chief-scientist-warns-of-unchecked-ai-urges-extreme-caution-as-technology-race.md","Tech","2026-09-07T18:47:32Z",307,"INDEX","https://thesamachardaily.in/articles/tech/openai-chief-scientist-warns-of-unchecked-ai-urges-extreme-caution-as-technology-race/","IN_SITEMAP","200 OK","YES","NO","YES","YES","CLASS A — INDEXABLE","CLASS F — UNKNOWN GOOGLE STATUS"
"https://thesamachardaily.in/articles/tech/openai-claims-gpt-6-astra-surpasses-anthropic-dubbing-it-worlds-most-intelligent-mode/","src/articles/tech/openai-claims-gpt-6-astra-surpasses-anthropic-dubbing-it-worlds-most-intelligent-mode.md","Tech","2026-09-04T06:47:40Z",284,"INDEX","https://thesamachardaily.in/articles/tech/openai-claims-gpt-6-astra-surpasses-anthropic-dubbing-it-worlds-most-intelligent-mode/","IN_SITEMAP","200 OK","YES","NO","YES","YES","CLASS A — INDEXABLE","CLASS F — UNKNOWN GOOGLE STATUS"
"https://thesamachardaily.in/articles/tech/openai-declares-agi-era-at-gpt-6-astra-briefing-anthropics-fable-51-posts-big-science/","src/articles/tech/openai-declares-agi-era-at-gpt-6-astra-briefing-anthropics-fable-51-posts-big-science.md","Tech","2026-09-04T16:47:57Z",344,"INDEX","https://thesamachardaily.in/articles/tech/openai-declares-agi-era-at-gpt-6-astra-briefing-anthropics-fable-51-posts-big-science/","IN_SITEMAP","200 OK","YES","NO","YES","YES","CLASS A — INDEXABLE","CLASS F — UNKNOWN GOOGLE STATUS"
"https://thesamachardaily.in/articles/tech/openai-embeds-chatgpt-in-microsoft-word-enabling-ai-drafting-and-editing/","src/articles/tech/openai-embeds-chatgpt-in-microsoft-word-enabling-ai-drafting-and-editing.md","Tech","2026-09-21T19:24:05Z",122,"INDEX","https://thesamachardaily.in/articles/tech/openai-embeds-chatgpt-in-microsoft-word-enabling-ai-drafting-and-editing/","IN_SITEMAP","200 OK","YES","NO","YES","YES","CLASS A — INDEXABLE","CLASS F — UNKNOWN GOOGLE STATUS"
"https://thesamachardaily.in/articles/tech/openai-faces-mathematicians-backlash-over-ai-driven-race-to-solve-classic-problems/","src/articles/tech/openai-faces-mathematicians-backlash-over-ai-driven-race-to-solve-classic-problems.md","Tech","2026-09-12T20:45:09Z",190,"INDEX","https://thesamachardaily.in/articles/tech/openai-faces-mathematicians-backlash-over-ai-driven-race-to-solve-classic-problems/","IN_SITEMAP","200 OK","YES","NO","YES","YES","CLASS A — INDEXABLE","CLASS F — UNKNOWN GOOGLE STATUS"
"https://thesamachardaily.in/articles/tech/openais-astra-becomes-first-model-to-hit-critical-cybersecurity-threshold/","src/articles/tech/openais-astra-becomes-first-model-to-hit-critical-cybersecurity-threshold.md","Tech","2026-09-03T14:49:12Z",321,"INDEX","https://thesamachardaily.in/articles/tech/openais-astra-becomes-first-model-to-hit-critical-cybersecurity-threshold/","IN_SITEMAP","200 OK","YES","NO","YES","YES","CLASS A — INDEXABLE","CLASS F — UNKNOWN GOOGLE STATUS"
"https://thesamachardaily.in/articles/tech/openais-gpt-6-astra-generates-swarms-of-local-cpu-agents-boosting-intel-and-amd-deman/","src/articles/tech/openais-gpt-6-astra-generates-swarms-of-local-cpu-agents-boosting-intel-and-amd-deman.md","Tech","2026-09-06T16:47:34Z",341,"INDEX","https://thesamachardaily.in/articles/tech/openais-gpt-6-astra-generates-swarms-of-local-cpu-agents-boosting-intel-and-amd-deman/","IN_SITEMAP","200 OK","YES","NO","YES","YES","CLASS A — INDEXABLE","CLASS F — UNKNOWN GOOGLE STATUS"
"https://thesamachardaily.in/articles/tech/oppo-find-x10-pro-max-leaks-triple-200mp-cameras-groundbreaking-mobile-photograp/","src/articles/tech/oppo-find-x10-pro-max-leaks-triple-200mp-cameras-groundbreaking-mobile-photograp.md","Tech","2026-08-28T23:45:17Z",284,"INDEX","https://thesamachardaily.in/articles/tech/oppo-find-x10-pro-max-leaks-triple-200mp-cameras-groundbreaking-mobile-photograp/","IN_SITEMAP","200 OK","YES","NO","YES","YES","CLASS A — INDEXABLE","CLASS F — UNKNOWN GOOGLE STATUS"
"https://thesamachardaily.in/articles/tech/oppo-find-x10-vivo-x500-oneplus-16-flagship-launch-timelines-leaked-for-india/","src/articles/tech/oppo-find-x10-vivo-x500-oneplus-16-flagship-launch-timelines-leaked-for-india.md","Tech","2026-09-18T21:24:01Z",90,"INDEX","https://thesamachardaily.in/articles/tech/oppo-find-x10-vivo-x500-oneplus-16-flagship-launch-timelines-leaked-for-india/","IN_SITEMAP","200 OK","YES","NO","YES","YES","CLASS A — INDEXABLE","CLASS F — UNKNOWN GOOGLE STATUS"
"https://thesamachardaily.in/articles/tech/palantirs-alex-karp-hails-indias-ai-push-calls-for-sovereign-systems/","src/articles/tech/palantirs-alex-karp-hails-indias-ai-push-calls-for-sovereign-systems.md","Tech","2026-09-03T06:50:34Z",546,"INDEX","https://thesamachardaily.in/articles/tech/palantirs-alex-karp-hails-indias-ai-push-calls-for-sovereign-systems/","IN_SITEMAP","200 OK","YES","NO","YES","YES","CLASS A — INDEXABLE","CLASS F — UNKNOWN GOOGLE STATUS"
"https://thesamachardaily.in/articles/tech/palantirs-alex-karp-urges-governments-to-recall-ai-experts-from-us-warns-of-anti-sove/","src/articles/tech/palantirs-alex-karp-urges-governments-to-recall-ai-experts-from-us-warns-of-anti-sove.md","Tech","2026-09-03T12:48:15Z",570,"INDEX","https://thesamachardaily.in/articles/tech/palantirs-alex-karp-urges-governments-to-recall-ai-experts-from-us-warns-of-anti-sove/","IN_SITEMAP","200 OK","YES","NO","YES","YES","CLASS A — INDEXABLE","CLASS F — UNKNOWN GOOGLE STATUS"
"https://thesamachardaily.in/articles/tech/peladn-unveils-budget-wo5-mini-pc-in-china-with-ryzen-5-3500u-and-tripledisplay-suppo/","src/articles/tech/peladn-unveils-budget-wo5-mini-pc-in-china-with-ryzen-5-3500u-and-tripledisplay-suppo.md","Tech","2026-09-15T11:24:01Z",67,"INDEX","https://thesamachardaily.in/articles/tech/peladn-unveils-budget-wo5-mini-pc-in-china-with-ryzen-5-3500u-and-tripledisplay-suppo/","IN_SITEMAP","200 OK","NO","NO","YES","YES","CLASS A — INDEXABLE","CLASS F — UNKNOWN GOOGLE STATUS"
"https://thesamachardaily.in/articles/tech/perplexity-unveils-open-source-tool-numbat-to-track-rogue-ai-agents/","src/articles/tech/perplexity-unveils-open-source-tool-numbat-to-track-rogue-ai-agents.md","Tech","2026-09-07T00:48:25Z",322,"INDEX","https://thesamachardaily.in/articles/tech/perplexity-unveils-open-source-tool-numbat-to-track-rogue-ai-agents/","IN_SITEMAP","200 OK","YES","NO","YES","YES","CLASS A — INDEXABLE","CLASS F — UNKNOWN GOOGLE STATUS"
"https://thesamachardaily.in/articles/tech/pitaka-launches-iphone-18-edge-and-guard-cases-with-aramid-fiber-protection/","src/articles/tech/pitaka-launches-iphone-18-edge-and-guard-cases-with-aramid-fiber-protection.md","Tech","2026-09-11T16:45:10Z",175,"INDEX","https://thesamachardaily.in/articles/tech/pitaka-launches-iphone-18-edge-and-guard-cases-with-aramid-fiber-protection/","IN_SITEMAP","200 OK","NO","NO","YES","YES","CLASS A — INDEXABLE","CLASS F — UNKNOWN GOOGLE STATUS"
"https://thesamachardaily.in/articles/tech/poco-x8-power-5g-launching-in-india-on-september-4-10000mah-battery-and-specs-co/","src/articles/tech/poco-x8-power-5g-launching-in-india-on-september-4-10000mah-battery-and-specs-co.md","Tech","2026-08-28T22:56:46Z",209,"INDEX","https://thesamachardaily.in/articles/tech/poco-x8-power-5g-launching-in-india-on-september-4-10000mah-battery-and-specs-co/","IN_SITEMAP","200 OK","YES","NO","YES","YES","CLASS A — INDEXABLE","CLASS F — UNKNOWN GOOGLE STATUS"
"https://thesamachardaily.in/articles/tech/qualcomm-redesigns-snapdragon-line-to-enable-ondevice-ai-agents-not-just-faster-ai/","src/articles/tech/qualcomm-redesigns-snapdragon-line-to-enable-ondevice-ai-agents-not-just-faster-ai.md","Tech","2026-09-15T01:24:11Z",73,"INDEX","https://thesamachardaily.in/articles/tech/qualcomm-redesigns-snapdragon-line-to-enable-ondevice-ai-agents-not-just-faster-ai/","IN_SITEMAP","200 OK","YES","NO","YES","YES","CLASS A — INDEXABLE","CLASS F — UNKNOWN GOOGLE STATUS"
"https://thesamachardaily.in/articles/tech/quordle-hints-today-monday-august-31-clues-and-answers/","src/articles/tech/quordle-hints-today-monday-august-31-clues-and-answers.md","Tech","2026-08-31T05:02:49Z",219,"INDEX","https://thesamachardaily.in/articles/tech/quordle-hints-today-monday-august-31-clues-and-answers/","IN_SITEMAP","200 OK","YES","NO","YES","YES","CLASS A — INDEXABLE","CLASS F — UNKNOWN GOOGLE STATUS"
"https://thesamachardaily.in/articles/tech/rainbow-six-tactics-is-xcom-with-agents-and-permadeath-gamescom-2026/","src/articles/tech/rainbow-six-tactics-is-xcom-with-agents-and-permadeath-gamescom-2026.md","Tech","2026-08-28T23:54:59Z",265,"INDEX","https://thesamachardaily.in/articles/tech/rainbow-six-tactics-is-xcom-with-agents-and-permadeath-gamescom-2026/","IN_SITEMAP","200 OK","YES","NO","YES","YES","CLASS A — INDEXABLE","CLASS F — UNKNOWN GOOGLE STATUS"
"https://thesamachardaily.in/articles/tech/rayneo-io-smart-glasses-set-to-launch-sept-4-blending-ai-with-everyday-functionality/","src/articles/tech/rayneo-io-smart-glasses-set-to-launch-sept-4-blending-ai-with-everyday-functionality.md","Tech","2026-09-02T18:50:01Z",223,"INDEX","https://thesamachardaily.in/articles/tech/rayneo-io-smart-glasses-set-to-launch-sept-4-blending-ai-with-everyday-functionality/","IN_SITEMAP","200 OK","NO","NO","YES","YES","CLASS A — INDEXABLE","CLASS F — UNKNOWN GOOGLE STATUS"
"https://thesamachardaily.in/articles/tech/rbi-deputy-governor-urges-lenders-to-deploy-aiml-for-early-borrower-stress-detection/","src/articles/tech/rbi-deputy-governor-urges-lenders-to-deploy-aiml-for-early-borrower-stress-detection.md","Tech","2026-09-03T16:47:36Z",342,"INDEX","https://thesamachardaily.in/articles/tech/rbi-deputy-governor-urges-lenders-to-deploy-aiml-for-early-borrower-stress-detection/","IN_SITEMAP","200 OK","NO","NO","YES","YES","CLASS A — INDEXABLE","CLASS F — UNKNOWN GOOGLE STATUS"
"https://thesamachardaily.in/articles/tech/researchers-warn-more-data-does-not-guarantee-better-ai-outcomes/","src/articles/tech/researchers-warn-more-data-does-not-guarantee-better-ai-outcomes.md","Tech","2026-09-03T08:48:02Z",302,"INDEX","https://thesamachardaily.in/articles/tech/researchers-warn-more-data-does-not-guarantee-better-ai-outcomes/","IN_SITEMAP","200 OK","YES","NO","YES","YES","CLASS A — INDEXABLE","CLASS F — UNKNOWN GOOGLE STATUS"
"https://thesamachardaily.in/articles/tech/samsung-expands-free-upgrade-list-adds-millions-of-galaxy-phones-to-one-ui-9-beta/","src/articles/tech/samsung-expands-free-upgrade-list-adds-millions-of-galaxy-phones-to-one-ui-9-beta.md","Tech","2026-09-03T00:47:38Z",324,"INDEX","https://thesamachardaily.in/articles/tech/samsung-expands-free-upgrade-list-adds-millions-of-galaxy-phones-to-one-ui-9-beta/","IN_SITEMAP","200 OK","YES","NO","YES","YES","CLASS A — INDEXABLE","CLASS F — UNKNOWN GOOGLE STATUS"
"https://thesamachardaily.in/articles/tech/samsung-expands-galaxy-book6-lineup-with-new-800-14-inch-model/","src/articles/tech/samsung-expands-galaxy-book6-lineup-with-new-800-14-inch-model.md","Tech","2026-09-02T12:49:36Z",247,"INDEX","https://thesamachardaily.in/articles/tech/samsung-expands-galaxy-book6-lineup-with-new-800-14-inch-model/","IN_SITEMAP","200 OK","YES","NO","YES","YES","CLASS A — INDEXABLE","CLASS F — UNKNOWN GOOGLE STATUS"
"https://thesamachardaily.in/articles/tech/samsung-launches-one-ui-90-for-galaxy-s26-series-expands-update-to-s25-and-z7-devices/","src/articles/tech/samsung-launches-one-ui-90-for-galaxy-s26-series-expands-update-to-s25-and-z7-devices.md","Tech","2026-09-19T19:24:03Z",78,"INDEX","https://thesamachardaily.in/articles/tech/samsung-launches-one-ui-90-for-galaxy-s26-series-expands-update-to-s25-and-z7-devices/","IN_SITEMAP","200 OK","YES","NO","YES","YES","CLASS A — INDEXABLE","CLASS F — UNKNOWN GOOGLE STATUS"
"https://thesamachardaily.in/articles/tech/samsungs-2026-smartphone-lineup-top-picks-across-all-price-tiers/","src/articles/tech/samsungs-2026-smartphone-lineup-top-picks-across-all-price-tiers.md","Tech","2026-09-01T18:49:51Z",365,"INDEX","https://thesamachardaily.in/articles/tech/samsungs-2026-smartphone-lineup-top-picks-across-all-price-tiers/","IN_SITEMAP","200 OK","YES","NO","YES","YES","CLASS A — INDEXABLE","CLASS F — UNKNOWN GOOGLE STATUS"
"https://thesamachardaily.in/articles/tech/scott-bessent-says-ai-to-drive-us-startup-boom-by-slashing-small-business-headcount/","src/articles/tech/scott-bessent-says-ai-to-drive-us-startup-boom-by-slashing-small-business-headcount.md","Tech","2026-09-02T14:48:00Z",337,"INDEX","https://thesamachardaily.in/articles/tech/scott-bessent-says-ai-to-drive-us-startup-boom-by-slashing-small-business-headcount/","IN_SITEMAP","200 OK","YES","NO","YES","YES","CLASS A — INDEXABLE","CLASS F — UNKNOWN GOOGLE STATUS"
"https://thesamachardaily.in/articles/tech/semiconductors-are-the-backbone-of-iots-shift-to-core-infrastructure/","src/articles/tech/semiconductors-are-the-backbone-of-iots-shift-to-core-infrastructure.md","Tech","2026-09-04T00:47:38Z",306,"INDEX","https://thesamachardaily.in/articles/tech/semiconductors-are-the-backbone-of-iots-shift-to-core-infrastructure/","IN_SITEMAP","200 OK","YES","NO","YES","YES","CLASS A — INDEXABLE","CLASS F — UNKNOWN GOOGLE STATUS"
"https://thesamachardaily.in/articles/tech/seoul-labs-unveils-seoullabs-pay-to-authenticate-ai-agent-purchases/","src/articles/tech/seoul-labs-unveils-seoullabs-pay-to-authenticate-ai-agent-purchases.md","Tech","2026-09-04T22:47:34Z",322,"INDEX","https://thesamachardaily.in/articles/tech/seoul-labs-unveils-seoullabs-pay-to-authenticate-ai-agent-purchases/","IN_SITEMAP","200 OK","YES","NO","YES","YES","CLASS A — INDEXABLE","CLASS F — UNKNOWN GOOGLE STATUS"
"https://thesamachardaily.in/articles/tech/september-5-global-wrap-ai-advances-autonomous-transit-and-geopolitical-shifts-domina/","src/articles/tech/september-5-global-wrap-ai-advances-autonomous-transit-and-geopolitical-shifts-domina.md","Tech","2026-09-06T06:47:51Z",262,"INDEX","https://thesamachardaily.in/articles/tech/september-5-global-wrap-ai-advances-autonomous-transit-and-geopolitical-shifts-domina/","IN_SITEMAP","200 OK","YES","NO","YES","YES","CLASS A — INDEXABLE","CLASS F — UNKNOWN GOOGLE STATUS"
"https://thesamachardaily.in/articles/tech/shift-in-ai-agent-testing-focus-on-schemas-tools-and-outcomes/","src/articles/tech/shift-in-ai-agent-testing-focus-on-schemas-tools-and-outcomes.md","Tech","2026-09-11T15:42:29Z",60,"NOINDEX","https://thesamachardaily.in/articles/tech/shift-in-ai-agent-testing-focus-on-schemas-tools-and-outcomes/","OMITTED","200 OK","YES","NO","YES","YES","CLASS B — INTENTIONALLY NOINDEX","CLASS F — UNKNOWN GOOGLE STATUS"
"https://thesamachardaily.in/articles/tech/sridhar-vembu-tells-young-entrepreneurs-success-takes-longer-than-expected/","src/articles/tech/sridhar-vembu-tells-young-entrepreneurs-success-takes-longer-than-expected.md","Tech","2026-08-28T23:54:46Z",239,"INDEX","https://thesamachardaily.in/articles/tech/sridhar-vembu-tells-young-entrepreneurs-success-takes-longer-than-expected/","IN_SITEMAP","200 OK","YES","NO","YES","YES","CLASS A — INDEXABLE","CLASS F — UNKNOWN GOOGLE STATUS"
"https://thesamachardaily.in/articles/tech/strategy-trumps-tech-in-determining-agentic-ai-success-forbes-says/","src/articles/tech/strategy-trumps-tech-in-determining-agentic-ai-success-forbes-says.md","Tech","2026-09-12T04:45:09Z",93,"INDEX","https://thesamachardaily.in/articles/tech/strategy-trumps-tech-in-determining-agentic-ai-success-forbes-says/","IN_SITEMAP","200 OK","YES","NO","YES","YES","CLASS A — INDEXABLE","CLASS F — UNKNOWN GOOGLE STATUS"
"https://thesamachardaily.in/articles/tech/system-tech-days-of-fall-2026-series-boosts-it-ai-cybersecurity-career-pathways/","src/articles/tech/system-tech-days-of-fall-2026-series-boosts-it-ai-cybersecurity-career-pathways.md","Tech","2026-08-29T11:22:29Z",168,"INDEX","https://thesamachardaily.in/articles/tech/system-tech-days-of-fall-2026-series-boosts-it-ai-cybersecurity-career-pathways/","IN_SITEMAP","200 OK","YES","NO","YES","YES","CLASS A — INDEXABLE","CLASS F — UNKNOWN GOOGLE STATUS"
"https://thesamachardaily.in/articles/tech/tata-group-plans-rs-70000-crore-ai-data-centre-mega-project-in-hyderabad/","src/articles/tech/tata-group-plans-rs-70000-crore-ai-data-centre-mega-project-in-hyderabad.md","Tech","2026-09-06T08:48:07Z",261,"INDEX","https://thesamachardaily.in/articles/tech/tata-group-plans-rs-70000-crore-ai-data-centre-mega-project-in-hyderabad/","IN_SITEMAP","200 OK","YES","NO","YES","YES","CLASS A — INDEXABLE","CLASS F — UNKNOWN GOOGLE STATUS"
"https://thesamachardaily.in/articles/tech/tata-motors-rebranding-tmpv-remains-legal-entity-tata-showroom-new-look-tata-motors-b/","src/articles/tech/tata-motors-rebranding-tmpv-remains-legal-entity-tata-showroom-new-look-tata-motors-b.md","Tech","2026-08-29T14:44:00Z",141,"INDEX","https://thesamachardaily.in/articles/tech/tata-motors-rebranding-tmpv-remains-legal-entity-tata-showroom-new-look-tata-motors-b/","IN_SITEMAP","200 OK","NO","NO","YES","YES","CLASS A — INDEXABLE","CLASS F — UNKNOWN GOOGLE STATUS"
"https://thesamachardaily.in/articles/tech/tcs-unit-hypervault-secures-264-acres-for-70000-crore-telangana-ai-data-campus/","src/articles/tech/tcs-unit-hypervault-secures-264-acres-for-70000-crore-telangana-ai-data-campus.md","Tech","2026-09-05T22:48:02Z",298,"INDEX","https://thesamachardaily.in/articles/tech/tcs-unit-hypervault-secures-264-acres-for-70000-crore-telangana-ai-data-campus/","IN_SITEMAP","200 OK","YES","NO","YES","YES","CLASS A — INDEXABLE","CLASS F — UNKNOWN GOOGLE STATUS"
"https://thesamachardaily.in/articles/tech/tech-mahindra-launches-zero-gravity-telco-architecture-to-speed-ai-native-network-tra/","src/articles/tech/tech-mahindra-launches-zero-gravity-telco-architecture-to-speed-ai-native-network-tra.md","Tech","2026-09-09T22:57:06Z",258,"INDEX","https://thesamachardaily.in/articles/tech/tech-mahindra-launches-zero-gravity-telco-architecture-to-speed-ai-native-network-tra/","IN_SITEMAP","200 OK","NO","NO","YES","YES","CLASS A — INDEXABLE","CLASS F — UNKNOWN GOOGLE STATUS"
"https://thesamachardaily.in/articles/tech/tech-week-singapore-2026-opens-with-guest-of-honour-and-tokyo-data-centre-launch/","src/articles/tech/tech-week-singapore-2026-opens-with-guest-of-honour-and-tokyo-data-centre-launch.md","Tech","2026-09-17T15:24:08Z",193,"INDEX","https://thesamachardaily.in/articles/tech/tech-week-singapore-2026-opens-with-guest-of-honour-and-tokyo-data-centre-launch/","IN_SITEMAP","200 OK","NO","NO","YES","YES","CLASS A — INDEXABLE","CLASS F — UNKNOWN GOOGLE STATUS"
"https://thesamachardaily.in/articles/tech/tecno-secures-dual-ifa-innovation-awards-for-modular-phone-and-tonino-lamborghini-tau/","src/articles/tech/tecno-secures-dual-ifa-innovation-awards-for-modular-phone-and-tonino-lamborghini-tau.md","Tech","2026-09-06T04:47:34Z",264,"INDEX","https://thesamachardaily.in/articles/tech/tecno-secures-dual-ifa-innovation-awards-for-modular-phone-and-tonino-lamborghini-tau/","IN_SITEMAP","200 OK","NO","NO","YES","YES","CLASS A — INDEXABLE","CLASS F — UNKNOWN GOOGLE STATUS"
"https://thesamachardaily.in/articles/tech/tecno-spark-go-3-pro-price-in-india-sale-date-specifications-and-features-know-a/","src/articles/tech/tecno-spark-go-3-pro-price-in-india-sale-date-specifications-and-features-know-a.md","Tech","2026-08-28T23:35:33Z",313,"INDEX","https://thesamachardaily.in/articles/tech/tecno-spark-go-3-pro-price-in-india-sale-date-specifications-and-features-know-a/","IN_SITEMAP","200 OK","YES","NO","YES","YES","CLASS A — INDEXABLE","CLASS F — UNKNOWN GOOGLE STATUS"
"https://thesamachardaily.in/articles/tech/texas-qb-arch-manning-apologizes-to-holly-rowe-for-laughing-at-aifabricated-slap-vide/","src/articles/tech/texas-qb-arch-manning-apologizes-to-holly-rowe-for-laughing-at-aifabricated-slap-vide.md","Tech","2026-09-16T09:24:05Z",93,"INDEX","https://thesamachardaily.in/articles/tech/texas-qb-arch-manning-apologizes-to-holly-rowe-for-laughing-at-aifabricated-slap-vide/","IN_SITEMAP","200 OK","NO","NO","YES","YES","CLASS A — INDEXABLE","CLASS F — UNKNOWN GOOGLE STATUS"
"https://thesamachardaily.in/articles/tech/the-nancy-grace-roman-telescope-begins-its-journey-into-deep-space/","src/articles/tech/the-nancy-grace-roman-telescope-begins-its-journey-into-deep-space.md","Tech","2026-08-31T09:02:27Z",266,"INDEX","https://thesamachardaily.in/articles/tech/the-nancy-grace-roman-telescope-begins-its-journey-into-deep-space/","IN_SITEMAP","200 OK","YES","NO","YES","YES","CLASS A — INDEXABLE","CLASS F — UNKNOWN GOOGLE STATUS"
"https://thesamachardaily.in/articles/tech/these-4-things-must-happen-before-rays-stadium-construction-begins/","src/articles/tech/these-4-things-must-happen-before-rays-stadium-construction-begins.md","Tech","2026-08-29T12:44:01Z",183,"INDEX","https://thesamachardaily.in/articles/tech/these-4-things-must-happen-before-rays-stadium-construction-begins/","IN_SITEMAP","200 OK","YES","NO","YES","YES","CLASS A — INDEXABLE","CLASS F — UNKNOWN GOOGLE STATUS"
"https://thesamachardaily.in/articles/tech/thinkcars-on-device-ai-agent-tyler-converts-100-million-diagnostic-records-into-predi/","src/articles/tech/thinkcars-on-device-ai-agent-tyler-converts-100-million-diagnostic-records-into-predi.md","Tech","2026-09-05T10:48:12Z",327,"INDEX","https://thesamachardaily.in/articles/tech/thinkcars-on-device-ai-agent-tyler-converts-100-million-diagnostic-records-into-predi/","IN_SITEMAP","200 OK","NO","NO","YES","YES","CLASS A — INDEXABLE","CLASS F — UNKNOWN GOOGLE STATUS"
"https://thesamachardaily.in/articles/tech/toi-bharat-abroad-179-year-green-card-wait-9-indian-origin-names-shape-ai/","src/articles/tech/toi-bharat-abroad-179-year-green-card-wait-9-indian-origin-names-shape-ai.md","Tech","2026-08-29T02:13:23Z",244,"INDEX","https://thesamachardaily.in/articles/tech/toi-bharat-abroad-179-year-green-card-wait-9-indian-origin-names-shape-ai/","IN_SITEMAP","200 OK","YES","NO","YES","YES","CLASS A — INDEXABLE","CLASS F — UNKNOWN GOOGLE STATUS"
"https://thesamachardaily.in/articles/tech/torani-vows-no-ai-layoffs-as-101-year-old-brand-maintains-zero-job-cut-legacy/","src/articles/tech/torani-vows-no-ai-layoffs-as-101-year-old-brand-maintains-zero-job-cut-legacy.md","Tech","2026-09-06T14:48:08Z",242,"INDEX","https://thesamachardaily.in/articles/tech/torani-vows-no-ai-layoffs-as-101-year-old-brand-maintains-zero-job-cut-legacy/","IN_SITEMAP","200 OK","YES","NO","YES","YES","CLASS A — INDEXABLE","CLASS F — UNKNOWN GOOGLE STATUS"
"https://thesamachardaily.in/articles/tech/tradr-files-for-leveraged-and-inverse-anthropic-etfs-ahead-of-ipo/","src/articles/tech/tradr-files-for-leveraged-and-inverse-anthropic-etfs-ahead-of-ipo.md","Tech","2026-09-02T22:48:42Z",307,"INDEX","https://thesamachardaily.in/articles/tech/tradr-files-for-leveraged-and-inverse-anthropic-etfs-ahead-of-ipo/","IN_SITEMAP","200 OK","NO","NO","YES","YES","CLASS A — INDEXABLE","CLASS F — UNKNOWN GOOGLE STATUS"
"https://thesamachardaily.in/articles/tech/trump-announces-plans-for-new-ai-force-agency-and-upcoming-ai-czar/","src/articles/tech/trump-announces-plans-for-new-ai-force-agency-and-upcoming-ai-czar.md","Tech","2026-09-20T07:24:06Z",45,"INDEX","https://thesamachardaily.in/articles/tech/trump-announces-plans-for-new-ai-force-agency-and-upcoming-ai-czar/","IN_SITEMAP","200 OK","YES","NO","YES","YES","CLASS A — INDEXABLE","CLASS F — UNKNOWN GOOGLE STATUS"
"https://thesamachardaily.in/articles/tech/trump-brands-ai-takeover-warnings-a-hoax-in-rapidfire-truth-social-posts/","src/articles/tech/trump-brands-ai-takeover-warnings-a-hoax-in-rapidfire-truth-social-posts.md","Tech","2026-09-15T09:24:05Z",99,"INDEX","https://thesamachardaily.in/articles/tech/trump-brands-ai-takeover-warnings-a-hoax-in-rapidfire-truth-social-posts/","IN_SITEMAP","200 OK","YES","NO","YES","YES","CLASS A — INDEXABLE","CLASS F — UNKNOWN GOOGLE STATUS"
"https://thesamachardaily.in/articles/tech/trump-creates-a-space-academy-and-honors-the-artemis-astronauts/","src/articles/tech/trump-creates-a-space-academy-and-honors-the-artemis-astronauts.md","Tech","2026-08-31T03:02:47Z",159,"INDEX","https://thesamachardaily.in/articles/tech/trump-creates-a-space-academy-and-honors-the-artemis-astronauts/","IN_SITEMAP","200 OK","YES","NO","YES","YES","CLASS A — INDEXABLE","CLASS F — UNKNOWN GOOGLE STATUS"
"https://thesamachardaily.in/articles/tech/trump-labels-ai-data-centers-oil-of-next-50-years-blames-google-for-misplaced-project/","src/articles/tech/trump-labels-ai-data-centers-oil-of-next-50-years-blames-google-for-misplaced-project.md","Tech","2026-09-13T02:45:13Z",64,"INDEX","https://thesamachardaily.in/articles/tech/trump-labels-ai-data-centers-oil-of-next-50-years-blames-google-for-misplaced-project/","IN_SITEMAP","200 OK","YES","NO","YES","YES","CLASS A — INDEXABLE","CLASS F — UNKNOWN GOOGLE STATUS"
"https://thesamachardaily.in/articles/tech/two-in-five-us-consumers-hit-by-ai-driven-financial-scams-new-survey-finds/","src/articles/tech/two-in-five-us-consumers-hit-by-ai-driven-financial-scams-new-survey-finds.md","Tech","2026-09-03T02:48:23Z",403,"INDEX","https://thesamachardaily.in/articles/tech/two-in-five-us-consumers-hit-by-ai-driven-financial-scams-new-survey-finds/","IN_SITEMAP","200 OK","YES","NO","YES","YES","CLASS A — INDEXABLE","CLASS F — UNKNOWN GOOGLE STATUS"
"https://thesamachardaily.in/articles/tech/uber-drivers-say-waymo-robotaxis-are-driving-down-their-pay/","src/articles/tech/uber-drivers-say-waymo-robotaxis-are-driving-down-their-pay.md","Tech","2026-08-31T07:03:24Z",270,"INDEX","https://thesamachardaily.in/articles/tech/uber-drivers-say-waymo-robotaxis-are-driving-down-their-pay/","IN_SITEMAP","200 OK","YES","NO","YES","YES","CLASS A — INDEXABLE","CLASS F — UNKNOWN GOOGLE STATUS"
"https://thesamachardaily.in/articles/tech/untitled-linux-show-271-ai-touches-new-hardware-kernel-wins-and-distro-shifts/","src/articles/tech/untitled-linux-show-271-ai-touches-new-hardware-kernel-wins-and-distro-shifts.md","Tech","2026-09-21T11:24:00Z",161,"INDEX","https://thesamachardaily.in/articles/tech/untitled-linux-show-271-ai-touches-new-hardware-kernel-wins-and-distro-shifts/","IN_SITEMAP","200 OK","NO","NO","YES","YES","CLASS A — INDEXABLE","CLASS F — UNKNOWN GOOGLE STATUS"
"https://thesamachardaily.in/articles/tech/us-china-set-mid-september-ai-safety-talks-focused-on-cyberattack-coordination/","src/articles/tech/us-china-set-mid-september-ai-safety-talks-focused-on-cyberattack-coordination.md","Tech","2026-09-05T04:47:54Z",370,"INDEX","https://thesamachardaily.in/articles/tech/us-china-set-mid-september-ai-safety-talks-focused-on-cyberattack-coordination/","IN_SITEMAP","200 OK","YES","NO","YES","YES","CLASS A — INDEXABLE","CLASS F — UNKNOWN GOOGLE STATUS"
"https://thesamachardaily.in/articles/tech/us-doj-launches-investigation-into-nvidias-licensing-agreement-with-ai-startup-groq/","src/articles/tech/us-doj-launches-investigation-into-nvidias-licensing-agreement-with-ai-startup-groq.md","Tech","2026-09-10T12:57:14Z",243,"INDEX","https://thesamachardaily.in/articles/tech/us-doj-launches-investigation-into-nvidias-licensing-agreement-with-ai-startup-groq/","IN_SITEMAP","200 OK","NO","NO","YES","YES","CLASS A — INDEXABLE","CLASS F — UNKNOWN GOOGLE STATUS"
"https://thesamachardaily.in/articles/tech/us-stocks-set-to-open-higher-as-bond-yields-slip-broadcom-nvidia-intel-lead-premarket/","src/articles/tech/us-stocks-set-to-open-higher-as-bond-yields-slip-broadcom-nvidia-intel-lead-premarket.md","Tech","2026-09-03T20:47:50Z",353,"INDEX","https://thesamachardaily.in/articles/tech/us-stocks-set-to-open-higher-as-bond-yields-slip-broadcom-nvidia-intel-lead-premarket/","IN_SITEMAP","200 OK","YES","NO","YES","YES","CLASS A — INDEXABLE","CLASS F — UNKNOWN GOOGLE STATUS"
"https://thesamachardaily.in/articles/tech/us-to-get-new-nasa-led-space-academy-trump-signs-order-what-is-it-all-about-explained/","src/articles/tech/us-to-get-new-nasa-led-space-academy-trump-signs-order-what-is-it-all-about-explained.md","Tech","2026-08-29T11:31:38Z",138,"INDEX","https://thesamachardaily.in/articles/tech/us-to-get-new-nasa-led-space-academy-trump-signs-order-what-is-it-all-about-explained/","IN_SITEMAP","200 OK","YES","NO","YES","YES","CLASS A — INDEXABLE","CLASS F — UNKNOWN GOOGLE STATUS"
"https://thesamachardaily.in/articles/tech/use-ai-as-research-aid-not-substitute-for-critical-thinking-scholar-tells-phd-supervi/","src/articles/tech/use-ai-as-research-aid-not-substitute-for-critical-thinking-scholar-tells-phd-supervi.md","Tech","2026-09-04T08:48:57Z",338,"INDEX","https://thesamachardaily.in/articles/tech/use-ai-as-research-aid-not-substitute-for-critical-thinking-scholar-tells-phd-supervi/","IN_SITEMAP","200 OK","YES","NO","YES","YES","CLASS A — INDEXABLE","CLASS F — UNKNOWN GOOGLE STATUS"
"https://thesamachardaily.in/articles/tech/vc-funding-deals-apollo-atomics-fcvc-maxq-medical-atlantic-blue-ventures-pixelgen-tec/","src/articles/tech/vc-funding-deals-apollo-atomics-fcvc-maxq-medical-atlantic-blue-ventures-pixelgen-tec.md","Tech","2026-08-29T16:44:02Z",125,"INDEX","https://thesamachardaily.in/articles/tech/vc-funding-deals-apollo-atomics-fcvc-maxq-medical-atlantic-blue-ventures-pixelgen-tec/","IN_SITEMAP","200 OK","NO","NO","YES","YES","CLASS A — INDEXABLE","CLASS F — UNKNOWN GOOGLE STATUS"
"https://thesamachardaily.in/articles/tech/vcs-brace-for-early-stage-ai-shakeout-as-valuations-face-scrutiny/","src/articles/tech/vcs-brace-for-early-stage-ai-shakeout-as-valuations-face-scrutiny.md","Tech","2026-09-04T12:47:42Z",233,"INDEX","https://thesamachardaily.in/articles/tech/vcs-brace-for-early-stage-ai-shakeout-as-valuations-face-scrutiny/","IN_SITEMAP","200 OK","YES","NO","YES","YES","CLASS A — INDEXABLE","CLASS F — UNKNOWN GOOGLE STATUS"
"https://thesamachardaily.in/articles/tech/what-we-tell-ai-paint-sticks-the-perfect-catch-up/","src/articles/tech/what-we-tell-ai-paint-sticks-the-perfect-catch-up.md","Tech","2026-08-30T21:02:50Z",325,"INDEX","https://thesamachardaily.in/articles/tech/what-we-tell-ai-paint-sticks-the-perfect-catch-up/","IN_SITEMAP","200 OK","YES","NO","YES","YES","CLASS A — INDEXABLE","CLASS F — UNKNOWN GOOGLE STATUS"
"https://thesamachardaily.in/articles/tech/whatsapp-testing-in-app-chat-with-thirdparty-ai-agents-report-says/","src/articles/tech/whatsapp-testing-in-app-chat-with-thirdparty-ai-agents-report-says.md","Tech","2026-09-06T00:50:03Z",381,"INDEX","https://thesamachardaily.in/articles/tech/whatsapp-testing-in-app-chat-with-thirdparty-ai-agents-report-says/","IN_SITEMAP","200 OK","YES","NO","YES","YES","CLASS A — INDEXABLE","CLASS F — UNKNOWN GOOGLE STATUS"
"https://thesamachardaily.in/articles/tech/white-house-backs-nyt-in-openai-copyright-suit-first-ai-intervention/","src/articles/tech/white-house-backs-nyt-in-openai-copyright-suit-first-ai-intervention.md","Tech","2026-09-03T04:47:36Z",281,"INDEX","https://thesamachardaily.in/articles/tech/white-house-backs-nyt-in-openai-copyright-suit-first-ai-intervention/","IN_SITEMAP","200 OK","YES","NO","YES","YES","CLASS A — INDEXABLE","CLASS F — UNKNOWN GOOGLE STATUS"
"https://thesamachardaily.in/articles/tech/white-house-responds-to-viral-ai-image-of-trump-and-aide-natalie-harp/","src/articles/tech/white-house-responds-to-viral-ai-image-of-trump-and-aide-natalie-harp.md","Tech","2026-09-18T05:24:02Z",78,"INDEX","https://thesamachardaily.in/articles/tech/white-house-responds-to-viral-ai-image-of-trump-and-aide-natalie-harp/","IN_SITEMAP","200 OK","YES","NO","YES","YES","CLASS A — INDEXABLE","CLASS F — UNKNOWN GOOGLE STATUS"
"https://thesamachardaily.in/articles/tech/world-pharma-today-highlights-challenges-in-aidriven-molecule-design/","src/articles/tech/world-pharma-today-highlights-challenges-in-aidriven-molecule-design.md","Tech","2026-09-17T19:24:04Z",78,"INDEX","https://thesamachardaily.in/articles/tech/world-pharma-today-highlights-challenges-in-aidriven-molecule-design/","IN_SITEMAP","200 OK","YES","NO","YES","YES","CLASS A — INDEXABLE","CLASS F — UNKNOWN GOOGLE STATUS"
"https://thesamachardaily.in/articles/world/200-year-old-gurdwara-demolished-in-pakistan-shopping-mall-to-come-up-on-site-sg/","src/articles/world/200-year-old-gurdwara-demolished-in-pakistan-shopping-mall-to-come-up-on-site-sg.md","World","2026-08-29T00:00:49Z",244,"INDEX","https://thesamachardaily.in/articles/world/200-year-old-gurdwara-demolished-in-pakistan-shopping-mall-to-come-up-on-site-sg/","IN_SITEMAP","200 OK","YES","NO","YES","YES","CLASS A — INDEXABLE","CLASS F — UNKNOWN GOOGLE STATUS"
"https://thesamachardaily.in/articles/world/911-not-a-terrorist-attack-canadian-broadcaster-under-fire-over-secret-memo-to-e/","src/articles/world/911-not-a-terrorist-attack-canadian-broadcaster-under-fire-over-secret-memo-to-e.md","World","2026-08-28T22:59:42Z",230,"INDEX","https://thesamachardaily.in/articles/world/911-not-a-terrorist-attack-canadian-broadcaster-under-fire-over-secret-memo-to-e/","IN_SITEMAP","200 OK","YES","NO","YES","YES","CLASS A — INDEXABLE","CLASS F — UNKNOWN GOOGLE STATUS"
"https://thesamachardaily.in/articles/world/activate-expands-into-australia-with-first-melbourne-venue-in-early-2027/","src/articles/world/activate-expands-into-australia-with-first-melbourne-venue-in-early-2027.md","World","2026-09-11T01:23:15Z",301,"INDEX","https://thesamachardaily.in/articles/world/activate-expands-into-australia-with-first-melbourne-venue-in-early-2027/","IN_SITEMAP","200 OK","YES","NO","YES","YES","CLASS A — INDEXABLE","CLASS F — UNKNOWN GOOGLE STATUS"
"https://thesamachardaily.in/articles/world/american-rheinmetall-delivers-first-prototype-to-replace-bradley-fighting-vehicle/","src/articles/world/american-rheinmetall-delivers-first-prototype-to-replace-bradley-fighting-vehicle.md","World","2026-09-02T03:10:26Z",268,"INDEX","https://thesamachardaily.in/articles/world/american-rheinmetall-delivers-first-prototype-to-replace-bradley-fighting-vehicle/","IN_SITEMAP","200 OK","YES","NO","YES","YES","CLASS A — INDEXABLE","CLASS F — UNKNOWN GOOGLE STATUS"
"https://thesamachardaily.in/articles/world/analysts-warn-supreme-court-ruling-on-boulder-climate-suit-could-reshape-litigation/","src/articles/world/analysts-warn-supreme-court-ruling-on-boulder-climate-suit-could-reshape-litigation.md","World","2026-09-11T09:22:22Z",256,"INDEX","https://thesamachardaily.in/articles/world/analysts-warn-supreme-court-ruling-on-boulder-climate-suit-could-reshape-litigation/","IN_SITEMAP","200 OK","YES","NO","YES","YES","CLASS A — INDEXABLE","CLASS F — UNKNOWN GOOGLE STATUS"
"https://thesamachardaily.in/articles/world/andhra-pradesh-tragedy-woman-rescued-3-missing-after-family-jumps-into-godavari/","src/articles/world/andhra-pradesh-tragedy-woman-rescued-3-missing-after-family-jumps-into-godavari.md","World","2026-09-06T17:11:02Z",305,"INDEX","https://thesamachardaily.in/articles/world/andhra-pradesh-tragedy-woman-rescued-3-missing-after-family-jumps-into-godavari/","IN_SITEMAP","200 OK","YES","NO","YES","YES","CLASS A — INDEXABLE","CLASS F — UNKNOWN GOOGLE STATUS"
"https://thesamachardaily.in/articles/world/asia-pacific-media-forum-opens-in-shenzhen-to-foster-cross-border-understanding/","src/articles/world/asia-pacific-media-forum-opens-in-shenzhen-to-foster-cross-border-understanding.md","World","2026-09-07T21:10:35Z",265,"INDEX","https://thesamachardaily.in/articles/world/asia-pacific-media-forum-opens-in-shenzhen-to-foster-cross-border-understanding/","IN_SITEMAP","200 OK","YES","NO","YES","YES","CLASS A — INDEXABLE","CLASS F — UNKNOWN GOOGLE STATUS"
"https://thesamachardaily.in/articles/world/astation-debuts-cosmos-mixed-reality-adventure-at-ripleys-aquarium-of-the-smokies/","src/articles/world/astation-debuts-cosmos-mixed-reality-adventure-at-ripleys-aquarium-of-the-smokies.md","World","2026-09-14T22:43:29Z",152,"INDEX","https://thesamachardaily.in/articles/world/astation-debuts-cosmos-mixed-reality-adventure-at-ripleys-aquarium-of-the-smokies/","IN_SITEMAP","200 OK","NO","NO","YES","YES","CLASS A — INDEXABLE","CLASS F — UNKNOWN GOOGLE STATUS"
"https://thesamachardaily.in/articles/world/australia-awaits-crucial-gdp-data-as-albanese-heads-to-palau-for-pacific-summit/","src/articles/world/australia-awaits-crucial-gdp-data-as-albanese-heads-to-palau-for-pacific-summit.md","World","2026-09-02T09:10:09Z",219,"INDEX","https://thesamachardaily.in/articles/world/australia-awaits-crucial-gdp-data-as-albanese-heads-to-palau-for-pacific-summit/","IN_SITEMAP","200 OK","NO","NO","YES","YES","CLASS A — INDEXABLE","CLASS F — UNKNOWN GOOGLE STATUS"
"https://thesamachardaily.in/articles/world/australian-regulator-warns-after-oesophagus-tear-from-counterfeit-weightloss-peptide/","src/articles/world/australian-regulator-warns-after-oesophagus-tear-from-counterfeit-weightloss-peptide.md","World","2026-09-14T14:43:31Z",64,"INDEX","https://thesamachardaily.in/articles/world/australian-regulator-warns-after-oesophagus-tear-from-counterfeit-weightloss-peptide/","IN_SITEMAP","200 OK","NO","NO","YES","YES","CLASS A — INDEXABLE","CLASS F — UNKNOWN GOOGLE STATUS"
"https://thesamachardaily.in/articles/world/bad-bunny-wins-first-primetime-emmy-for-super-bowl-lx-halftime-show-performance/","src/articles/world/bad-bunny-wins-first-primetime-emmy-for-super-bowl-lx-halftime-show-performance.md","World","2026-09-06T21:10:02Z",451,"INDEX","https://thesamachardaily.in/articles/world/bad-bunny-wins-first-primetime-emmy-for-super-bowl-lx-halftime-show-performance/","IN_SITEMAP","200 OK","YES","NO","YES","YES","CLASS A — INDEXABLE","CLASS F — UNKNOWN GOOGLE STATUS"
"https://thesamachardaily.in/articles/world/bangladesh-measles-surge-kills-three-children-death-toll-tops-1000/","src/articles/world/bangladesh-measles-surge-kills-three-children-death-toll-tops-1000.md","World","2026-09-10T04:56:16Z",253,"INDEX","https://thesamachardaily.in/articles/world/bangladesh-measles-surge-kills-three-children-death-toll-tops-1000/","IN_SITEMAP","200 OK","NO","NO","YES","YES","CLASS A — INDEXABLE","CLASS F — UNKNOWN GOOGLE STATUS"
"https://thesamachardaily.in/articles/world/bbc-breakfast-host-shares-touching-update-on-dolly-parton-minutes-into-show/","src/articles/world/bbc-breakfast-host-shares-touching-update-on-dolly-parton-minutes-into-show.md","World","2026-08-29T18:57:47Z",102,"NOINDEX","https://thesamachardaily.in/articles/world/bbc-breakfast-host-shares-touching-update-on-dolly-parton-minutes-into-show/","OMITTED","200 OK","YES","NO","YES","YES","CLASS B — INTENTIONALLY NOINDEX","CLASS F — UNKNOWN GOOGLE STATUS"
"https://thesamachardaily.in/articles/world/before-the-spotlight-15-major-stars-who-cut-their-teeth-on-bbcs-casualty/","src/articles/world/before-the-spotlight-15-major-stars-who-cut-their-teeth-on-bbcs-casualty.md","World","2026-09-06T01:10:14Z",373,"INDEX","https://thesamachardaily.in/articles/world/before-the-spotlight-15-major-stars-who-cut-their-teeth-on-bbcs-casualty/","IN_SITEMAP","200 OK","YES","NO","YES","YES","CLASS A — INDEXABLE","CLASS F — UNKNOWN GOOGLE STATUS"
"https://thesamachardaily.in/articles/world/boe-survey-shows-cooling-inflation-expectations-as-business-price-outlook-drops-to-38/","src/articles/world/boe-survey-shows-cooling-inflation-expectations-as-business-price-outlook-drops-to-38.md","World","2026-09-04T21:10:10Z",342,"INDEX","https://thesamachardaily.in/articles/world/boe-survey-shows-cooling-inflation-expectations-as-business-price-outlook-drops-to-38/","IN_SITEMAP","200 OK","YES","NO","YES","YES","CLASS A — INDEXABLE","CLASS F — UNKNOWN GOOGLE STATUS"
"https://thesamachardaily.in/articles/world/bonnie-blue-faces-nspcc-probe-as-social-workers-condemn-newborn-promo-stunt/","src/articles/world/bonnie-blue-faces-nspcc-probe-as-social-workers-condemn-newborn-promo-stunt.md","World","2026-09-10T23:23:40Z",206,"INDEX","https://thesamachardaily.in/articles/world/bonnie-blue-faces-nspcc-probe-as-social-workers-condemn-newborn-promo-stunt/","IN_SITEMAP","200 OK","NO","NO","YES","YES","CLASS A — INDEXABLE","CLASS F — UNKNOWN GOOGLE STATUS"
"https://thesamachardaily.in/articles/world/braves-edge-phillies-6-5-in-11-inning-thriller-to-open-crucial-nl-east-series/","src/articles/world/braves-edge-phillies-6-5-in-11-inning-thriller-to-open-crucial-nl-east-series.md","World","2026-09-12T15:22:26Z",66,"NOINDEX","https://thesamachardaily.in/articles/world/braves-edge-phillies-6-5-in-11-inning-thriller-to-open-crucial-nl-east-series/","OMITTED","200 OK","YES","NO","YES","YES","CLASS B — INTENTIONALLY NOINDEX","CLASS F — UNKNOWN GOOGLE STATUS"
"https://thesamachardaily.in/articles/world/britons-warned-to-stay-alert-as-unseasonal-spider-surge-hits-september/","src/articles/world/britons-warned-to-stay-alert-as-unseasonal-spider-surge-hits-september.md","World","2026-09-01T03:02:26Z",394,"INDEX","https://thesamachardaily.in/articles/world/britons-warned-to-stay-alert-as-unseasonal-spider-surge-hits-september/","IN_SITEMAP","200 OK","YES","NO","YES","YES","CLASS A — INDEXABLE","CLASS F — UNKNOWN GOOGLE STATUS"
"https://thesamachardaily.in/articles/world/buckingham-palace-marks-911-25th-anniversary-with-special-guard-ceremony/","src/articles/world/buckingham-palace-marks-911-25th-anniversary-with-special-guard-ceremony.md","World","2026-09-12T13:22:51Z",138,"INDEX","https://thesamachardaily.in/articles/world/buckingham-palace-marks-911-25th-anniversary-with-special-guard-ceremony/","IN_SITEMAP","200 OK","YES","NO","YES","YES","CLASS A — INDEXABLE","CLASS F — UNKNOWN GOOGLE STATUS"
"https://thesamachardaily.in/articles/world/china-removes-ex-top-general-zhang-youxia-from-central-military-commission-after/","src/articles/world/china-removes-ex-top-general-zhang-youxia-from-central-military-commission-after.md","World","2026-08-28T23:48:21Z",279,"INDEX","https://thesamachardaily.in/articles/world/china-removes-ex-top-general-zhang-youxia-from-central-military-commission-after/","IN_SITEMAP","200 OK","YES","NO","YES","YES","CLASS A — INDEXABLE","CLASS F — UNKNOWN GOOGLE STATUS"
"https://thesamachardaily.in/articles/world/china-reopens-sole-gyirong-road-to-nepal-as-search-operations-intensify/","src/articles/world/china-reopens-sole-gyirong-road-to-nepal-as-search-operations-intensify.md","World","2026-09-02T17:09:48Z",338,"INDEX","https://thesamachardaily.in/articles/world/china-reopens-sole-gyirong-road-to-nepal-as-search-operations-intensify/","IN_SITEMAP","200 OK","YES","NO","YES","YES","CLASS A — INDEXABLE","CLASS F — UNKNOWN GOOGLE STATUS"
"https://thesamachardaily.in/articles/world/chinas-passenger-car-exports-top-2023-total-within-first-eight-months-as-ev-shipments/","src/articles/world/chinas-passenger-car-exports-top-2023-total-within-first-eight-months-as-ev-shipments.md","World","2026-09-10T20:56:13Z",183,"INDEX","https://thesamachardaily.in/articles/world/chinas-passenger-car-exports-top-2023-total-within-first-eight-months-as-ev-shipments/","IN_SITEMAP","200 OK","YES","NO","YES","YES","CLASS A — INDEXABLE","CLASS F — UNKNOWN GOOGLE STATUS"
"https://thesamachardaily.in/articles/world/conservative-commentator-pete-hegseth-sparks-fresh-outrage-in-canada-after-mocking-ca/","src/articles/world/conservative-commentator-pete-hegseth-sparks-fresh-outrage-in-canada-after-mocking-ca.md","World","2026-09-05T21:09:44Z",353,"INDEX","https://thesamachardaily.in/articles/world/conservative-commentator-pete-hegseth-sparks-fresh-outrage-in-canada-after-mocking-ca/","IN_SITEMAP","200 OK","YES","NO","YES","YES","CLASS A — INDEXABLE","CLASS F — UNKNOWN GOOGLE STATUS"
"https://thesamachardaily.in/articles/world/coronation-streets-ellie-leach-urges-action-after-cancer-scare/","src/articles/world/coronation-streets-ellie-leach-urges-action-after-cancer-scare.md","World","2026-09-11T19:22:22Z",77,"NOINDEX","https://thesamachardaily.in/articles/world/coronation-streets-ellie-leach-urges-action-after-cancer-scare/","OMITTED","200 OK","NO","NO","YES","YES","CLASS B — INTENTIONALLY NOINDEX","CLASS F — UNKNOWN GOOGLE STATUS"
"https://thesamachardaily.in/articles/world/dark-matter-taps-salvatore-piccola-gil-valera-for-product-strategy-services-leadershi/","src/articles/world/dark-matter-taps-salvatore-piccola-gil-valera-for-product-strategy-services-leadershi.md","World","2026-09-03T23:09:48Z",337,"INDEX","https://thesamachardaily.in/articles/world/dark-matter-taps-salvatore-piccola-gil-valera-for-product-strategy-services-leadershi/","IN_SITEMAP","200 OK","YES","NO","YES","YES","CLASS A — INDEXABLE","CLASS F — UNKNOWN GOOGLE STATUS"
"https://thesamachardaily.in/articles/world/defense-secretary-hegseth-welcomes-paul-brothers-for-pentagon-tour-with-troops/","src/articles/world/defense-secretary-hegseth-welcomes-paul-brothers-for-pentagon-tour-with-troops.md","World","2026-09-21T08:43:32Z",109,"INDEX","https://thesamachardaily.in/articles/world/defense-secretary-hegseth-welcomes-paul-brothers-for-pentagon-tour-with-troops/","IN_SITEMAP","200 OK","NO","NO","YES","YES","CLASS A — INDEXABLE","CLASS F — UNKNOWN GOOGLE STATUS"
"https://thesamachardaily.in/articles/world/divines-calling-new-piano-work-merges-chinese-classical-spirit-with-western-sound/","src/articles/world/divines-calling-new-piano-work-merges-chinese-classical-spirit-with-western-sound.md","World","2026-09-05T15:09:50Z",268,"INDEX","https://thesamachardaily.in/articles/world/divines-calling-new-piano-work-merges-chinese-classical-spirit-with-western-sound/","IN_SITEMAP","200 OK","YES","NO","YES","YES","CLASS A — INDEXABLE","CLASS F — UNKNOWN GOOGLE STATUS"
"https://thesamachardaily.in/articles/world/donyell-malen-hits-prolific-scoring-run-at-roma-after-aston-villa-loan-move/","src/articles/world/donyell-malen-hits-prolific-scoring-run-at-roma-after-aston-villa-loan-move.md","World","2026-09-03T01:10:13Z",206,"INDEX","https://thesamachardaily.in/articles/world/donyell-malen-hits-prolific-scoring-run-at-roma-after-aston-villa-loan-move/","IN_SITEMAP","200 OK","YES","NO","YES","YES","CLASS A — INDEXABLE","CLASS F — UNKNOWN GOOGLE STATUS"
"https://thesamachardaily.in/articles/world/eaters-song-by-young-thug-featuring-travis-scott-future-yeat-tezzus/","src/articles/world/eaters-song-by-young-thug-featuring-travis-scott-future-yeat-tezzus.md","World","2026-08-29T11:04:45Z",155,"INDEX","https://thesamachardaily.in/articles/world/eaters-song-by-young-thug-featuring-travis-scott-future-yeat-tezzus/","IN_SITEMAP","200 OK","YES","NO","YES","YES","CLASS A — INDEXABLE","CLASS F — UNKNOWN GOOGLE STATUS"
"https://thesamachardaily.in/articles/world/ecuador-finds-ex-president-moreno-guilty-in-hydro-plant-bribery-case/","src/articles/world/ecuador-finds-ex-president-moreno-guilty-in-hydro-plant-bribery-case.md","World","2026-08-29T08:13:43Z",272,"INDEX","https://thesamachardaily.in/articles/world/ecuador-finds-ex-president-moreno-guilty-in-hydro-plant-bribery-case/","IN_SITEMAP","200 OK","YES","NO","YES","YES","CLASS A — INDEXABLE","CLASS F — UNKNOWN GOOGLE STATUS"
"https://thesamachardaily.in/articles/world/editor-daily-rundown-breaking-overnight-obama-judge-orders-postal-service-to-lea/","src/articles/world/editor-daily-rundown-breaking-overnight-obama-judge-orders-postal-service-to-lea.md","World","2026-08-29T01:12:49Z",282,"INDEX","https://thesamachardaily.in/articles/world/editor-daily-rundown-breaking-overnight-obama-judge-orders-postal-service-to-lea/","IN_SITEMAP","200 OK","YES","NO","YES","YES","CLASS A — INDEXABLE","CLASS F — UNKNOWN GOOGLE STATUS"
"https://thesamachardaily.in/articles/world/elon-musk-targets-billie-eilishs-hypocrisy-over-capitalism-luxury-lifestyle-asks-grok/","src/articles/world/elon-musk-targets-billie-eilishs-hypocrisy-over-capitalism-luxury-lifestyle-asks-grok.md","World","2026-08-30T14:59:51Z",154,"INDEX","https://thesamachardaily.in/articles/world/elon-musk-targets-billie-eilishs-hypocrisy-over-capitalism-luxury-lifestyle-asks-grok/","IN_SITEMAP","200 OK","YES","NO","YES","YES","CLASS A — INDEXABLE","CLASS F — UNKNOWN GOOGLE STATUS"
"https://thesamachardaily.in/articles/world/families-sue-amazon-21-air-and-leasing-firms-over-miami-cargo-jet-crash/","src/articles/world/families-sue-amazon-21-air-and-leasing-firms-over-miami-cargo-jet-crash.md","World","2026-09-10T08:56:19Z",246,"INDEX","https://thesamachardaily.in/articles/world/families-sue-amazon-21-air-and-leasing-firms-over-miami-cargo-jet-crash/","IN_SITEMAP","200 OK","YES","NO","YES","YES","CLASS A — INDEXABLE","CLASS F — UNKNOWN GOOGLE STATUS"
"https://thesamachardaily.in/articles/world/fbi-wanted-fraud-accused-held-in-jalandhar-over-alleged-600000-scam/","src/articles/world/fbi-wanted-fraud-accused-held-in-jalandhar-over-alleged-600000-scam.md","World","2026-09-05T17:10:03Z",377,"INDEX","https://thesamachardaily.in/articles/world/fbi-wanted-fraud-accused-held-in-jalandhar-over-alleged-600000-scam/","IN_SITEMAP","200 OK","NO","NO","YES","YES","CLASS A — INDEXABLE","CLASS F — UNKNOWN GOOGLE STATUS"
"https://thesamachardaily.in/articles/world/five-cleaning-crew-members-killed-when-amazon-cargo-jet-collides-with-van-at-miami-ai/","src/articles/world/five-cleaning-crew-members-killed-when-amazon-cargo-jet-collides-with-van-at-miami-ai.md","World","2026-09-10T10:56:13Z",305,"INDEX","https://thesamachardaily.in/articles/world/five-cleaning-crew-members-killed-when-amazon-cargo-jet-collides-with-van-at-miami-ai/","IN_SITEMAP","200 OK","YES","NO","YES","YES","CLASS A — INDEXABLE","CLASS F — UNKNOWN GOOGLE STATUS"
"https://thesamachardaily.in/articles/world/football-fans-to-pay-respects-to-officers-killed-in-a66-crash/","src/articles/world/football-fans-to-pay-respects-to-officers-killed-in-a66-crash.md","World","2026-08-29T13:03:08Z",154,"INDEX","https://thesamachardaily.in/articles/world/football-fans-to-pay-respects-to-officers-killed-in-a66-crash/","IN_SITEMAP","200 OK","YES","NO","YES","YES","CLASS A — INDEXABLE","CLASS F — UNKNOWN GOOGLE STATUS"
"https://thesamachardaily.in/articles/world/former-cuban-president-ral-castro-reappears-at-military-event/","src/articles/world/former-cuban-president-ral-castro-reappears-at-military-event.md","World","2026-09-07T05:10:32Z",217,"INDEX","https://thesamachardaily.in/articles/world/former-cuban-president-ral-castro-reappears-at-military-event/","IN_SITEMAP","200 OK","YES","NO","YES","YES","CLASS A — INDEXABLE","CLASS F — UNKNOWN GOOGLE STATUS"
"https://thesamachardaily.in/articles/world/former-espn-reporter-britt-mchenry-appointed-as-state-department-communications-advis/","src/articles/world/former-espn-reporter-britt-mchenry-appointed-as-state-department-communications-advis.md","World","2026-09-10T18:56:12Z",157,"INDEX","https://thesamachardaily.in/articles/world/former-espn-reporter-britt-mchenry-appointed-as-state-department-communications-advis/","IN_SITEMAP","200 OK","NO","NO","YES","YES","CLASS A — INDEXABLE","CLASS F — UNKNOWN GOOGLE STATUS"
"https://thesamachardaily.in/articles/world/fox-friends-weekend-urges-trump-to-comment-on-michigans-controversial-win/","src/articles/world/fox-friends-weekend-urges-trump-to-comment-on-michigans-controversial-win.md","World","2026-09-07T03:09:47Z",326,"INDEX","https://thesamachardaily.in/articles/world/fox-friends-weekend-urges-trump-to-comment-on-michigans-controversial-win/","IN_SITEMAP","200 OK","YES","NO","YES","YES","CLASS A — INDEXABLE","CLASS F — UNKNOWN GOOGLE STATUS"
"https://thesamachardaily.in/articles/world/fox-news-audience-rebukes-trump-after-he-calls-strait-of-hormuz-rename-ridiculous/","src/articles/world/fox-news-audience-rebukes-trump-after-he-calls-strait-of-hormuz-rename-ridiculous.md","World","2026-09-03T05:09:49Z",354,"INDEX","https://thesamachardaily.in/articles/world/fox-news-audience-rebukes-trump-after-he-calls-strait-of-hormuz-rename-ridiculous/","IN_SITEMAP","200 OK","YES","NO","YES","YES","CLASS A — INDEXABLE","CLASS F — UNKNOWN GOOGLE STATUS"
"https://thesamachardaily.in/articles/world/foxs-campos-duffy-questions-trumps-motivations-in-on-air-critique-of-inner-circle/","src/articles/world/foxs-campos-duffy-questions-trumps-motivations-in-on-air-critique-of-inner-circle.md","World","2026-09-01T19:09:50Z",383,"INDEX","https://thesamachardaily.in/articles/world/foxs-campos-duffy-questions-trumps-motivations-in-on-air-critique-of-inner-circle/","IN_SITEMAP","200 OK","YES","NO","YES","YES","CLASS A — INDEXABLE","CLASS F — UNKNOWN GOOGLE STATUS"
"https://thesamachardaily.in/articles/world/from-xis-400-officials-to-putin-full-list-of-world-leaders-attending-brics-summi/","src/articles/world/from-xis-400-officials-to-putin-full-list-of-world-leaders-attending-brics-summi.md","World","2026-08-28T23:29:48Z",246,"INDEX","https://thesamachardaily.in/articles/world/from-xis-400-officials-to-putin-full-list-of-world-leaders-attending-brics-summi/","IN_SITEMAP","200 OK","YES","YES","YES","YES","CLASS A — INDEXABLE","CLASS F — UNKNOWN GOOGLE STATUS"
"https://thesamachardaily.in/articles/world/fuel-tanker-explosion-kills-at-least-10-on-western-iran-highway/","src/articles/world/fuel-tanker-explosion-kills-at-least-10-on-western-iran-highway.md","World","2026-09-06T11:10:25Z",223,"INDEX","https://thesamachardaily.in/articles/world/fuel-tanker-explosion-kills-at-least-10-on-western-iran-highway/","IN_SITEMAP","200 OK","YES","NO","YES","YES","CLASS A — INDEXABLE","CLASS F — UNKNOWN GOOGLE STATUS"
"https://thesamachardaily.in/articles/world/fxs-far-cry-tv-series-announces-star-studded-first-season-cast-including-caplan-busce/","src/articles/world/fxs-far-cry-tv-series-announces-star-studded-first-season-cast-including-caplan-busce.md","World","2026-09-18T22:43:32Z",188,"INDEX","https://thesamachardaily.in/articles/world/fxs-far-cry-tv-series-announces-star-studded-first-season-cast-including-caplan-busce/","IN_SITEMAP","200 OK","YES","NO","YES","YES","CLASS A — INDEXABLE","CLASS F — UNKNOWN GOOGLE STATUS"
"https://thesamachardaily.in/articles/world/gang-leader-threatens-to-execute-more-than-50-hostages-days-after-47-killed-in-h/","src/articles/world/gang-leader-threatens-to-execute-more-than-50-hostages-days-after-47-killed-in-h.md","World","2026-08-28T22:43:05Z",232,"INDEX","https://thesamachardaily.in/articles/world/gang-leader-threatens-to-execute-more-than-50-hostages-days-after-47-killed-in-h/","IN_SITEMAP","200 OK","YES","NO","YES","YES","CLASS A — INDEXABLE","CLASS F — UNKNOWN GOOGLE STATUS"
"https://thesamachardaily.in/articles/world/gb-news-suspends-regular-schedule-for-trump-interview-viewers-decry-his-remarks/","src/articles/world/gb-news-suspends-regular-schedule-for-trump-interview-viewers-decry-his-remarks.md","World","2026-09-05T01:10:15Z",276,"INDEX","https://thesamachardaily.in/articles/world/gb-news-suspends-regular-schedule-for-trump-interview-viewers-decry-his-remarks/","IN_SITEMAP","200 OK","YES","NO","YES","YES","CLASS A — INDEXABLE","CLASS F — UNKNOWN GOOGLE STATUS"
"https://thesamachardaily.in/articles/world/global-roundup-isro-prepares-eos-05-launch-as-south-korea-unveils-hormuz-strategy/","src/articles/world/global-roundup-isro-prepares-eos-05-launch-as-south-korea-unveils-hormuz-strategy.md","World","2026-09-04T13:11:16Z",354,"INDEX","https://thesamachardaily.in/articles/world/global-roundup-isro-prepares-eos-05-launch-as-south-korea-unveils-hormuz-strategy/","IN_SITEMAP","200 OK","NO","NO","YES","YES","CLASS A — INDEXABLE","CLASS F — UNKNOWN GOOGLE STATUS"
"https://thesamachardaily.in/articles/world/goas-hidden-gems-inland-heritage-sites-from-fontainhas-to-dudhsagar-falls/","src/articles/world/goas-hidden-gems-inland-heritage-sites-from-fontainhas-to-dudhsagar-falls.md","World","2026-09-13T09:22:18Z",87,"INDEX","https://thesamachardaily.in/articles/world/goas-hidden-gems-inland-heritage-sites-from-fontainhas-to-dudhsagar-falls/","IN_SITEMAP","200 OK","YES","NO","YES","YES","CLASS A — INDEXABLE","CLASS F — UNKNOWN GOOGLE STATUS"
"https://thesamachardaily.in/articles/world/hawkins-overton-power-virginia-tech-to-73-3-win-in-franklin-debut/","src/articles/world/hawkins-overton-power-virginia-tech-to-73-3-win-in-franklin-debut.md","World","2026-09-06T15:09:47Z",244,"INDEX","https://thesamachardaily.in/articles/world/hawkins-overton-power-virginia-tech-to-73-3-win-in-franklin-debut/","IN_SITEMAP","200 OK","YES","NO","YES","YES","CLASS A — INDEXABLE","CLASS F — UNKNOWN GOOGLE STATUS"
"https://thesamachardaily.in/articles/world/henderson-hits-2-homers-orioles-score-7-unanswered-runs-to-rally-past-athletics-8-5/","src/articles/world/henderson-hits-2-homers-orioles-score-7-unanswered-runs-to-rally-past-athletics-8-5.md","World","2026-08-31T11:09:24Z",345,"INDEX","https://thesamachardaily.in/articles/world/henderson-hits-2-homers-orioles-score-7-unanswered-runs-to-rally-past-athletics-8-5/","IN_SITEMAP","200 OK","YES","NO","YES","YES","CLASS A — INDEXABLE","CLASS F — UNKNOWN GOOGLE STATUS"
"https://thesamachardaily.in/articles/world/historic-schooners-sunk-near-brooklyn-canal-owner-uncertain-about-future-plans/","src/articles/world/historic-schooners-sunk-near-brooklyn-canal-owner-uncertain-about-future-plans.md","World","2026-09-02T19:14:05Z",250,"INDEX","https://thesamachardaily.in/articles/world/historic-schooners-sunk-near-brooklyn-canal-owner-uncertain-about-future-plans/","IN_SITEMAP","200 OK","NO","NO","YES","YES","CLASS A — INDEXABLE","CLASS F — UNKNOWN GOOGLE STATUS"
"https://thesamachardaily.in/articles/world/house-clears-russia-sanctions-bill-overcoming-democratic-opposition/","src/articles/world/house-clears-russia-sanctions-bill-overcoming-democratic-opposition.md","World","2026-09-17T10:43:50Z",56,"INDEX","https://thesamachardaily.in/articles/world/house-clears-russia-sanctions-bill-overcoming-democratic-opposition/","IN_SITEMAP","200 OK","YES","NO","YES","YES","CLASS A — INDEXABLE","CLASS F — UNKNOWN GOOGLE STATUS"
"https://thesamachardaily.in/articles/world/huawei-charged-in-us-criminal-court-ahead-of-trumpxi-summit/","src/articles/world/huawei-charged-in-us-criminal-court-ahead-of-trumpxi-summit.md","World","2026-09-10T00:56:14Z",319,"INDEX","https://thesamachardaily.in/articles/world/huawei-charged-in-us-criminal-court-ahead-of-trumpxi-summit/","IN_SITEMAP","200 OK","YES","NO","YES","YES","CLASS A — INDEXABLE","CLASS F — UNKNOWN GOOGLE STATUS"
"https://thesamachardaily.in/articles/world/hundreds-deported-to-haiti-face-poverty-and-insecurity-advocates-say/","src/articles/world/hundreds-deported-to-haiti-face-poverty-and-insecurity-advocates-say.md","World","2026-09-07T07:09:47Z",328,"INDEX","https://thesamachardaily.in/articles/world/hundreds-deported-to-haiti-face-poverty-and-insecurity-advocates-say/","IN_SITEMAP","200 OK","YES","NO","YES","YES","CLASS A — INDEXABLE","CLASS F — UNKNOWN GOOGLE STATUS"
"https://thesamachardaily.in/articles/world/hungarys-pm-pledges-to-repeal-2020-ban-on-gay-and-lesbian-adoption/","src/articles/world/hungarys-pm-pledges-to-repeal-2020-ban-on-gay-and-lesbian-adoption.md","World","2026-09-13T07:23:54Z",39,"INDEX","https://thesamachardaily.in/articles/world/hungarys-pm-pledges-to-repeal-2020-ban-on-gay-and-lesbian-adoption/","IN_SITEMAP","200 OK","YES","NO","YES","YES","CLASS A — INDEXABLE","CLASS F — UNKNOWN GOOGLE STATUS"
"https://thesamachardaily.in/articles/world/iaea-refers-iran-to-security-council-as-oman-prepares-strait-of-hormuz-talks/","src/articles/world/iaea-refers-iran-to-security-council-as-oman-prepares-strait-of-hormuz-talks.md","World","2026-09-13T22:43:49Z",113,"INDEX","https://thesamachardaily.in/articles/world/iaea-refers-iran-to-security-council-as-oman-prepares-strait-of-hormuz-talks/","IN_SITEMAP","200 OK","NO","NO","YES","YES","CLASS A — INDEXABLE","CLASS F — UNKNOWN GOOGLE STATUS"
"https://thesamachardaily.in/articles/world/iran-announces-plans-for-new-exclusion-zone-near-strait-of-hormuz/","src/articles/world/iran-announces-plans-for-new-exclusion-zone-near-strait-of-hormuz.md","World","2026-09-07T09:09:54Z",305,"INDEX","https://thesamachardaily.in/articles/world/iran-announces-plans-for-new-exclusion-zone-near-strait-of-hormuz/","IN_SITEMAP","200 OK","YES","NO","YES","YES","CLASS A — INDEXABLE","CLASS F — UNKNOWN GOOGLE STATUS"
"https://thesamachardaily.in/articles/world/iran-urges-us-to-honor-pakistanibrokered-june-framework-deal-says-interior-ministry/","src/articles/world/iran-urges-us-to-honor-pakistanibrokered-june-framework-deal-says-interior-ministry.md","World","2026-09-20T06:43:32Z",95,"INDEX","https://thesamachardaily.in/articles/world/iran-urges-us-to-honor-pakistanibrokered-june-framework-deal-says-interior-ministry/","IN_SITEMAP","200 OK","NO","NO","YES","YES","CLASS A — INDEXABLE","CLASS F — UNKNOWN GOOGLE STATUS"
"https://thesamachardaily.in/articles/world/iran-vows-faster-harsher-retaliation-if-us-strikes-more-oil-tankers/","src/articles/world/iran-vows-faster-harsher-retaliation-if-us-strikes-more-oil-tankers.md","World","2026-09-07T01:09:51Z",329,"INDEX","https://thesamachardaily.in/articles/world/iran-vows-faster-harsher-retaliation-if-us-strikes-more-oil-tankers/","IN_SITEMAP","200 OK","YES","NO","YES","YES","CLASS A — INDEXABLE","CLASS F — UNKNOWN GOOGLE STATUS"
"https://thesamachardaily.in/articles/world/iran-vp-says-he-would-have-stopped-enrichment-if-he-knew-us-would-kill-supreme-l/","src/articles/world/iran-vp-says-he-would-have-stopped-enrichment-if-he-knew-us-would-kill-supreme-l.md","World","2026-08-29T01:13:01Z",244,"INDEX","https://thesamachardaily.in/articles/world/iran-vp-says-he-would-have-stopped-enrichment-if-he-knew-us-would-kill-supreme-l/","IN_SITEMAP","200 OK","YES","NO","YES","YES","CLASS A — INDEXABLE","CLASS F — UNKNOWN GOOGLE STATUS"
"https://thesamachardaily.in/articles/world/iraq-scrambles-to-contain-fallout-after-iranbacked-militias-hit-saudi-pipeline/","src/articles/world/iraq-scrambles-to-contain-fallout-after-iranbacked-militias-hit-saudi-pipeline.md","World","2026-09-12T21:22:20Z",50,"INDEX","https://thesamachardaily.in/articles/world/iraq-scrambles-to-contain-fallout-after-iranbacked-militias-hit-saudi-pipeline/","IN_SITEMAP","200 OK","YES","NO","YES","YES","CLASS A — INDEXABLE","CLASS F — UNKNOWN GOOGLE STATUS"
"https://thesamachardaily.in/articles/world/israel-launches-airstrike-in-southern-lebanon-after-hezbollah-drone-attempt/","src/articles/world/israel-launches-airstrike-in-southern-lebanon-after-hezbollah-drone-attempt.md","World","2026-09-05T09:09:46Z",262,"INDEX","https://thesamachardaily.in/articles/world/israel-launches-airstrike-in-southern-lebanon-after-hezbollah-drone-attempt/","IN_SITEMAP","200 OK","YES","NO","YES","YES","CLASS A — INDEXABLE","CLASS F — UNKNOWN GOOGLE STATUS"
"https://thesamachardaily.in/articles/world/israel-places-banat-yaqub-shrine-under-its-authority-palestine-urges-urgent-action/","src/articles/world/israel-places-banat-yaqub-shrine-under-its-authority-palestine-urges-urgent-action.md","World","2026-09-21T22:43:30Z",128,"INDEX","https://thesamachardaily.in/articles/world/israel-places-banat-yaqub-shrine-under-its-authority-palestine-urges-urgent-action/","IN_SITEMAP","200 OK","NO","NO","YES","YES","CLASS A — INDEXABLE","CLASS F — UNKNOWN GOOGLE STATUS"
"https://thesamachardaily.in/articles/world/israeli-army-chief-declares-hamas-defeated-says-conflict-essentially-over/","src/articles/world/israeli-army-chief-declares-hamas-defeated-says-conflict-essentially-over.md","World","2026-09-16T22:43:30Z",109,"INDEX","https://thesamachardaily.in/articles/world/israeli-army-chief-declares-hamas-defeated-says-conflict-essentially-over/","IN_SITEMAP","200 OK","YES","NO","YES","YES","CLASS A — INDEXABLE","CLASS F — UNKNOWN GOOGLE STATUS"
"https://thesamachardaily.in/articles/world/israeli-pm-threatens-citizenship-loss-for-those-who-defame-army-after-naza-documentar/","src/articles/world/israeli-pm-threatens-citizenship-loss-for-those-who-defame-army-after-naza-documentar.md","World","2026-09-20T00:43:31Z",100,"INDEX","https://thesamachardaily.in/articles/world/israeli-pm-threatens-citizenship-loss-for-those-who-defame-army-after-naza-documentar/","IN_SITEMAP","200 OK","NO","NO","YES","YES","CLASS A — INDEXABLE","CLASS F — UNKNOWN GOOGLE STATUS"
"https://thesamachardaily.in/articles/world/italian-opposition-condemns-government-for-refusing-sanctions-on-west-bank-settlement/","src/articles/world/italian-opposition-condemns-government-for-refusing-sanctions-on-west-bank-settlement.md","World","2026-09-10T02:56:31Z",253,"INDEX","https://thesamachardaily.in/articles/world/italian-opposition-condemns-government-for-refusing-sanctions-on-west-bank-settlement/","IN_SITEMAP","200 OK","YES","NO","YES","YES","CLASS A — INDEXABLE","CLASS F — UNKNOWN GOOGLE STATUS"
"https://thesamachardaily.in/articles/world/itv-presenter-discloses-cancer-diagnosis-cancels-upcoming-gigs-for-surgery/","src/articles/world/itv-presenter-discloses-cancer-diagnosis-cancels-upcoming-gigs-for-surgery.md","World","2026-09-03T19:09:47Z",312,"INDEX","https://thesamachardaily.in/articles/world/itv-presenter-discloses-cancer-diagnosis-cancels-upcoming-gigs-for-surgery/","IN_SITEMAP","200 OK","YES","NO","YES","YES","CLASS A — INDEXABLE","CLASS F — UNKNOWN GOOGLE STATUS"
"https://thesamachardaily.in/articles/world/jaylen-raynor-scores-4-touchdowns-as-iowa-state-beats-southeast-missouri-state-38-10/","src/articles/world/jaylen-raynor-scores-4-touchdowns-as-iowa-state-beats-southeast-missouri-state-38-10.md","World","2026-09-06T09:10:10Z",364,"INDEX","https://thesamachardaily.in/articles/world/jaylen-raynor-scores-4-touchdowns-as-iowa-state-beats-southeast-missouri-state-38-10/","IN_SITEMAP","200 OK","YES","NO","YES","YES","CLASS A — INDEXABLE","CLASS F — UNKNOWN GOOGLE STATUS"
"https://thesamachardaily.in/articles/world/john-malkovich-cancels-tel-aviv-show-after-fabricated-quote-sparks-controversy/","src/articles/world/john-malkovich-cancels-tel-aviv-show-after-fabricated-quote-sparks-controversy.md","World","2026-09-10T06:56:14Z",242,"INDEX","https://thesamachardaily.in/articles/world/john-malkovich-cancels-tel-aviv-show-after-fabricated-quote-sparks-controversy/","IN_SITEMAP","200 OK","NO","NO","YES","YES","CLASS A — INDEXABLE","CLASS F — UNKNOWN GOOGLE STATUS"
"https://thesamachardaily.in/articles/world/juan-soto-returns-to-help-the-mets-beat-the-astros-6-2/","src/articles/world/juan-soto-returns-to-help-the-mets-beat-the-astros-6-2.md","World","2026-08-30T10:57:49Z",143,"INDEX","https://thesamachardaily.in/articles/world/juan-soto-returns-to-help-the-mets-beat-the-astros-6-2/","IN_SITEMAP","200 OK","YES","NO","YES","YES","CLASS A — INDEXABLE","CLASS F — UNKNOWN GOOGLE STATUS"
"https://thesamachardaily.in/articles/world/julia-roberts-will-never-forget-dolly-partons-response-to-her-complaining-on-steel-ma/","src/articles/world/julia-roberts-will-never-forget-dolly-partons-response-to-her-complaining-on-steel-ma.md","World","2026-08-30T19:09:22Z",299,"INDEX","https://thesamachardaily.in/articles/world/julia-roberts-will-never-forget-dolly-partons-response-to-her-complaining-on-steel-ma/","IN_SITEMAP","200 OK","YES","NO","YES","YES","CLASS A — INDEXABLE","CLASS F — UNKNOWN GOOGLE STATUS"
"https://thesamachardaily.in/articles/world/kansas-senate-race-megachurch-pastor-adam-hamilton-seeks-historic-democratic-win/","src/articles/world/kansas-senate-race-megachurch-pastor-adam-hamilton-seeks-historic-democratic-win.md","World","2026-09-02T23:10:13Z",330,"INDEX","https://thesamachardaily.in/articles/world/kansas-senate-race-megachurch-pastor-adam-hamilton-seeks-historic-democratic-win/","IN_SITEMAP","200 OK","YES","NO","YES","YES","CLASS A — INDEXABLE","CLASS F — UNKNOWN GOOGLE STATUS"
"https://thesamachardaily.in/articles/world/kddi-gets-robot-job-with-osaka-metro/","src/articles/world/kddi-gets-robot-job-with-osaka-metro.md","World","2026-08-28T22:51:13Z",263,"INDEX","https://thesamachardaily.in/articles/world/kddi-gets-robot-job-with-osaka-metro/","IN_SITEMAP","200 OK","NO","NO","YES","YES","CLASS A — INDEXABLE","CLASS F — UNKNOWN GOOGLE STATUS"
"https://thesamachardaily.in/articles/world/keith-olbermann-announces-return-of-podcast-after-surgery-to-address-atrial-fibrillat/","src/articles/world/keith-olbermann-announces-return-of-podcast-after-surgery-to-address-atrial-fibrillat.md","World","2026-08-29T10:56:11Z",117,"INDEX","https://thesamachardaily.in/articles/world/keith-olbermann-announces-return-of-podcast-after-surgery-to-address-atrial-fibrillat/","IN_SITEMAP","200 OK","NO","NO","YES","YES","CLASS A — INDEXABLE","CLASS F — UNKNOWN GOOGLE STATUS"
"https://thesamachardaily.in/articles/world/kennedy-center-begins-removal-of-outdoor-blue-sculpture-amid-trump-takeover-battle/","src/articles/world/kennedy-center-begins-removal-of-outdoor-blue-sculpture-amid-trump-takeover-battle.md","World","2026-09-03T03:10:19Z",316,"INDEX","https://thesamachardaily.in/articles/world/kennedy-center-begins-removal-of-outdoor-blue-sculpture-amid-trump-takeover-battle/","IN_SITEMAP","200 OK","YES","NO","YES","YES","CLASS A — INDEXABLE","CLASS F — UNKNOWN GOOGLE STATUS"
"https://thesamachardaily.in/articles/world/ketel-marte-returns-to-diamondbacks-lineup-after-twoweek-absence/","src/articles/world/ketel-marte-returns-to-diamondbacks-lineup-after-twoweek-absence.md","World","2026-09-01T11:09:46Z",293,"INDEX","https://thesamachardaily.in/articles/world/ketel-marte-returns-to-diamondbacks-lineup-after-twoweek-absence/","IN_SITEMAP","200 OK","YES","NO","YES","YES","CLASS A — INDEXABLE","CLASS F — UNKNOWN GOOGLE STATUS"
"https://thesamachardaily.in/articles/world/kyrgyzstan-hosts-world-nomad-games-showcasing-ancient-nomadic-sports-in-kyrchyn-gorge/","src/articles/world/kyrgyzstan-hosts-world-nomad-games-showcasing-ancient-nomadic-sports-in-kyrchyn-gorge.md","World","2026-09-04T09:12:52Z",380,"INDEX","https://thesamachardaily.in/articles/world/kyrgyzstan-hosts-world-nomad-games-showcasing-ancient-nomadic-sports-in-kyrchyn-gorge/","IN_SITEMAP","200 OK","YES","NO","YES","YES","CLASS A — INDEXABLE","CLASS F — UNKNOWN GOOGLE STATUS"
"https://thesamachardaily.in/articles/world/labor-day-2026-school-holiday-status-check-whether-classrooms-stay-open-across-states/","src/articles/world/labor-day-2026-school-holiday-status-check-whether-classrooms-stay-open-across-states.md","World","2026-09-07T11:10:09Z",360,"INDEX","https://thesamachardaily.in/articles/world/labor-day-2026-school-holiday-status-check-whether-classrooms-stay-open-across-states/","IN_SITEMAP","200 OK","YES","NO","YES","YES","CLASS A — INDEXABLE","CLASS F — UNKNOWN GOOGLE STATUS"
"https://thesamachardaily.in/articles/world/leopardclad-acrobats-turn-nairobi-rushhour-gridlock-into-impromptu-street-show/","src/articles/world/leopardclad-acrobats-turn-nairobi-rushhour-gridlock-into-impromptu-street-show.md","World","2026-09-10T12:56:25Z",263,"INDEX","https://thesamachardaily.in/articles/world/leopardclad-acrobats-turn-nairobi-rushhour-gridlock-into-impromptu-street-show/","IN_SITEMAP","200 OK","NO","NO","YES","YES","CLASS A — INDEXABLE","CLASS F — UNKNOWN GOOGLE STATUS"
"https://thesamachardaily.in/articles/world/lisbon-streetcar-crash-memorial-unveiled-service-not-yet-restored/","src/articles/world/lisbon-streetcar-crash-memorial-unveiled-service-not-yet-restored.md","World","2026-09-04T03:12:21Z",334,"INDEX","https://thesamachardaily.in/articles/world/lisbon-streetcar-crash-memorial-unveiled-service-not-yet-restored/","IN_SITEMAP","200 OK","YES","NO","YES","YES","CLASS A — INDEXABLE","CLASS F — UNKNOWN GOOGLE STATUS"
"https://thesamachardaily.in/articles/world/lot-polish-airlines-southwest-launch-new-us-europe-interline-agreement/","src/articles/world/lot-polish-airlines-southwest-launch-new-us-europe-interline-agreement.md","World","2026-09-02T07:10:03Z",342,"INDEX","https://thesamachardaily.in/articles/world/lot-polish-airlines-southwest-launch-new-us-europe-interline-agreement/","IN_SITEMAP","200 OK","YES","NO","YES","YES","CLASS A — INDEXABLE","CLASS F — UNKNOWN GOOGLE STATUS"
"https://thesamachardaily.in/articles/world/manga-legend-masami-kurumada-sues-former-manager-over-46-billion-embezzlement/","src/articles/world/manga-legend-masami-kurumada-sues-former-manager-over-46-billion-embezzlement.md","World","2026-09-02T21:10:28Z",217,"INDEX","https://thesamachardaily.in/articles/world/manga-legend-masami-kurumada-sues-former-manager-over-46-billion-embezzlement/","IN_SITEMAP","200 OK","YES","NO","YES","YES","CLASS A — INDEXABLE","CLASS F — UNKNOWN GOOGLE STATUS"
"https://thesamachardaily.in/articles/world/marco-bechis-returns-after-decade-with-back-to-buenos-aires-review-finds-mixed-effect/","src/articles/world/marco-bechis-returns-after-decade-with-back-to-buenos-aires-review-finds-mixed-effect.md","World","2026-09-12T07:22:20Z",125,"INDEX","https://thesamachardaily.in/articles/world/marco-bechis-returns-after-decade-with-back-to-buenos-aires-review-finds-mixed-effect/","IN_SITEMAP","200 OK","NO","NO","YES","YES","CLASS A — INDEXABLE","CLASS F — UNKNOWN GOOGLE STATUS"
"https://thesamachardaily.in/articles/world/meghan-markle-posts-first-uk-family-video-showing-harry-kids-fishing-and-mud-play/","src/articles/world/meghan-markle-posts-first-uk-family-video-showing-harry-kids-fishing-and-mud-play.md","World","2026-09-14T12:43:30Z",75,"INDEX","https://thesamachardaily.in/articles/world/meghan-markle-posts-first-uk-family-video-showing-harry-kids-fishing-and-mud-play/","IN_SITEMAP","200 OK","YES","NO","YES","YES","CLASS A — INDEXABLE","CLASS F — UNKNOWN GOOGLE STATUS"
"https://thesamachardaily.in/articles/world/met-museum-cancels-met-gala-exhibition-on-controversial-designer-john-galliano/","src/articles/world/met-museum-cancels-met-gala-exhibition-on-controversial-designer-john-galliano.md","World","2026-09-01T01:02:44Z",207,"INDEX","https://thesamachardaily.in/articles/world/met-museum-cancels-met-gala-exhibition-on-controversial-designer-john-galliano/","IN_SITEMAP","200 OK","YES","NO","YES","YES","CLASS A — INDEXABLE","CLASS F — UNKNOWN GOOGLE STATUS"
"https://thesamachardaily.in/articles/world/mississippi-police-detain-suspect-in-hanging-death-of-black-woman-tasia-fortune/","src/articles/world/mississippi-police-detain-suspect-in-hanging-death-of-black-woman-tasia-fortune.md","World","2026-09-12T11:22:19Z",75,"NOINDEX","https://thesamachardaily.in/articles/world/mississippi-police-detain-suspect-in-hanging-death-of-black-woman-tasia-fortune/","OMITTED","200 OK","NO","NO","YES","YES","CLASS B — INTENTIONALLY NOINDEX","CLASS F — UNKNOWN GOOGLE STATUS"
"https://thesamachardaily.in/articles/world/motilal-oswal-alternates-backs-karam-safety-with-rs-600-crore-to-drive-acquisitions-a/","src/articles/world/motilal-oswal-alternates-backs-karam-safety-with-rs-600-crore-to-drive-acquisitions-a.md","World","2026-09-09T22:56:27Z",260,"INDEX","https://thesamachardaily.in/articles/world/motilal-oswal-alternates-backs-karam-safety-with-rs-600-crore-to-drive-acquisitions-a/","IN_SITEMAP","200 OK","NO","NO","YES","YES","CLASS A — INDEXABLE","CLASS F — UNKNOWN GOOGLE STATUS"
"https://thesamachardaily.in/articles/world/music-is-perhaps-the-purest-way-to-express-my-love-and-respect-for-zubeen-babul-supri/","src/articles/world/music-is-perhaps-the-purest-way-to-express-my-love-and-respect-for-zubeen-babul-supri.md","World","2026-08-30T23:09:17Z",200,"INDEX","https://thesamachardaily.in/articles/world/music-is-perhaps-the-purest-way-to-express-my-love-and-respect-for-zubeen-babul-supri/","IN_SITEMAP","200 OK","YES","NO","YES","YES","CLASS A — INDEXABLE","CLASS F — UNKNOWN GOOGLE STATUS"
"https://thesamachardaily.in/articles/world/neeraj-chopra-qualifies-for-diamond-league-final-2026-set-to-face-sri-lankas-rum/","src/articles/world/neeraj-chopra-qualifies-for-diamond-league-final-2026-set-to-face-sri-lankas-rum.md","World","2026-08-28T23:44:53Z",309,"INDEX","https://thesamachardaily.in/articles/world/neeraj-chopra-qualifies-for-diamond-league-final-2026-set-to-face-sri-lankas-rum/","IN_SITEMAP","200 OK","YES","NO","YES","YES","CLASS A — INDEXABLE","CLASS F — UNKNOWN GOOGLE STATUS"
"https://thesamachardaily.in/articles/world/neil-patrick-harris-marks-12-year-wedding-anniversary-with-david-burtka/","src/articles/world/neil-patrick-harris-marks-12-year-wedding-anniversary-with-david-burtka.md","World","2026-09-07T17:11:29Z",416,"INDEX","https://thesamachardaily.in/articles/world/neil-patrick-harris-marks-12-year-wedding-anniversary-with-david-burtka/","IN_SITEMAP","200 OK","YES","NO","YES","YES","CLASS A — INDEXABLE","CLASS F — UNKNOWN GOOGLE STATUS"
"https://thesamachardaily.in/articles/world/nepal-flash-floods-1924-people-still-missing-india-steps-up-humanitarian-assistance-t/","src/articles/world/nepal-flash-floods-1924-people-still-missing-india-steps-up-humanitarian-assistance-t.md","World","2026-08-29T15:03:14Z",245,"INDEX","https://thesamachardaily.in/articles/world/nepal-flash-floods-1924-people-still-missing-india-steps-up-humanitarian-assistance-t/","IN_SITEMAP","200 OK","NO","NO","YES","YES","CLASS A — INDEXABLE","CLASS F — UNKNOWN GOOGLE STATUS"
"https://thesamachardaily.in/articles/world/nepal-flash-floods-320-indian-nationals-still-missing-21-rescued-tamil-nadu-tour/","src/articles/world/nepal-flash-floods-320-indian-nationals-still-missing-21-rescued-tamil-nadu-tour.md","World","2026-08-28T22:56:24Z",280,"INDEX","https://thesamachardaily.in/articles/world/nepal-flash-floods-320-indian-nationals-still-missing-21-rescued-tamil-nadu-tour/","IN_SITEMAP","200 OK","YES","NO","YES","YES","CLASS A — INDEXABLE","CLASS F — UNKNOWN GOOGLE STATUS"
"https://thesamachardaily.in/articles/world/nepal-flash-floods-death-toll-climbs-to-1252-as-more-bodies-recovered-in-chitwan/","src/articles/world/nepal-flash-floods-death-toll-climbs-to-1252-as-more-bodies-recovered-in-chitwan.md","World","2026-09-04T17:10:04Z",293,"INDEX","https://thesamachardaily.in/articles/world/nepal-flash-floods-death-toll-climbs-to-1252-as-more-bodies-recovered-in-chitwan/","IN_SITEMAP","200 OK","YES","NO","YES","YES","CLASS A — INDEXABLE","CLASS F — UNKNOWN GOOGLE STATUS"
"https://thesamachardaily.in/articles/world/nepal-rescue-teams-wade-through-debris-swamps-in-rasuwa-10-15-bodies-found-in-single/","src/articles/world/nepal-rescue-teams-wade-through-debris-swamps-in-rasuwa-10-15-bodies-found-in-single.md","World","2026-09-01T17:10:05Z",273,"INDEX","https://thesamachardaily.in/articles/world/nepal-rescue-teams-wade-through-debris-swamps-in-rasuwa-10-15-bodies-found-in-single/","IN_SITEMAP","200 OK","YES","NO","YES","YES","CLASS A — INDEXABLE","CLASS F — UNKNOWN GOOGLE STATUS"
"https://thesamachardaily.in/articles/world/nepal-tunnel-rescue-operations-stalled-as-drones-find-no-hollow-space/","src/articles/world/nepal-tunnel-rescue-operations-stalled-as-drones-find-no-hollow-space.md","World","2026-09-01T21:09:56Z",233,"INDEX","https://thesamachardaily.in/articles/world/nepal-tunnel-rescue-operations-stalled-as-drones-find-no-hollow-space/","IN_SITEMAP","200 OK","YES","NO","YES","YES","CLASS A — INDEXABLE","CLASS F — UNKNOWN GOOGLE STATUS"
"https://thesamachardaily.in/articles/world/nepali-flood-survivors-face-profound-loss-pressing-needs-and-murky-futures/","src/articles/world/nepali-flood-survivors-face-profound-loss-pressing-needs-and-murky-futures.md","World","2026-08-29T10:18:56Z",162,"INDEX","https://thesamachardaily.in/articles/world/nepali-flood-survivors-face-profound-loss-pressing-needs-and-murky-futures/","IN_SITEMAP","200 OK","YES","NO","YES","YES","CLASS A — INDEXABLE","CLASS F — UNKNOWN GOOGLE STATUS"
"https://thesamachardaily.in/articles/world/norways-leknessund-solos-to-vuelta-stage-seven-win-pogacar-extends-lead/","src/articles/world/norways-leknessund-solos-to-vuelta-stage-seven-win-pogacar-extends-lead.md","World","2026-08-29T04:12:52Z",230,"INDEX","https://thesamachardaily.in/articles/world/norways-leknessund-solos-to-vuelta-stage-seven-win-pogacar-extends-lead/","IN_SITEMAP","200 OK","NO","NO","YES","YES","CLASS A — INDEXABLE","CLASS F — UNKNOWN GOOGLE STATUS"
"https://thesamachardaily.in/articles/world/norways-princess-astrid-94-dies-two-days-after-brother-king-haralds-funeral/","src/articles/world/norways-princess-astrid-94-dies-two-days-after-brother-king-haralds-funeral.md","World","2026-09-12T01:22:20Z",39,"NOINDEX","https://thesamachardaily.in/articles/world/norways-princess-astrid-94-dies-two-days-after-brother-king-haralds-funeral/","OMITTED","200 OK","YES","NO","YES","YES","CLASS B — INTENTIONALLY NOINDEX","CLASS F — UNKNOWN GOOGLE STATUS"
"https://thesamachardaily.in/articles/world/ntd-names-semifinalists-in-8th-international-piano-competition-after-two-day-prelimin/","src/articles/world/ntd-names-semifinalists-in-8th-international-piano-competition-after-two-day-prelimin.md","World","2026-09-04T15:10:01Z",301,"INDEX","https://thesamachardaily.in/articles/world/ntd-names-semifinalists-in-8th-international-piano-competition-after-two-day-prelimin/","IN_SITEMAP","200 OK","YES","NO","YES","YES","CLASS A — INDEXABLE","CLASS F — UNKNOWN GOOGLE STATUS"
"https://thesamachardaily.in/articles/world/odisha-secures-242-trillion-uae-investment-proposals-618000-jobs-targeted/","src/articles/world/odisha-secures-242-trillion-uae-investment-proposals-618000-jobs-targeted.md","World","2026-09-12T19:22:19Z",71,"INDEX","https://thesamachardaily.in/articles/world/odisha-secures-242-trillion-uae-investment-proposals-618000-jobs-targeted/","IN_SITEMAP","200 OK","YES","NO","YES","YES","CLASS A — INDEXABLE","CLASS F — UNKNOWN GOOGLE STATUS"
"https://thesamachardaily.in/articles/world/one-suspect-injured-in-northern-israel-as-idf-responds-to-stone-throwing-incident/","src/articles/world/one-suspect-injured-in-northern-israel-as-idf-responds-to-stone-throwing-incident.md","World","2026-09-13T01:22:36Z",63,"INDEX","https://thesamachardaily.in/articles/world/one-suspect-injured-in-northern-israel-as-idf-responds-to-stone-throwing-incident/","IN_SITEMAP","200 OK","YES","NO","YES","YES","CLASS A — INDEXABLE","CLASS F — UNKNOWN GOOGLE STATUS"
"https://thesamachardaily.in/articles/world/oscar-winning-the-last-emperor-uk-producer-jeremy-thomas-passes-away-at-77/","src/articles/world/oscar-winning-the-last-emperor-uk-producer-jeremy-thomas-passes-away-at-77.md","World","2026-09-13T03:22:38Z",58,"INDEX","https://thesamachardaily.in/articles/world/oscar-winning-the-last-emperor-uk-producer-jeremy-thomas-passes-away-at-77/","IN_SITEMAP","200 OK","NO","NO","YES","YES","CLASS A — INDEXABLE","CLASS F — UNKNOWN GOOGLE STATUS"
"https://thesamachardaily.in/articles/world/pakistan-blast-1-killed-9-injured-in-south-waziristan-explosion/","src/articles/world/pakistan-blast-1-killed-9-injured-in-south-waziristan-explosion.md","World","2026-08-28T23:37:02Z",287,"INDEX","https://thesamachardaily.in/articles/world/pakistan-blast-1-killed-9-injured-in-south-waziristan-explosion/","IN_SITEMAP","200 OK","YES","NO","YES","YES","CLASS A — INDEXABLE","CLASS F — UNKNOWN GOOGLE STATUS"
"https://thesamachardaily.in/articles/world/patrick-osborn-maine-meteorologist-goes-viral-after-uncontrollable-laughter-on-a/","src/articles/world/patrick-osborn-maine-meteorologist-goes-viral-after-uncontrollable-laughter-on-a.md","World","2026-08-29T03:12:47Z",220,"INDEX","https://thesamachardaily.in/articles/world/patrick-osborn-maine-meteorologist-goes-viral-after-uncontrollable-laughter-on-a/","IN_SITEMAP","200 OK","YES","NO","YES","YES","CLASS A — INDEXABLE","CLASS F — UNKNOWN GOOGLE STATUS"
"https://thesamachardaily.in/articles/world/pm-modi-mourns-norways-king-harald-v-recalls-may-visit/","src/articles/world/pm-modi-mourns-norways-king-harald-v-recalls-may-visit.md","World","2026-08-28T23:31:43Z",196,"INDEX","https://thesamachardaily.in/articles/world/pm-modi-mourns-norways-king-harald-v-recalls-may-visit/","IN_SITEMAP","200 OK","YES","NO","YES","YES","CLASS A — INDEXABLE","CLASS F — UNKNOWN GOOGLE STATUS"
"https://thesamachardaily.in/articles/world/podcast-by-jasim-al-azzawi-with-max-blumenthal-the-grayzone-david-vs-the-empire/","src/articles/world/podcast-by-jasim-al-azzawi-with-max-blumenthal-the-grayzone-david-vs-the-empire.md","World","2026-08-29T02:13:00Z",245,"INDEX","https://thesamachardaily.in/articles/world/podcast-by-jasim-al-azzawi-with-max-blumenthal-the-grayzone-david-vs-the-empire/","IN_SITEMAP","200 OK","YES","NO","YES","YES","CLASS A — INDEXABLE","CLASS F — UNKNOWN GOOGLE STATUS"
"https://thesamachardaily.in/articles/world/private-papers-reveal-muhammad-ali-jinnahs-tumultuous-life-beyond-politics/","src/articles/world/private-papers-reveal-muhammad-ali-jinnahs-tumultuous-life-beyond-politics.md","World","2026-09-03T21:10:30Z",460,"INDEX","https://thesamachardaily.in/articles/world/private-papers-reveal-muhammad-ali-jinnahs-tumultuous-life-beyond-politics/","IN_SITEMAP","200 OK","YES","NO","YES","YES","CLASS A — INDEXABLE","CLASS F — UNKNOWN GOOGLE STATUS"
"https://thesamachardaily.in/articles/world/putin-confirms-expanded-military-operations-in-ukraine-amid-heightened-tensions/","src/articles/world/putin-confirms-expanded-military-operations-in-ukraine-amid-heightened-tensions.md","World","2026-09-02T11:11:32Z",210,"INDEX","https://thesamachardaily.in/articles/world/putin-confirms-expanded-military-operations-in-ukraine-amid-heightened-tensions/","IN_SITEMAP","200 OK","YES","NO","YES","YES","CLASS A — INDEXABLE","CLASS F — UNKNOWN GOOGLE STATUS"
"https://thesamachardaily.in/articles/world/queenslands-fasttracked-reportable-conduct-scheme-boosts-child-safeguards/","src/articles/world/queenslands-fasttracked-reportable-conduct-scheme-boosts-child-safeguards.md","World","2026-09-07T13:09:46Z",266,"INDEX","https://thesamachardaily.in/articles/world/queenslands-fasttracked-reportable-conduct-scheme-boosts-child-safeguards/","IN_SITEMAP","200 OK","YES","NO","YES","YES","CLASS A — INDEXABLE","CLASS F — UNKNOWN GOOGLE STATUS"
"https://thesamachardaily.in/articles/world/rajnath-singh-to-embark-on-three-day-sri-lanka-visit-from-september-8/","src/articles/world/rajnath-singh-to-embark-on-three-day-sri-lanka-visit-from-september-8.md","World","2026-09-06T23:10:45Z",318,"INDEX","https://thesamachardaily.in/articles/world/rajnath-singh-to-embark-on-three-day-sri-lanka-visit-from-september-8/","IN_SITEMAP","200 OK","YES","NO","YES","YES","CLASS A — INDEXABLE","CLASS F — UNKNOWN GOOGLE STATUS"
"https://thesamachardaily.in/articles/world/reading-festival-review-fontaines-dc-on-brilliant-form/","src/articles/world/reading-festival-review-fontaines-dc-on-brilliant-form.md","World","2026-08-31T01:09:14Z",140,"INDEX","https://thesamachardaily.in/articles/world/reading-festival-review-fontaines-dc-on-brilliant-form/","IN_SITEMAP","200 OK","YES","NO","YES","YES","CLASS A — INDEXABLE","CLASS F — UNKNOWN GOOGLE STATUS"
"https://thesamachardaily.in/articles/world/renee-fleming-opens-piedmont-operas-50th-anniversary-season/","src/articles/world/renee-fleming-opens-piedmont-operas-50th-anniversary-season.md","World","2026-08-30T16:59:42Z",296,"INDEX","https://thesamachardaily.in/articles/world/renee-fleming-opens-piedmont-operas-50th-anniversary-season/","IN_SITEMAP","200 OK","NO","NO","YES","YES","CLASS A — INDEXABLE","CLASS F — UNKNOWN GOOGLE STATUS"
"https://thesamachardaily.in/articles/world/sda-awaits-faa-nod-to-test-spacebased-link-16-in-us-overseas-trials-ongoing/","src/articles/world/sda-awaits-faa-nod-to-test-spacebased-link-16-in-us-overseas-trials-ongoing.md","World","2026-09-17T04:43:30Z",147,"INDEX","https://thesamachardaily.in/articles/world/sda-awaits-faa-nod-to-test-spacebased-link-16-in-us-overseas-trials-ongoing/","IN_SITEMAP","200 OK","NO","NO","YES","YES","CLASS A — INDEXABLE","CLASS F — UNKNOWN GOOGLE STATUS"
"https://thesamachardaily.in/articles/world/sec-presidents-meet-via-video-call-but-defer-vote-on-lsu-membership-status/","src/articles/world/sec-presidents-meet-via-video-call-but-defer-vote-on-lsu-membership-status.md","World","2026-09-11T11:22:50Z",226,"INDEX","https://thesamachardaily.in/articles/world/sec-presidents-meet-via-video-call-but-defer-vote-on-lsu-membership-status/","IN_SITEMAP","200 OK","YES","NO","YES","YES","CLASS A — INDEXABLE","CLASS F — UNKNOWN GOOGLE STATUS"
"https://thesamachardaily.in/articles/world/singapore-police-probe-five-suspects-over-racist-remarks-linking-nepal-floods-to-air/","src/articles/world/singapore-police-probe-five-suspects-over-racist-remarks-linking-nepal-floods-to-air.md","World","2026-09-09T18:04:49Z",274,"INDEX","https://thesamachardaily.in/articles/world/singapore-police-probe-five-suspects-over-racist-remarks-linking-nepal-floods-to-air/","IN_SITEMAP","200 OK","YES","NO","YES","YES","CLASS A — INDEXABLE","CLASS F — UNKNOWN GOOGLE STATUS"
"https://thesamachardaily.in/articles/world/south-korea-to-open-sejong-presidential-office-by-2029-shifting-350-agencies-from-seo/","src/articles/world/south-korea-to-open-sejong-presidential-office-by-2029-shifting-350-agencies-from-seo.md","World","2026-09-03T15:09:50Z",296,"INDEX","https://thesamachardaily.in/articles/world/south-korea-to-open-sejong-presidential-office-by-2029-shifting-350-agencies-from-seo/","IN_SITEMAP","200 OK","YES","NO","YES","YES","CLASS A — INDEXABLE","CLASS F — UNKNOWN GOOGLE STATUS"
"https://thesamachardaily.in/articles/world/south-park-rebrands-as-south-america-with-naked-trump-in-viral-season-29-intro/","src/articles/world/south-park-rebrands-as-south-america-with-naked-trump-in-viral-season-29-intro.md","World","2026-09-17T18:43:31Z",76,"INDEX","https://thesamachardaily.in/articles/world/south-park-rebrands-as-south-america-with-naked-trump-in-viral-season-29-intro/","IN_SITEMAP","200 OK","YES","NO","YES","YES","CLASS A — INDEXABLE","CLASS F — UNKNOWN GOOGLE STATUS"
"https://thesamachardaily.in/articles/world/south-park-slams-trumps-geographic-renaming-in-season29-premiere/","src/articles/world/south-park-slams-trumps-geographic-renaming-in-season29-premiere.md","World","2026-09-17T16:43:46Z",94,"INDEX","https://thesamachardaily.in/articles/world/south-park-slams-trumps-geographic-renaming-in-season29-premiere/","IN_SITEMAP","200 OK","YES","NO","YES","YES","CLASS A — INDEXABLE","CLASS F — UNKNOWN GOOGLE STATUS"
"https://thesamachardaily.in/articles/world/square-enix-unveils-updated-tifa-look-in-final-fantasy-7-revelation-demo-at-tgs-2026/","src/articles/world/square-enix-unveils-updated-tifa-look-in-final-fantasy-7-revelation-demo-at-tgs-2026.md","World","2026-09-21T02:43:29Z",69,"INDEX","https://thesamachardaily.in/articles/world/square-enix-unveils-updated-tifa-look-in-final-fantasy-7-revelation-demo-at-tgs-2026/","IN_SITEMAP","200 OK","YES","NO","YES","YES","CLASS A — INDEXABLE","CLASS F — UNKNOWN GOOGLE STATUS"
"https://thesamachardaily.in/articles/world/sri-lankan-model-actress-chula-padmendra-found-dead-at-businessmans-home-hours-after/","src/articles/world/sri-lankan-model-actress-chula-padmendra-found-dead-at-businessmans-home-hours-after.md","World","2026-09-01T23:09:58Z",445,"INDEX","https://thesamachardaily.in/articles/world/sri-lankan-model-actress-chula-padmendra-found-dead-at-businessmans-home-hours-after/","IN_SITEMAP","200 OK","YES","NO","YES","YES","CLASS A — INDEXABLE","CLASS F — UNKNOWN GOOGLE STATUS"
"https://thesamachardaily.in/articles/world/st-louis-city-draws-2-2-with-portland-timbers-extends-unbeaten-run-to-15-games/","src/articles/world/st-louis-city-draws-2-2-with-portland-timbers-extends-unbeaten-run-to-15-games.md","World","2026-09-10T16:56:15Z",254,"INDEX","https://thesamachardaily.in/articles/world/st-louis-city-draws-2-2-with-portland-timbers-extends-unbeaten-run-to-15-games/","IN_SITEMAP","200 OK","YES","NO","YES","YES","CLASS A — INDEXABLE","CLASS F — UNKNOWN GOOGLE STATUS"
"https://thesamachardaily.in/articles/world/students-for-trump-cofounder-ryan-fournier-charged-in-sevencount-assault-indictment/","src/articles/world/students-for-trump-cofounder-ryan-fournier-charged-in-sevencount-assault-indictment.md","World","2026-09-05T19:09:49Z",274,"INDEX","https://thesamachardaily.in/articles/world/students-for-trump-cofounder-ryan-fournier-charged-in-sevencount-assault-indictment/","IN_SITEMAP","200 OK","YES","NO","YES","YES","CLASS A — INDEXABLE","CLASS F — UNKNOWN GOOGLE STATUS"
"https://thesamachardaily.in/articles/world/that-sucker-is-open-trump-says-strait-of-hormuz-open-as-tanker-traffic-resumes/","src/articles/world/that-sucker-is-open-trump-says-strait-of-hormuz-open-as-tanker-traffic-resumes.md","World","2026-08-28T23:35:08Z",257,"INDEX","https://thesamachardaily.in/articles/world/that-sucker-is-open-trump-says-strait-of-hormuz-open-as-tanker-traffic-resumes/","IN_SITEMAP","200 OK","YES","NO","YES","YES","CLASS A — INDEXABLE","CLASS F — UNKNOWN GOOGLE STATUS"
"https://thesamachardaily.in/articles/world/the-highest-rated-disaster-movie-of-the-21st-century-sweeps-away-streaming-competitio/","src/articles/world/the-highest-rated-disaster-movie-of-the-21st-century-sweeps-away-streaming-competitio.md","World","2026-08-31T05:09:27Z",323,"INDEX","https://thesamachardaily.in/articles/world/the-highest-rated-disaster-movie-of-the-21st-century-sweeps-away-streaming-competitio/","IN_SITEMAP","200 OK","YES","NO","YES","YES","CLASS A — INDEXABLE","CLASS F — UNKNOWN GOOGLE STATUS"
"https://thesamachardaily.in/articles/world/the-rookie-showrunner-alexi-hawley-secures-future-with-major-franchise-deal/","src/articles/world/the-rookie-showrunner-alexi-hawley-secures-future-with-major-franchise-deal.md","World","2026-09-02T01:10:41Z",384,"INDEX","https://thesamachardaily.in/articles/world/the-rookie-showrunner-alexi-hawley-secures-future-with-major-franchise-deal/","IN_SITEMAP","200 OK","YES","NO","YES","YES","CLASS A — INDEXABLE","CLASS F — UNKNOWN GOOGLE STATUS"
"https://thesamachardaily.in/articles/world/the-shards-actress-discusses-first-season-of-ryan-murphy-teen-thriller-now-streaming/","src/articles/world/the-shards-actress-discusses-first-season-of-ryan-murphy-teen-thriller-now-streaming.md","World","2026-09-11T03:22:39Z",274,"INDEX","https://thesamachardaily.in/articles/world/the-shards-actress-discusses-first-season-of-ryan-murphy-teen-thriller-now-streaming/","IN_SITEMAP","200 OK","YES","NO","YES","YES","CLASS A — INDEXABLE","CLASS F — UNKNOWN GOOGLE STATUS"
"https://thesamachardaily.in/articles/world/the-witcher-4-will-have-a-physical-edition-even-if-discs-go-away-cd-projekt-red-confi/","src/articles/world/the-witcher-4-will-have-a-physical-edition-even-if-discs-go-away-cd-projekt-red-confi.md","World","2026-08-30T06:57:47Z",117,"INDEX","https://thesamachardaily.in/articles/world/the-witcher-4-will-have-a-physical-edition-even-if-discs-go-away-cd-projekt-red-confi/","IN_SITEMAP","200 OK","YES","NO","YES","YES","CLASS A — INDEXABLE","CLASS F — UNKNOWN GOOGLE STATUS"
"https://thesamachardaily.in/articles/world/thousands-rally-in-ljubljana-as-slovenia-opens-israel-embassy-sparking-impeachment-bi/","src/articles/world/thousands-rally-in-ljubljana-as-slovenia-opens-israel-embassy-sparking-impeachment-bi.md","World","2026-09-10T14:56:15Z",282,"INDEX","https://thesamachardaily.in/articles/world/thousands-rally-in-ljubljana-as-slovenia-opens-israel-embassy-sparking-impeachment-bi/","IN_SITEMAP","200 OK","YES","NO","YES","YES","CLASS A — INDEXABLE","CLASS F — UNKNOWN GOOGLE STATUS"
"https://thesamachardaily.in/articles/world/tim-mcgraw-falls-flat-on-his-back-during-cincinnati-concert-after-boot-gets-caught-in/","src/articles/world/tim-mcgraw-falls-flat-on-his-back-during-cincinnati-concert-after-boot-gets-caught-in.md","World","2026-08-30T04:57:54Z",143,"INDEX","https://thesamachardaily.in/articles/world/tim-mcgraw-falls-flat-on-his-back-during-cincinnati-concert-after-boot-gets-caught-in/","IN_SITEMAP","200 OK","YES","NO","YES","YES","CLASS A — INDEXABLE","CLASS F — UNKNOWN GOOGLE STATUS"
"https://thesamachardaily.in/articles/world/times-square-attacker-shot-dead-by-police-after-fatal-stabbing-spree/","src/articles/world/times-square-attacker-shot-dead-by-police-after-fatal-stabbing-spree.md","World","2026-09-01T15:11:28Z",329,"INDEX","https://thesamachardaily.in/articles/world/times-square-attacker-shot-dead-by-police-after-fatal-stabbing-spree/","IN_SITEMAP","200 OK","YES","NO","YES","YES","CLASS A — INDEXABLE","CLASS F — UNKNOWN GOOGLE STATUS"
"https://thesamachardaily.in/articles/world/treenod-to-debut-new-game-poko-merge-at-tokyo-game-show-2026/","src/articles/world/treenod-to-debut-new-game-poko-merge-at-tokyo-game-show-2026.md","World","2026-09-15T12:43:31Z",49,"INDEX","https://thesamachardaily.in/articles/world/treenod-to-debut-new-game-poko-merge-at-tokyo-game-show-2026/","IN_SITEMAP","200 OK","NO","NO","YES","YES","CLASS A — INDEXABLE","CLASS F — UNKNOWN GOOGLE STATUS"
"https://thesamachardaily.in/articles/world/tribunal-do-equador-declara-culpado-ex-presidente-lenin-moreno-em-caso-de-corrup/","src/articles/world/tribunal-do-equador-declara-culpado-ex-presidente-lenin-moreno-em-caso-de-corrup.md","World","2026-08-29T08:13:02Z",248,"INDEX","https://thesamachardaily.in/articles/world/tribunal-do-equador-declara-culpado-ex-presidente-lenin-moreno-em-caso-de-corrup/","IN_SITEMAP","200 OK","YES","NO","YES","YES","CLASS A — INDEXABLE","CLASS F — UNKNOWN GOOGLE STATUS"
"https://thesamachardaily.in/articles/world/trump-appears-agitated-as-marine-one-lands-in-morristown-gestures-sharply-at-crew/","src/articles/world/trump-appears-agitated-as-marine-one-lands-in-morristown-gestures-sharply-at-crew.md","World","2026-09-09T18:56:13Z",256,"INDEX","https://thesamachardaily.in/articles/world/trump-appears-agitated-as-marine-one-lands-in-morristown-gestures-sharply-at-crew/","IN_SITEMAP","200 OK","YES","NO","YES","YES","CLASS A — INDEXABLE","CLASS F — UNKNOWN GOOGLE STATUS"
"https://thesamachardaily.in/articles/world/trump-bars-cnn-msnow-politico-from-white-house-labels-them-fake-news/","src/articles/world/trump-bars-cnn-msnow-politico-from-white-house-labels-them-fake-news.md","World","2026-09-19T14:43:31Z",46,"INDEX","https://thesamachardaily.in/articles/world/trump-bars-cnn-msnow-politico-from-white-house-labels-them-fake-news/","IN_SITEMAP","200 OK","YES","NO","YES","YES","CLASS A — INDEXABLE","CLASS F — UNKNOWN GOOGLE STATUS"
"https://thesamachardaily.in/articles/world/trump-hails-syrias-pitch-as-overland-alternative-to-strait-of-hormuz/","src/articles/world/trump-hails-syrias-pitch-as-overland-alternative-to-strait-of-hormuz.md","World","2026-09-04T05:10:12Z",354,"INDEX","https://thesamachardaily.in/articles/world/trump-hails-syrias-pitch-as-overland-alternative-to-strait-of-hormuz/","IN_SITEMAP","200 OK","YES","NO","YES","YES","CLASS A — INDEXABLE","CLASS F — UNKNOWN GOOGLE STATUS"
"https://thesamachardaily.in/articles/world/trump-loses-bid-to-move-ny-hush-money-case-to-federal-court/","src/articles/world/trump-loses-bid-to-move-ny-hush-money-case-to-federal-court.md","World","2026-08-29T11:39:12Z",138,"INDEX","https://thesamachardaily.in/articles/world/trump-loses-bid-to-move-ny-hush-money-case-to-federal-court/","IN_SITEMAP","200 OK","YES","NO","YES","YES","CLASS A — INDEXABLE","CLASS F — UNKNOWN GOOGLE STATUS"
"https://thesamachardaily.in/articles/world/trump-mocked-nonvoters-at-gops-first-midterm-convention-in-dallas-sparking-fox-viewer/","src/articles/world/trump-mocked-nonvoters-at-gops-first-midterm-convention-in-dallas-sparking-fox-viewer.md","World","2026-09-12T05:22:19Z",85,"INDEX","https://thesamachardaily.in/articles/world/trump-mocked-nonvoters-at-gops-first-midterm-convention-in-dallas-sparking-fox-viewer/","IN_SITEMAP","200 OK","YES","NO","YES","YES","CLASS A — INDEXABLE","CLASS F — UNKNOWN GOOGLE STATUS"
"https://thesamachardaily.in/articles/world/trump-ruled-loss-on-mail-voting-case-supreme-court-examines-executive-order/","src/articles/world/trump-ruled-loss-on-mail-voting-case-supreme-court-examines-executive-order.md","World","2026-09-11T05:23:17Z",360,"INDEX","https://thesamachardaily.in/articles/world/trump-ruled-loss-on-mail-voting-case-supreme-court-examines-executive-order/","IN_SITEMAP","200 OK","YES","NO","YES","YES","CLASS A — INDEXABLE","CLASS F — UNKNOWN GOOGLE STATUS"
"https://thesamachardaily.in/articles/world/trump-says-hes-happy-as-prince-harry-meghan-return-to-britain-with-children/","src/articles/world/trump-says-hes-happy-as-prince-harry-meghan-return-to-britain-with-children.md","World","2026-09-03T17:09:46Z",267,"INDEX","https://thesamachardaily.in/articles/world/trump-says-hes-happy-as-prince-harry-meghan-return-to-britain-with-children/","IN_SITEMAP","200 OK","YES","NO","YES","YES","CLASS A — INDEXABLE","CLASS F — UNKNOWN GOOGLE STATUS"
"https://thesamachardaily.in/articles/world/trump-says-us-has-entered-deal-with-venezuela-to-take-control-of-65-billion-barrels-o/","src/articles/world/trump-says-us-has-entered-deal-with-venezuela-to-take-control-of-65-billion-barrels-o.md","World","2026-08-29T11:21:37Z",211,"INDEX","https://thesamachardaily.in/articles/world/trump-says-us-has-entered-deal-with-venezuela-to-take-control-of-65-billion-barrels-o/","IN_SITEMAP","200 OK","YES","NO","YES","YES","CLASS A — INDEXABLE","CLASS F — UNKNOWN GOOGLE STATUS"
"https://thesamachardaily.in/articles/world/typhoon-dujuan-kills-two-cuts-power-to-46000-homes-as-record-rain-hits-tokyo/","src/articles/world/typhoon-dujuan-kills-two-cuts-power-to-46000-homes-as-record-rain-hits-tokyo.md","World","2026-09-22T10:43:36Z",61,"INDEX","https://thesamachardaily.in/articles/world/typhoon-dujuan-kills-two-cuts-power-to-46000-homes-as-record-rain-hits-tokyo/","IN_SITEMAP","200 OK","YES","NO","YES","YES","CLASS A — INDEXABLE","CLASS F — UNKNOWN GOOGLE STATUS"
"https://thesamachardaily.in/articles/world/uk-mi5-chief-warns-next-major-shock-could-be-planned-in-unexpected-locations/","src/articles/world/uk-mi5-chief-warns-next-major-shock-could-be-planned-in-unexpected-locations.md","World","2026-09-11T16:05:24Z",64,"NOINDEX","https://thesamachardaily.in/articles/world/uk-mi5-chief-warns-next-major-shock-could-be-planned-in-unexpected-locations/","OMITTED","200 OK","YES","NO","YES","YES","CLASS B — INTENTIONALLY NOINDEX","CLASS F — UNKNOWN GOOGLE STATUS"
"https://thesamachardaily.in/articles/world/unity-and-diversity-in-indias-dna-rss-chief-mohan-bhagwat-at-new-york-event/","src/articles/world/unity-and-diversity-in-indias-dna-rss-chief-mohan-bhagwat-at-new-york-event.md","World","2026-08-30T08:57:49Z",171,"INDEX","https://thesamachardaily.in/articles/world/unity-and-diversity-in-indias-dna-rss-chief-mohan-bhagwat-at-new-york-event/","IN_SITEMAP","200 OK","YES","NO","YES","YES","CLASS A — INDEXABLE","CLASS F — UNKNOWN GOOGLE STATUS"
"https://thesamachardaily.in/articles/world/us-diesel-prices-hit-record-high-as-iran-war-drives-fuel-costs-past-2022-peak/","src/articles/world/us-diesel-prices-hit-record-high-as-iran-war-drives-fuel-costs-past-2022-peak.md","World","2026-09-04T23:10:08Z",390,"INDEX","https://thesamachardaily.in/articles/world/us-diesel-prices-hit-record-high-as-iran-war-drives-fuel-costs-past-2022-peak/","IN_SITEMAP","200 OK","YES","NO","YES","YES","CLASS A — INDEXABLE","CLASS F — UNKNOWN GOOGLE STATUS"
"https://thesamachardaily.in/articles/world/us-forces-intercept-and-sink-narco-refueling-vessel-in-eastern-pacific/","src/articles/world/us-forces-intercept-and-sink-narco-refueling-vessel-in-eastern-pacific.md","World","2026-09-05T11:10:09Z",286,"INDEX","https://thesamachardaily.in/articles/world/us-forces-intercept-and-sink-narco-refueling-vessel-in-eastern-pacific/","IN_SITEMAP","200 OK","YES","NO","YES","YES","CLASS A — INDEXABLE","CLASS F — UNKNOWN GOOGLE STATUS"
"https://thesamachardaily.in/articles/world/us-iran-exchange-fire-in-flare-up-bessent-signals-more-sanctions/","src/articles/world/us-iran-exchange-fire-in-flare-up-bessent-signals-more-sanctions.md","World","2026-08-31T09:10:17Z",361,"INDEX","https://thesamachardaily.in/articles/world/us-iran-exchange-fire-in-flare-up-bessent-signals-more-sanctions/","IN_SITEMAP","200 OK","YES","NO","YES","YES","CLASS A — INDEXABLE","CLASS F — UNKNOWN GOOGLE STATUS"
"https://thesamachardaily.in/articles/world/us-judge-wont-immediately-block-trumps-new-birthright-citizenship-order/","src/articles/world/us-judge-wont-immediately-block-trumps-new-birthright-citizenship-order.md","World","2026-08-29T05:12:55Z",259,"INDEX","https://thesamachardaily.in/articles/world/us-judge-wont-immediately-block-trumps-new-birthright-citizenship-order/","IN_SITEMAP","200 OK","YES","NO","YES","YES","CLASS A — INDEXABLE","CLASS F — UNKNOWN GOOGLE STATUS"
"https://thesamachardaily.in/articles/world/us-treasury-adds-iran-linked-individual-hong-kong-based-company-to-sanctions-lis/","src/articles/world/us-treasury-adds-iran-linked-individual-hong-kong-based-company-to-sanctions-lis.md","World","2026-08-29T03:13:00Z",268,"INDEX","https://thesamachardaily.in/articles/world/us-treasury-adds-iran-linked-individual-hong-kong-based-company-to-sanctions-lis/","IN_SITEMAP","200 OK","YES","NO","YES","YES","CLASS A — INDEXABLE","CLASS F — UNKNOWN GOOGLE STATUS"
"https://thesamachardaily.in/articles/world/us-vice-president-jd-vance-says-irans-control-of-strait-of-hormuz-is-gone/","src/articles/world/us-vice-president-jd-vance-says-irans-control-of-strait-of-hormuz-is-gone.md","World","2026-09-04T07:10:37Z",323,"INDEX","https://thesamachardaily.in/articles/world/us-vice-president-jd-vance-says-irans-control-of-strait-of-hormuz-is-gone/","IN_SITEMAP","200 OK","YES","NO","YES","YES","CLASS A — INDEXABLE","CLASS F — UNKNOWN GOOGLE STATUS"
"https://thesamachardaily.in/articles/world/uss-abraham-lincoln-arrives-in-thailand-after-months-long-middle-east-deployment/","src/articles/world/uss-abraham-lincoln-arrives-in-thailand-after-months-long-middle-east-deployment.md","World","2026-09-02T13:10:18Z",361,"INDEX","https://thesamachardaily.in/articles/world/uss-abraham-lincoln-arrives-in-thailand-after-months-long-middle-east-deployment/","IN_SITEMAP","200 OK","YES","NO","YES","YES","CLASS A — INDEXABLE","CLASS F — UNKNOWN GOOGLE STATUS"
"https://thesamachardaily.in/articles/world/venomous-views-money-for-jam-and-a-shock-guest-star-five-things-we-learnt-from-week-f/","src/articles/world/venomous-views-money-for-jam-and-a-shock-guest-star-five-things-we-learnt-from-week-f.md","World","2026-08-29T11:30:53Z",183,"INDEX","https://thesamachardaily.in/articles/world/venomous-views-money-for-jam-and-a-shock-guest-star-five-things-we-learnt-from-week-f/","IN_SITEMAP","200 OK","YES","NO","YES","YES","CLASS A — INDEXABLE","CLASS F — UNKNOWN GOOGLE STATUS"
"https://thesamachardaily.in/articles/world/violence-erupts-in-kurdish-syrian-town-after-former-fighter-killing-state-media-repor/","src/articles/world/violence-erupts-in-kurdish-syrian-town-after-former-fighter-killing-state-media-repor.md","World","2026-09-12T09:22:21Z",57,"NOINDEX","https://thesamachardaily.in/articles/world/violence-erupts-in-kurdish-syrian-town-after-former-fighter-killing-state-media-repor/","OMITTED","200 OK","YES","NO","YES","YES","CLASS B — INTENTIONALLY NOINDEX","CLASS F — UNKNOWN GOOGLE STATUS"
"https://thesamachardaily.in/articles/world/warsh-calls-for-a-quieter-fed-focused-on-reducing-inflation-national/","src/articles/world/warsh-calls-for-a-quieter-fed-focused-on-reducing-inflation-national.md","World","2026-08-29T07:12:49Z",366,"INDEX","https://thesamachardaily.in/articles/world/warsh-calls-for-a-quieter-fed-focused-on-reducing-inflation-national/","IN_SITEMAP","200 OK","YES","NO","YES","YES","CLASS A — INDEXABLE","CLASS F — UNKNOWN GOOGLE STATUS"
"https://thesamachardaily.in/articles/world/watch-sebastian-bach-play-his-first-show-with-sebastian-bach/","src/articles/world/watch-sebastian-bach-play-his-first-show-with-sebastian-bach.md","World","2026-08-30T00:57:48Z",164,"INDEX","https://thesamachardaily.in/articles/world/watch-sebastian-bach-play-his-first-show-with-sebastian-bach/","IN_SITEMAP","200 OK","YES","NO","YES","YES","CLASS A — INDEXABLE","CLASS F — UNKNOWN GOOGLE STATUS"
"https://thesamachardaily.in/articles/world/when-rakhi-unified-bengal-the-story-of-rabindranath-tagores-1905-anti-partition-/","src/articles/world/when-rakhi-unified-bengal-the-story-of-rabindranath-tagores-1905-anti-partition-.md","World","2026-08-28T22:40:53Z",231,"INDEX","https://thesamachardaily.in/articles/world/when-rakhi-unified-bengal-the-story-of-rabindranath-tagores-1905-anti-partition-/","IN_SITEMAP","200 OK","YES","NO","YES","YES","CLASS A — INDEXABLE","CLASS F — UNKNOWN GOOGLE STATUS"
"https://thesamachardaily.in/articles/world/white-house-push-to-keep-us-firms-from-french-space-summit-draws-insider-criticism/","src/articles/world/white-house-push-to-keep-us-firms-from-french-space-summit-draws-insider-criticism.md","World","2026-09-04T11:10:46Z",312,"INDEX","https://thesamachardaily.in/articles/world/white-house-push-to-keep-us-firms-from-french-space-summit-draws-insider-criticism/","IN_SITEMAP","200 OK","YES","NO","YES","YES","CLASS A — INDEXABLE","CLASS F — UNKNOWN GOOGLE STATUS"
"https://thesamachardaily.in/articles/world/will-paris-is-always-a-good-idea-get-a-season-2-one-hallmark-star-has-strong-feelings/","src/articles/world/will-paris-is-always-a-good-idea-get-a-season-2-one-hallmark-star-has-strong-feelings.md","World","2026-08-29T11:03:05Z",146,"INDEX","https://thesamachardaily.in/articles/world/will-paris-is-always-a-good-idea-get-a-season-2-one-hallmark-star-has-strong-feelings/","IN_SITEMAP","200 OK","YES","NO","YES","YES","CLASS A — INDEXABLE","CLASS F — UNKNOWN GOOGLE STATUS"
"https://thesamachardaily.in/articles/world/witkoff-and-kushner-arrive-in-moscow-as-zelenskyy-demands-air-pause/","src/articles/world/witkoff-and-kushner-arrive-in-moscow-as-zelenskyy-demands-air-pause.md","World","2026-09-05T23:10:04Z",402,"INDEX","https://thesamachardaily.in/articles/world/witkoff-and-kushner-arrive-in-moscow-as-zelenskyy-demands-air-pause/","IN_SITEMAP","200 OK","YES","NO","YES","YES","CLASS A — INDEXABLE","CLASS F — UNKNOWN GOOGLE STATUS"
"https://thesamachardaily.in/business/2/","src/categories/category.njk","Category","N/A",0,"INDEX","https://thesamachardaily.in/business/2/","OMITTED","200 OK","NO","NO","NO","NO","CLASS A — INDEXABLE","CLASS F — UNKNOWN GOOGLE STATUS"
"https://thesamachardaily.in/business/3/","src/categories/category.njk","Category","N/A",0,"INDEX","https://thesamachardaily.in/business/3/","OMITTED","200 OK","NO","NO","NO","NO","CLASS A — INDEXABLE","CLASS F — UNKNOWN GOOGLE STATUS"
"https://thesamachardaily.in/business/","src/categories/category.njk","Category","N/A",0,"INDEX","https://thesamachardaily.in/business/","IN_SITEMAP","200 OK","NO","NO","NO","NO","CLASS A — INDEXABLE","CLASS F — UNKNOWN GOOGLE STATUS"
"https://thesamachardaily.in/contact/","src/pages/contact.md","Static","N/A",114,"INDEX","https://thesamachardaily.in/contact/","IN_SITEMAP","200 OK","NO","NO","NO","NO","CLASS A — INDEXABLE","CLASS F — UNKNOWN GOOGLE STATUS"
"https://thesamachardaily.in/editorial/","src/pages/editorial.md","Static","N/A",0,"INDEX","https://thesamachardaily.in/editorial/","IN_SITEMAP","200 OK","NO","NO","NO","NO","CLASS A — INDEXABLE","CLASS F — UNKNOWN GOOGLE STATUS"
"https://thesamachardaily.in/","src/index.njk","Home","N/A",0,"INDEX","https://thesamachardaily.in/","IN_SITEMAP","200 OK","YES","NO","NO","NO","CLASS A — INDEXABLE","CLASS F — UNKNOWN GOOGLE STATUS"
"https://thesamachardaily.in/india/2/","src/categories/category.njk","Category","N/A",0,"INDEX","https://thesamachardaily.in/india/2/","OMITTED","200 OK","NO","NO","NO","NO","CLASS A — INDEXABLE","CLASS F — UNKNOWN GOOGLE STATUS"
"https://thesamachardaily.in/india/3/","src/categories/category.njk","Category","N/A",0,"INDEX","https://thesamachardaily.in/india/3/","OMITTED","200 OK","NO","NO","NO","NO","CLASS A — INDEXABLE","CLASS F — UNKNOWN GOOGLE STATUS"
"https://thesamachardaily.in/india/4/","src/categories/category.njk","Category","N/A",0,"INDEX","https://thesamachardaily.in/india/4/","OMITTED","200 OK","NO","NO","NO","NO","CLASS A — INDEXABLE","CLASS F — UNKNOWN GOOGLE STATUS"
"https://thesamachardaily.in/india/5/","src/categories/category.njk","Category","N/A",0,"INDEX","https://thesamachardaily.in/india/5/","OMITTED","200 OK","NO","NO","NO","NO","CLASS A — INDEXABLE","CLASS F — UNKNOWN GOOGLE STATUS"
"https://thesamachardaily.in/india/","src/categories/category.njk","Category","N/A",0,"INDEX","https://thesamachardaily.in/india/","IN_SITEMAP","200 OK","NO","NO","NO","NO","CLASS A — INDEXABLE","CLASS F — UNKNOWN GOOGLE STATUS"
"https://thesamachardaily.in/privacy/","src/pages/privacy.md","Static","N/A",529,"INDEX","https://thesamachardaily.in/privacy/","IN_SITEMAP","200 OK","NO","NO","NO","NO","CLASS A — INDEXABLE","CLASS F — UNKNOWN GOOGLE STATUS"
"https://thesamachardaily.in/search/","src/pages/search.md","Static","N/A",0,"NOINDEX","https://thesamachardaily.in/search/","OMITTED","200 OK","NO","NO","NO","NO","CLASS B — INTENTIONALLY NOINDEX","CLASS F — UNKNOWN GOOGLE STATUS"
"https://thesamachardaily.in/sports/2/","src/categories/category.njk","Category","N/A",0,"INDEX","https://thesamachardaily.in/sports/2/","OMITTED","200 OK","NO","NO","NO","NO","CLASS A — INDEXABLE","CLASS F — UNKNOWN GOOGLE STATUS"
"https://thesamachardaily.in/sports/3/","src/categories/category.njk","Category","N/A",0,"INDEX","https://thesamachardaily.in/sports/3/","OMITTED","200 OK","NO","NO","NO","NO","CLASS A — INDEXABLE","CLASS F — UNKNOWN GOOGLE STATUS"
"https://thesamachardaily.in/sports/","src/categories/category.njk","Category","N/A",0,"INDEX","https://thesamachardaily.in/sports/","IN_SITEMAP","200 OK","NO","NO","NO","NO","CLASS A — INDEXABLE","CLASS F — UNKNOWN GOOGLE STATUS"
"https://thesamachardaily.in/tech/2/","src/categories/category.njk","Category","N/A",0,"INDEX","https://thesamachardaily.in/tech/2/","OMITTED","200 OK","NO","NO","NO","NO","CLASS A — INDEXABLE","CLASS F — UNKNOWN GOOGLE STATUS"
"https://thesamachardaily.in/tech/3/","src/categories/category.njk","Category","N/A",0,"INDEX","https://thesamachardaily.in/tech/3/","OMITTED","200 OK","NO","NO","NO","NO","CLASS A — INDEXABLE","CLASS F — UNKNOWN GOOGLE STATUS"
"https://thesamachardaily.in/tech/","src/categories/category.njk","Category","N/A",0,"INDEX","https://thesamachardaily.in/tech/","IN_SITEMAP","200 OK","NO","NO","NO","NO","CLASS A — INDEXABLE","CLASS F — UNKNOWN GOOGLE STATUS"
"https://thesamachardaily.in/terms/","src/pages/terms.md","Static","N/A",353,"INDEX","https://thesamachardaily.in/terms/","IN_SITEMAP","200 OK","NO","NO","NO","NO","CLASS A — INDEXABLE","CLASS F — UNKNOWN GOOGLE STATUS"
"https://thesamachardaily.in/world/2/","src/categories/category.njk","Category","N/A",0,"INDEX","https://thesamachardaily.in/world/2/","OMITTED","200 OK","NO","NO","NO","NO","CLASS A — INDEXABLE","CLASS F — UNKNOWN GOOGLE STATUS"
"https://thesamachardaily.in/world/3/","src/categories/category.njk","Category","N/A",0,"INDEX","https://thesamachardaily.in/world/3/","OMITTED","200 OK","NO","NO","NO","NO","CLASS A — INDEXABLE","CLASS F — UNKNOWN GOOGLE STATUS"
"https://thesamachardaily.in/world/","src/categories/category.njk","Category","N/A",0,"INDEX","https://thesamachardaily.in/world/","IN_SITEMAP","200 OK","NO","NO","NO","NO","CLASS A — INDEXABLE","CLASS F — UNKNOWN GOOGLE STATUS"