url,type,status_code,robots_meta,in_sitemap,canonical_url,canonical_status,has_video,word_count_est,forensic_classification,gsc_evidence_required
"https://thesamachardaily.in/404/","static",200,"index,follow","NO","https://thesamachardaily.in/404.html","EXPECTED_404_CANONICAL","NO",0,"INDEXABLE_CLEAN","NO"
"https://thesamachardaily.in/about/","static",200,"index,follow","YES","https://thesamachardaily.in/about/","SELF_CANONICAL","NO",0,"INDEXABLE_CLEAN","NO"
"https://thesamachardaily.in/articles/business/7-essential-hr-software-features-you-cant-ignore/","article",200,"index,follow","YES","https://thesamachardaily.in/articles/business/7-essential-hr-software-features-you-cant-ignore/","SELF_CANONICAL","YES",0,"THIN_CONTENT_CRAWLED_AT_RISK","YES"
"https://thesamachardaily.in/articles/business/alex-rajak-launches-profundity-operational-value-assessment-to-strengthen-firms/","article",200,"index,follow","YES","https://thesamachardaily.in/articles/business/alex-rajak-launches-profundity-operational-value-assessment-to-strengthen-firms/","SELF_CANONICAL","NO",0,"THIN_CONTENT_CRAWLED_AT_RISK","YES"
"https://thesamachardaily.in/articles/business/analysts-probe-schds-fiveyear-outlook-as-dividends-remain-core-to-returns/","article",200,"index,follow","YES","https://thesamachardaily.in/articles/business/analysts-probe-schds-fiveyear-outlook-as-dividends-remain-core-to-returns/","SELF_CANONICAL","YES",0,"THIN_CONTENT_CRAWLED_AT_RISK","YES"
"https://thesamachardaily.in/articles/business/ap-sports-summarybrief-at-848-pm-edt/","article",200,"index,follow","YES","https://thesamachardaily.in/articles/business/ap-sports-summarybrief-at-848-pm-edt/","SELF_CANONICAL","YES",0,"THIN_CONTENT_CRAWLED_AT_RISK","YES"
"https://thesamachardaily.in/articles/business/arizona-home-lost-to-hoa-foreclosure-over-977-debt-owner-claims/","article",200,"index,follow","YES","https://thesamachardaily.in/articles/business/arizona-home-lost-to-hoa-foreclosure-over-977-debt-owner-claims/","SELF_CANONICAL","NO",0,"THIN_CONTENT_CRAWLED_AT_RISK","YES"
"https://thesamachardaily.in/articles/business/asian-lng-demand-set-to-fall-310-as-prices-surge-after-qatarenergy-halt/","article",200,"index,follow","YES","https://thesamachardaily.in/articles/business/asian-lng-demand-set-to-fall-310-as-prices-surge-after-qatarenergy-halt/","SELF_CANONICAL","YES",0,"THIN_CONTENT_CRAWLED_AT_RISK","YES"
"https://thesamachardaily.in/articles/business/asian-tech-shares-surge-as-us-jobs-report-boosts-growth-hopes-market-wrap/","article",200,"index,follow","YES","https://thesamachardaily.in/articles/business/asian-tech-shares-surge-as-us-jobs-report-boosts-growth-hopes-market-wrap/","SELF_CANONICAL","YES",0,"THIN_CONTENT_CRAWLED_AT_RISK","YES"
"https://thesamachardaily.in/articles/business/ather-konarc-electric-scooter-launch-live-updates-specifications-prices-images/","article",200,"index,follow","YES","https://thesamachardaily.in/articles/business/ather-konarc-electric-scooter-launch-live-updates-specifications-prices-images/","SELF_CANONICAL","YES",0,"THIN_CONTENT_CRAWLED_AT_RISK","YES"
"https://thesamachardaily.in/articles/business/bank-of-canada-holds-policy-rate-as-inflation-risks-prompt-possible-multiple-hikes/","article",200,"index,follow","YES","https://thesamachardaily.in/articles/business/bank-of-canada-holds-policy-rate-as-inflation-risks-prompt-possible-multiple-hikes/","SELF_CANONICAL","YES",0,"THIN_CONTENT_CRAWLED_AT_RISK","YES"
"https://thesamachardaily.in/articles/business/bank-strike-hits-assam-demands-fiveday-week-pension-overhaul-pli-repeal/","article",200,"index,follow","YES","https://thesamachardaily.in/articles/business/bank-strike-hits-assam-demands-fiveday-week-pension-overhaul-pli-repeal/","SELF_CANONICAL","YES",0,"THIN_CONTENT_CRAWLED_AT_RISK","YES"
"https://thesamachardaily.in/articles/business/bapudham-mahotsav-2026-cm-samrat-chaudhary-and-union-minister-gajendra-singh-shekhawa/","article",200,"index,follow","YES","https://thesamachardaily.in/articles/business/bapudham-mahotsav-2026-cm-samrat-chaudhary-and-union-minister-gajendra-singh-shekhawa/","SELF_CANONICAL","NO",0,"THIN_CONTENT_CRAWLED_AT_RISK","YES"
"https://thesamachardaily.in/articles/business/bengalurus-paid-parking-plan-20-roads-set-for-rollout-3-crore-annual-revenue-expected/","article",200,"index,follow","YES","https://thesamachardaily.in/articles/business/bengalurus-paid-parking-plan-20-roads-set-for-rollout-3-crore-annual-revenue-expected/","SELF_CANONICAL","YES",0,"THIN_CONTENT_CRAWLED_AT_RISK","YES"
"https://thesamachardaily.in/articles/business/bitcoin-steadies-near-79000-as-us-inflation-data-looms-ratecut-hopes-on-edge/","article",200,"index,follow","YES","https://thesamachardaily.in/articles/business/bitcoin-steadies-near-79000-as-us-inflation-data-looms-ratecut-hopes-on-edge/","SELF_CANONICAL","YES",0,"THIN_CONTENT_CRAWLED_AT_RISK","YES"
"https://thesamachardaily.in/articles/business/bobs-famous-donuts-closes-factory-doors/","article",200,"noindex,follow","NO","https://thesamachardaily.in/articles/business/bobs-famous-donuts-closes-factory-doors/","SELF_CANONICAL","YES",0,"EXCLUDED_BY_NOINDEX_LOCAL","NO"
"https://thesamachardaily.in/articles/business/bond-vigilantes-return-who-will-hold-the-line-on-sovereign-debt-discipline/","article",200,"index,follow","YES","https://thesamachardaily.in/articles/business/bond-vigilantes-return-who-will-hold-the-line-on-sovereign-debt-discipline/","SELF_CANONICAL","YES",0,"THIN_CONTENT_CRAWLED_AT_RISK","YES"
"https://thesamachardaily.in/articles/business/boomers-flock-to-five-high-yield-dividend-stocks-claim-no-yield-traps/","article",200,"index,follow","YES","https://thesamachardaily.in/articles/business/boomers-flock-to-five-high-yield-dividend-stocks-claim-no-yield-traps/","SELF_CANONICAL","YES",0,"THIN_CONTENT_CRAWLED_AT_RISK","YES"
"https://thesamachardaily.in/articles/business/bradenton-comfortfood-eatery-raises-prices-as-rising-costs-shrink-customer-base/","article",200,"index,follow","YES","https://thesamachardaily.in/articles/business/bradenton-comfortfood-eatery-raises-prices-as-rising-costs-shrink-customer-base/","SELF_CANONICAL","NO",0,"THIN_CONTENT_CRAWLED_AT_RISK","YES"
"https://thesamachardaily.in/articles/business/butterhands-adds-second-gurugram-outlet-with-new-caf-at-dlf-summit-plaza/","article",200,"index,follow","YES","https://thesamachardaily.in/articles/business/butterhands-adds-second-gurugram-outlet-with-new-caf-at-dlf-summit-plaza/","SELF_CANONICAL","NO",0,"THIN_CONTENT_CRAWLED_AT_RISK","YES"
"https://thesamachardaily.in/articles/business/can-volkswagen-sidestep-board-opposition-to-push-through-its-overhaul/","article",200,"index,follow","YES","https://thesamachardaily.in/articles/business/can-volkswagen-sidestep-board-opposition-to-push-through-its-overhaul/","SELF_CANONICAL","YES",0,"THIN_CONTENT_CRAWLED_AT_RISK","YES"
"https://thesamachardaily.in/articles/business/canada-infrastructure-bank-finalises-20-million-loan-for-inuit-led-nunavut-wind-power/","article",200,"index,follow","YES","https://thesamachardaily.in/articles/business/canada-infrastructure-bank-finalises-20-million-loan-for-inuit-led-nunavut-wind-power/","SELF_CANONICAL","NO",0,"THIN_CONTENT_CRAWLED_AT_RISK","YES"
"https://thesamachardaily.in/articles/business/canadian-firms-branch-into-defense-production-as-us-relations-fray/","article",200,"index,follow","YES","https://thesamachardaily.in/articles/business/canadian-firms-branch-into-defense-production-as-us-relations-fray/","SELF_CANONICAL","YES",0,"THIN_CONTENT_CRAWLED_AT_RISK","YES"
"https://thesamachardaily.in/articles/business/carson-city-legal-case-64621-remains-behind-paywall/","article",200,"index,follow","NO","https://thesamachardaily.in/articles/business/carson-city-legal-case-64621-remains-behind-paywall/","SELF_CANONICAL","NO",0,"ORPHAN_OR_QUARANTINED","YES"
"https://thesamachardaily.in/articles/business/cbic-to-push-msmes-into-emi-scheme-as-enrolments-stay-under-1000/","article",200,"index,follow","YES","https://thesamachardaily.in/articles/business/cbic-to-push-msmes-into-emi-scheme-as-enrolments-stay-under-1000/","SELF_CANONICAL","NO",0,"THIN_CONTENT_CRAWLED_AT_RISK","YES"
"https://thesamachardaily.in/articles/business/cc-group-to-acquire-asahi-uk-wholesale-arm-boosting-matthew-clark-bibendum-reach/","article",200,"noindex,follow","NO","https://thesamachardaily.in/articles/business/cc-group-to-acquire-asahi-uk-wholesale-arm-boosting-matthew-clark-bibendum-reach/","SELF_CANONICAL","NO",0,"EXCLUDED_BY_NOINDEX_LOCAL","NO"
"https://thesamachardaily.in/articles/business/chatham-county-weighs-new-parking-plan-requirement-for-shortterm-rentals/","article",200,"index,follow","YES","https://thesamachardaily.in/articles/business/chatham-county-weighs-new-parking-plan-requirement-for-shortterm-rentals/","SELF_CANONICAL","NO",0,"THIN_CONTENT_CRAWLED_AT_RISK","YES"
"https://thesamachardaily.in/articles/business/chemical-supply-chains-face-disruptions-pricing-pressure-and-push-for-localization/","article",200,"index,follow","YES","https://thesamachardaily.in/articles/business/chemical-supply-chains-face-disruptions-pricing-pressure-and-push-for-localization/","SELF_CANONICAL","YES",0,"THIN_CONTENT_CRAWLED_AT_RISK","YES"
"https://thesamachardaily.in/articles/business/chips-ahoy-mystery-cookies-flagged-as-product-to-watch-by-sn-editors/","article",200,"index,follow","YES","https://thesamachardaily.in/articles/business/chips-ahoy-mystery-cookies-flagged-as-product-to-watch-by-sn-editors/","SELF_CANONICAL","YES",0,"THIN_CONTENT_CRAWLED_AT_RISK","YES"
"https://thesamachardaily.in/articles/business/cipla-pharma-license-cancellation-fda-withdraws-order-after-hc-raps-it-for-going-over/","article",200,"index,follow","YES","https://thesamachardaily.in/articles/business/cipla-pharma-license-cancellation-fda-withdraws-order-after-hc-raps-it-for-going-over/","SELF_CANONICAL","YES",0,"THIN_CONTENT_CRAWLED_AT_RISK","YES"
"https://thesamachardaily.in/articles/business/city-holds-public-meetings-on-huntington-fremont-corridor/","article",200,"index,follow","YES","https://thesamachardaily.in/articles/business/city-holds-public-meetings-on-huntington-fremont-corridor/","SELF_CANONICAL","NO",0,"THIN_CONTENT_CRAWLED_AT_RISK","YES"
"https://thesamachardaily.in/articles/business/comso-demands-transparent-st-representation-in-mrb-officer-recruitment/","article",200,"index,follow","YES","https://thesamachardaily.in/articles/business/comso-demands-transparent-st-representation-in-mrb-officer-recruitment/","SELF_CANONICAL","YES",0,"THIN_CONTENT_CRAWLED_AT_RISK","YES"
"https://thesamachardaily.in/articles/business/couldnt-believe-it-instamart-customer-gets-1-kg-onions-for-rs-1/","article",200,"index,follow","YES","https://thesamachardaily.in/articles/business/couldnt-believe-it-instamart-customer-gets-1-kg-onions-for-rs-1/","SELF_CANONICAL","YES",0,"THIN_CONTENT_CRAWLED_AT_RISK","YES"
"https://thesamachardaily.in/articles/business/cpsc-orders-recall-of-hundreds-of-thousands-of-amazon-fingerlight-toys-over-battery-s/","article",200,"index,follow","YES","https://thesamachardaily.in/articles/business/cpsc-orders-recall-of-hundreds-of-thousands-of-amazon-fingerlight-toys-over-battery-s/","SELF_CANONICAL","NO",0,"THIN_CONTENT_CRAWLED_AT_RISK","YES"
"https://thesamachardaily.in/articles/business/crowdstrike-crwd-stock-surges-past-80-year-to-date-amid-bullish-outlook/","article",200,"index,follow","YES","https://thesamachardaily.in/articles/business/crowdstrike-crwd-stock-surges-past-80-year-to-date-amid-bullish-outlook/","SELF_CANONICAL","YES",0,"THIN_CONTENT_CRAWLED_AT_RISK","YES"
"https://thesamachardaily.in/articles/business/crude-oil-futures-surge-to-40-day-highs-as-middle-east-risk-escalates/","article",200,"index,follow","YES","https://thesamachardaily.in/articles/business/crude-oil-futures-surge-to-40-day-highs-as-middle-east-risk-escalates/","SELF_CANONICAL","YES",0,"THIN_CONTENT_CRAWLED_AT_RISK","YES"
"https://thesamachardaily.in/articles/business/crude-oil-us-tariffs-on-russian-oil-and-west-asia-tensions-set-to-steer-indian-equiti/","article",200,"index,follow","YES","https://thesamachardaily.in/articles/business/crude-oil-us-tariffs-on-russian-oil-and-west-asia-tensions-set-to-steer-indian-equiti/","SELF_CANONICAL","YES",0,"THIN_CONTENT_CRAWLED_AT_RISK","YES"
"https://thesamachardaily.in/articles/business/dare-biosciences-hc-wainwright-conference-presentation-now-ondemand/","article",200,"index,follow","YES","https://thesamachardaily.in/articles/business/dare-biosciences-hc-wainwright-conference-presentation-now-ondemand/","SELF_CANONICAL","NO",0,"THIN_CONTENT_CRAWLED_AT_RISK","YES"
"https://thesamachardaily.in/articles/business/dave-ramsey-cautions-us-buyers-delaying-home-purchase-may-backfire/","article",200,"index,follow","YES","https://thesamachardaily.in/articles/business/dave-ramsey-cautions-us-buyers-delaying-home-purchase-may-backfire/","SELF_CANONICAL","YES",0,"THIN_CONTENT_CRAWLED_AT_RISK","YES"
"https://thesamachardaily.in/articles/business/david-baileys-bitcoin-bet-collapses-99-triggers-reverse-split-amid-stock-turmoil/","article",200,"index,follow","YES","https://thesamachardaily.in/articles/business/david-baileys-bitcoin-bet-collapses-99-triggers-reverse-split-amid-stock-turmoil/","SELF_CANONICAL","YES",0,"THIN_CONTENT_CRAWLED_AT_RISK","YES"
"https://thesamachardaily.in/articles/business/delaware-is-quietly-stealing-floridas-retirees-and-the-tax-math-explains-why/","article",200,"index,follow","YES","https://thesamachardaily.in/articles/business/delaware-is-quietly-stealing-floridas-retirees-and-the-tax-math-explains-why/","SELF_CANONICAL","YES",0,"THIN_CONTENT_CRAWLED_AT_RISK","YES"
"https://thesamachardaily.in/articles/business/dolby-vision-tv-revenue-projected-at-27b-in-2025-over-67b-by-2032/","article",200,"index,follow","YES","https://thesamachardaily.in/articles/business/dolby-vision-tv-revenue-projected-at-27b-in-2025-over-67b-by-2032/","SELF_CANONICAL","NO",0,"THIN_CONTENT_CRAWLED_AT_RISK","YES"
"https://thesamachardaily.in/articles/business/dominos-takes-on-big-mac-and-whopper-in-darkly-comedic-campaign-push/","article",200,"index,follow","YES","https://thesamachardaily.in/articles/business/dominos-takes-on-big-mac-and-whopper-in-darkly-comedic-campaign-push/","SELF_CANONICAL","NO",0,"THIN_CONTENT_CRAWLED_AT_RISK","YES"
"https://thesamachardaily.in/articles/business/dow-jones-futures-point-to-near-51700-as-wall-street-opens-monday/","article",200,"index,follow","YES","https://thesamachardaily.in/articles/business/dow-jones-futures-point-to-near-51700-as-wall-street-opens-monday/","SELF_CANONICAL","YES",0,"THIN_CONTENT_CRAWLED_AT_RISK","YES"
"https://thesamachardaily.in/articles/business/dra-snaps-up-10acre-chennai-plot-for-rs-159-cr-eyes-rs-1200-cr-housing-venture/","article",200,"index,follow","YES","https://thesamachardaily.in/articles/business/dra-snaps-up-10acre-chennai-plot-for-rs-159-cr-eyes-rs-1200-cr-housing-venture/","SELF_CANONICAL","NO",0,"THIN_CONTENT_CRAWLED_AT_RISK","YES"
"https://thesamachardaily.in/articles/business/ebony-merkerson-turns-4millionstrong-digital-fanbase-into-live-entertainment-hosting/","article",200,"index,follow","YES","https://thesamachardaily.in/articles/business/ebony-merkerson-turns-4millionstrong-digital-fanbase-into-live-entertainment-hosting/","SELF_CANONICAL","YES",0,"THIN_CONTENT_CRAWLED_AT_RISK","YES"
"https://thesamachardaily.in/articles/business/ecb-calls-on-online-and-mobile-merchants-to-join-digital-euro-pilot/","article",200,"index,follow","YES","https://thesamachardaily.in/articles/business/ecb-calls-on-online-and-mobile-merchants-to-join-digital-euro-pilot/","SELF_CANONICAL","NO",0,"THIN_CONTENT_CRAWLED_AT_RISK","YES"
"https://thesamachardaily.in/articles/business/ecosynthetix-shares-slip-12-to-160-as-volume-plunges-77/","article",200,"index,follow","YES","https://thesamachardaily.in/articles/business/ecosynthetix-shares-slip-12-to-160-as-volume-plunges-77/","SELF_CANONICAL","YES",0,"THIN_CONTENT_CRAWLED_AT_RISK","YES"
"https://thesamachardaily.in/articles/business/edgar-e-easterly-iii-longtime-nicholasville-resident-dies-at-95/","article",200,"index,follow","YES","https://thesamachardaily.in/articles/business/edgar-e-easterly-iii-longtime-nicholasville-resident-dies-at-95/","SELF_CANONICAL","NO",0,"THIN_CONTENT_CRAWLED_AT_RISK","YES"
"https://thesamachardaily.in/articles/business/edreams-odigeo-beats-forecasts-hits-81-million-subscribers-in-peak-investment-year/","article",200,"index,follow","YES","https://thesamachardaily.in/articles/business/edreams-odigeo-beats-forecasts-hits-81-million-subscribers-in-peak-investment-year/","SELF_CANONICAL","YES",0,"THIN_CONTENT_CRAWLED_AT_RISK","YES"
"https://thesamachardaily.in/articles/business/elringklinger-shares-slip-26-on-monday-midday-trade-as-volume-rises-to-3192/","article",200,"index,follow","YES","https://thesamachardaily.in/articles/business/elringklinger-shares-slip-26-on-monday-midday-trade-as-volume-rises-to-3192/","SELF_CANONICAL","NO",0,"THIN_CONTENT_CRAWLED_AT_RISK","YES"
"https://thesamachardaily.in/articles/business/epfo-revises-partial-withdrawal-rules-expanding-limits-for-education-marriage-illness/","article",200,"index,follow","YES","https://thesamachardaily.in/articles/business/epfo-revises-partial-withdrawal-rules-expanding-limits-for-education-marriage-illness/","SELF_CANONICAL","YES",0,"THIN_CONTENT_CRAWLED_AT_RISK","YES"
"https://thesamachardaily.in/articles/business/esds-software-solutions-ipo-to-list-on-sept-4-gmp-indicates-569-upside/","article",200,"index,follow","YES","https://thesamachardaily.in/articles/business/esds-software-solutions-ipo-to-list-on-sept-4-gmp-indicates-569-upside/","SELF_CANONICAL","YES",0,"THIN_CONTENT_CRAWLED_AT_RISK","YES"
"https://thesamachardaily.in/articles/business/experts-press-fda-for-clear-safety-and-access-rules-on-psychedelic-drugs/","article",200,"index,follow","YES","https://thesamachardaily.in/articles/business/experts-press-fda-for-clear-safety-and-access-rules-on-psychedelic-drugs/","SELF_CANONICAL","YES",0,"THIN_CONTENT_CRAWLED_AT_RISK","YES"
"https://thesamachardaily.in/articles/business/explainer-can-volkswagen-sidestep-board-opposition-to-push-through-its-overhaul/","article",200,"index,follow","YES","https://thesamachardaily.in/articles/business/explainer-can-volkswagen-sidestep-board-opposition-to-push-through-its-overhaul/","SELF_CANONICAL","YES",0,"THIN_CONTENT_CRAWLED_AT_RISK","YES"
"https://thesamachardaily.in/articles/business/fed-hikes-rates-for-first-time-in-three-years-as-gasprice-surge-fuels-inflation/","article",200,"index,follow","YES","https://thesamachardaily.in/articles/business/fed-hikes-rates-for-first-time-in-three-years-as-gasprice-surge-fuels-inflation/","SELF_CANONICAL","YES",0,"THIN_CONTENT_CRAWLED_AT_RISK","YES"
"https://thesamachardaily.in/articles/business/fed-rate-hike-bets-creep-higher-as-inflation-data-looms-over-wall-street/","article",200,"index,follow","YES","https://thesamachardaily.in/articles/business/fed-rate-hike-bets-creep-higher-as-inflation-data-looms-over-wall-street/","SELF_CANONICAL","YES",0,"THIN_CONTENT_CRAWLED_AT_RISK","YES"
"https://thesamachardaily.in/articles/business/fed-to-announce-fomc-rate-decision-at-2-pm-et-90-odds-of-25bp-hike/","article",200,"index,follow","YES","https://thesamachardaily.in/articles/business/fed-to-announce-fomc-rate-decision-at-2-pm-et-90-odds-of-25bp-hike/","SELF_CANONICAL","YES",0,"THIN_CONTENT_CRAWLED_AT_RISK","YES"
"https://thesamachardaily.in/articles/business/first-mining-reports-526-gt-au-over-1955-m-as-drilling-expands-miroir-discovery-at-du/","article",200,"index,follow","YES","https://thesamachardaily.in/articles/business/first-mining-reports-526-gt-au-over-1955-m-as-drilling-expands-miroir-discovery-at-du/","SELF_CANONICAL","YES",0,"THIN_CONTENT_CRAWLED_AT_RISK","YES"
"https://thesamachardaily.in/articles/business/food-bank-for-nyc-urges-congress-to-halt-snap-cost-shift-and-fully-fund-emergency-aid/","article",200,"index,follow","YES","https://thesamachardaily.in/articles/business/food-bank-for-nyc-urges-congress-to-halt-snap-cost-shift-and-fully-fund-emergency-aid/","SELF_CANONICAL","YES",0,"THIN_CONTENT_CRAWLED_AT_RISK","YES"
"https://thesamachardaily.in/articles/business/fortunex-spac-strikes-deal-with-tech-driven-wt-realty-platform/","article",200,"index,follow","YES","https://thesamachardaily.in/articles/business/fortunex-spac-strikes-deal-with-tech-driven-wt-realty-platform/","SELF_CANONICAL","NO",0,"THIN_CONTENT_CRAWLED_AT_RISK","YES"
"https://thesamachardaily.in/articles/business/foster-city-consolidates-lagoon-rules-into-single-waterfront-code-chapter/","article",200,"index,follow","YES","https://thesamachardaily.in/articles/business/foster-city-consolidates-lagoon-rules-into-single-waterfront-code-chapter/","SELF_CANONICAL","YES",0,"THIN_CONTENT_CRAWLED_AT_RISK","YES"
"https://thesamachardaily.in/articles/business/foundries-decode-machining-datums-inside-casting-datum-design/","article",200,"noindex,follow","NO","https://thesamachardaily.in/articles/business/foundries-decode-machining-datums-inside-casting-datum-design/","SELF_CANONICAL","NO",0,"EXCLUDED_BY_NOINDEX_LOCAL","NO"
"https://thesamachardaily.in/articles/business/four-essential-steps-before-purchasing-a-certified-preowned-car-says-edmunds/","article",200,"index,follow","YES","https://thesamachardaily.in/articles/business/four-essential-steps-before-purchasing-a-certified-preowned-car-says-edmunds/","SELF_CANONICAL","YES",0,"THIN_CONTENT_CRAWLED_AT_RISK","YES"
"https://thesamachardaily.in/articles/business/fox-news-media-parts-ways-with-veteran-business-anchor-maria-bartiromo/","article",200,"index,follow","YES","https://thesamachardaily.in/articles/business/fox-news-media-parts-ways-with-veteran-business-anchor-maria-bartiromo/","SELF_CANONICAL","YES",0,"THIN_CONTENT_CRAWLED_AT_RISK","YES"
"https://thesamachardaily.in/articles/business/friendship-dynamics-some-adults-stay-shallow-after-being-the-goto-support/","article",200,"index,follow","YES","https://thesamachardaily.in/articles/business/friendship-dynamics-some-adults-stay-shallow-after-being-the-goto-support/","SELF_CANONICAL","YES",0,"THIN_CONTENT_CRAWLED_AT_RISK","YES"
"https://thesamachardaily.in/articles/business/gasoline-set-to-lift-us-consumer-prices-in-august-as-wholesale-inflation-climbs/","article",200,"index,follow","YES","https://thesamachardaily.in/articles/business/gasoline-set-to-lift-us-consumer-prices-in-august-as-wholesale-inflation-climbs/","SELF_CANONICAL","YES",0,"THIN_CONTENT_CRAWLED_AT_RISK","YES"
"https://thesamachardaily.in/articles/business/gcrta-stalls-service-cuts-until-2027-election-amid-taxincrease-debate/","article",200,"index,follow","YES","https://thesamachardaily.in/articles/business/gcrta-stalls-service-cuts-until-2027-election-amid-taxincrease-debate/","SELF_CANONICAL","NO",0,"THIN_CONTENT_CRAWLED_AT_RISK","YES"
"https://thesamachardaily.in/articles/business/global-public-debt-hits-wwii-high-imf-warns-of-further-rise/","article",200,"index,follow","YES","https://thesamachardaily.in/articles/business/global-public-debt-hits-wwii-high-imf-warns-of-further-rise/","SELF_CANONICAL","YES",0,"THIN_CONTENT_CRAWLED_AT_RISK","YES"
"https://thesamachardaily.in/articles/business/glooko-introduces-gestationalcare-to-streamline-diabetes-data-in-highrisk-pregnancies/","article",200,"index,follow","YES","https://thesamachardaily.in/articles/business/glooko-introduces-gestationalcare-to-streamline-diabetes-data-in-highrisk-pregnancies/","SELF_CANONICAL","NO",0,"THIN_CONTENT_CRAWLED_AT_RISK","YES"
"https://thesamachardaily.in/articles/business/gold-position-trade-pre-september/","article",200,"index,follow","YES","https://thesamachardaily.in/articles/business/gold-position-trade-pre-september/","SELF_CANONICAL","YES",0,"THIN_CONTENT_CRAWLED_AT_RISK","YES"
"https://thesamachardaily.in/articles/business/google-ceo-sundar-pichai-reconnects-with-iit-batchmate-turned-renowned-monk/","article",200,"index,follow","YES","https://thesamachardaily.in/articles/business/google-ceo-sundar-pichai-reconnects-with-iit-batchmate-turned-renowned-monk/","SELF_CANONICAL","NO",0,"THIN_CONTENT_CRAWLED_AT_RISK","YES"
"https://thesamachardaily.in/articles/business/gov-abbott-blocks-state-agencies-from-spending-money-on-flock-cameras/","article",200,"index,follow","YES","https://thesamachardaily.in/articles/business/gov-abbott-blocks-state-agencies-from-spending-money-on-flock-cameras/","SELF_CANONICAL","YES",0,"THIN_CONTENT_CRAWLED_AT_RISK","YES"
"https://thesamachardaily.in/articles/business/gov-newsoms-failed-fight-to-block-billionaire-tax-tests-presidential-prospects/","article",200,"noindex,follow","NO","https://thesamachardaily.in/articles/business/gov-newsoms-failed-fight-to-block-billionaire-tax-tests-presidential-prospects/","SELF_CANONICAL","YES",0,"EXCLUDED_BY_NOINDEX_LOCAL","NO"
"https://thesamachardaily.in/articles/business/government-eases-defence-export-sop-to-help-local-manufacturers-tap-global-marke/","article",200,"index,follow","YES","https://thesamachardaily.in/articles/business/government-eases-defence-export-sop-to-help-local-manufacturers-tap-global-marke/","SELF_CANONICAL","YES",0,"THIN_CONTENT_CRAWLED_AT_RISK","YES"
"https://thesamachardaily.in/articles/business/greek-government-offers-tax-relief-and-wage-hikes-amid-street-protests-over-living-co/","article",200,"index,follow","YES","https://thesamachardaily.in/articles/business/greek-government-offers-tax-relief-and-wage-hikes-amid-street-protests-over-living-co/","SELF_CANONICAL","YES",0,"THIN_CONTENT_CRAWLED_AT_RISK","YES"
"https://thesamachardaily.in/articles/business/green-modular-cloud-couch-hits-450-down-100-targeting-renters/","article",200,"index,follow","YES","https://thesamachardaily.in/articles/business/green-modular-cloud-couch-hits-450-down-100-targeting-renters/","SELF_CANONICAL","NO",0,"THIN_CONTENT_CRAWLED_AT_RISK","YES"
"https://thesamachardaily.in/articles/business/guru-organic-energy-posts-record-115-million-revenue-beats-prior-quarter/","article",200,"index,follow","YES","https://thesamachardaily.in/articles/business/guru-organic-energy-posts-record-115-million-revenue-beats-prior-quarter/","SELF_CANONICAL","YES",0,"THIN_CONTENT_CRAWLED_AT_RISK","YES"
"https://thesamachardaily.in/articles/business/hanuman-ansh-beats-yashs-toxic-at-thursday-box-office-extending-spiritual-drama-lead/","article",200,"noindex,follow","NO","https://thesamachardaily.in/articles/business/hanuman-ansh-beats-yashs-toxic-at-thursday-box-office-extending-spiritual-drama-lead/","SELF_CANONICAL","YES",0,"EXCLUDED_BY_NOINDEX_LOCAL","NO"
"https://thesamachardaily.in/articles/business/hbs-announces-expansion-of-national-services-into-georgia/","article",200,"index,follow","YES","https://thesamachardaily.in/articles/business/hbs-announces-expansion-of-national-services-into-georgia/","SELF_CANONICAL","NO",0,"THIN_CONTENT_CRAWLED_AT_RISK","YES"
"https://thesamachardaily.in/articles/business/hfcl-board-approves-820-crore-capex-boost-raising-total-fibre-expansion-spend-to-1800/","article",200,"index,follow","YES","https://thesamachardaily.in/articles/business/hfcl-board-approves-820-crore-capex-boost-raising-total-fibre-expansion-spend-to-1800/","SELF_CANONICAL","NO",0,"THIN_CONTENT_CRAWLED_AT_RISK","YES"
"https://thesamachardaily.in/articles/business/hims-hers-class-action-sbs-law-reminds-investors-of-lead-plaintiff-filing/","article",200,"index,follow","YES","https://thesamachardaily.in/articles/business/hims-hers-class-action-sbs-law-reminds-investors-of-lead-plaintiff-filing/","SELF_CANONICAL","YES",0,"THIN_CONTENT_CRAWLED_AT_RISK","YES"
"https://thesamachardaily.in/articles/business/house-to-vote-on-bill-forcing-tech-firms-to-cover-datacenter-energy-costs/","article",200,"index,follow","YES","https://thesamachardaily.in/articles/business/house-to-vote-on-bill-forcing-tech-firms-to-cover-datacenter-energy-costs/","SELF_CANONICAL","YES",0,"THIN_CONTENT_CRAWLED_AT_RISK","YES"
"https://thesamachardaily.in/articles/business/houston-homes-launches-super-savings-sale-the-sequel-on-sept-3-to-cut-buyer-costs/","article",200,"index,follow","YES","https://thesamachardaily.in/articles/business/houston-homes-launches-super-savings-sale-the-sequel-on-sept-3-to-cut-buyer-costs/","SELF_CANONICAL","YES",0,"THIN_CONTENT_CRAWLED_AT_RISK","YES"
"https://thesamachardaily.in/articles/business/how-a-860000-investment-portfolio-can-yield-5100-monthly-cash-flow/","article",200,"index,follow","YES","https://thesamachardaily.in/articles/business/how-a-860000-investment-portfolio-can-yield-5100-monthly-cash-flow/","SELF_CANONICAL","YES",0,"THIN_CONTENT_CRAWLED_AT_RISK","YES"
"https://thesamachardaily.in/articles/business/how-much-were-the-top-7-most-expensive-home-sales-in-windsor-last-week/","article",200,"index,follow","YES","https://thesamachardaily.in/articles/business/how-much-were-the-top-7-most-expensive-home-sales-in-windsor-last-week/","SELF_CANONICAL","YES",0,"THIN_CONTENT_CRAWLED_AT_RISK","YES"
"https://thesamachardaily.in/articles/business/how-recent-home-sales-reshape-property-value-estimates-in-todays-real-estate-market/","article",200,"index,follow","YES","https://thesamachardaily.in/articles/business/how-recent-home-sales-reshape-property-value-estimates-in-todays-real-estate-market/","SELF_CANONICAL","YES",0,"THIN_CONTENT_CRAWLED_AT_RISK","YES"
"https://thesamachardaily.in/articles/business/ibio-reports-wider-fy-26-loss-as-ibio-600-phase-1-for-obesity-progresses/","article",200,"index,follow","YES","https://thesamachardaily.in/articles/business/ibio-reports-wider-fy-26-loss-as-ibio-600-phase-1-for-obesity-progresses/","SELF_CANONICAL","YES",0,"THIN_CONTENT_CRAWLED_AT_RISK","YES"
"https://thesamachardaily.in/articles/business/ibps-po-recruitment-2026-vacancy-increased-to-7565-posts-update/","article",200,"index,follow","YES","https://thesamachardaily.in/articles/business/ibps-po-recruitment-2026-vacancy-increased-to-7565-posts-update/","SELF_CANONICAL","YES",0,"THIN_CONTENT_CRAWLED_AT_RISK","YES"
"https://thesamachardaily.in/articles/business/illinois-mother-charged-with-murder-after-hanging-2-year-old-son-in-alleged-clancy-co/","article",200,"index,follow","YES","https://thesamachardaily.in/articles/business/illinois-mother-charged-with-murder-after-hanging-2-year-old-son-in-alleged-clancy-co/","SELF_CANONICAL","YES",0,"THIN_CONTENT_CRAWLED_AT_RISK","YES"
"https://thesamachardaily.in/articles/business/india-post-gds-2026-session-ii-registration-dates-eligibility-and-complete-applicatio/","article",200,"index,follow","YES","https://thesamachardaily.in/articles/business/india-post-gds-2026-session-ii-registration-dates-eligibility-and-complete-applicatio/","SELF_CANONICAL","YES",0,"THIN_CONTENT_CRAWLED_AT_RISK","YES"
"https://thesamachardaily.in/articles/business/india-wants-to-be-vietnam-vietnam-wants-to-be-china-the-reason-why/","article",200,"index,follow","YES","https://thesamachardaily.in/articles/business/india-wants-to-be-vietnam-vietnam-wants-to-be-china-the-reason-why/","SELF_CANONICAL","YES",0,"THIN_CONTENT_CRAWLED_AT_RISK","YES"
"https://thesamachardaily.in/articles/business/indias-july-industrial-output-grows-67-yy/","article",200,"index,follow","YES","https://thesamachardaily.in/articles/business/indias-july-industrial-output-grows-67-yy/","SELF_CANONICAL","YES",0,"THIN_CONTENT_CRAWLED_AT_RISK","YES"
"https://thesamachardaily.in/articles/business/inflation-outlook-and-real-rates-squeeze-indian-equities-raising-cost-concerns/","article",200,"index,follow","YES","https://thesamachardaily.in/articles/business/inflation-outlook-and-real-rates-squeeze-indian-equities-raising-cost-concerns/","SELF_CANONICAL","YES",0,"THIN_CONTENT_CRAWLED_AT_RISK","YES"
"https://thesamachardaily.in/articles/business/irvine-officials-in-talks-to-bring-back-daisy-chain-fields-festival-next-year/","article",200,"index,follow","YES","https://thesamachardaily.in/articles/business/irvine-officials-in-talks-to-bring-back-daisy-chain-fields-festival-next-year/","SELF_CANONICAL","YES",0,"THIN_CONTENT_CRAWLED_AT_RISK","YES"
"https://thesamachardaily.in/articles/business/isro-chief-v-narayanan-reassures-staff-rules-out-privatisation-in-allhands-video-call/","article",200,"index,follow","YES","https://thesamachardaily.in/articles/business/isro-chief-v-narayanan-reassures-staff-rules-out-privatisation-in-allhands-video-call/","SELF_CANONICAL","YES",0,"THIN_CONTENT_CRAWLED_AT_RISK","YES"
"https://thesamachardaily.in/articles/business/ivory-coast-to-maintain-reduced-cocoa-farmgate-price-for-202627-sources-say/","article",200,"index,follow","YES","https://thesamachardaily.in/articles/business/ivory-coast-to-maintain-reduced-cocoa-farmgate-price-for-202627-sources-say/","SELF_CANONICAL","YES",0,"THIN_CONTENT_CRAWLED_AT_RISK","YES"
"https://thesamachardaily.in/articles/business/jersey-city-council-to-hear-controversial-canal-crossing-tax-abatements-and-garden-la/","article",200,"index,follow","YES","https://thesamachardaily.in/articles/business/jersey-city-council-to-hear-controversial-canal-crossing-tax-abatements-and-garden-la/","SELF_CANONICAL","NO",0,"THIN_CONTENT_CRAWLED_AT_RISK","YES"
"https://thesamachardaily.in/articles/business/jetblue-offers-72-roundtrip-baltimoreorlando-fare-taxes-included/","article",200,"index,follow","YES","https://thesamachardaily.in/articles/business/jetblue-offers-72-roundtrip-baltimoreorlando-fare-taxes-included/","SELF_CANONICAL","YES",0,"THIN_CONTENT_CRAWLED_AT_RISK","YES"
"https://thesamachardaily.in/articles/business/jharkhand-anganwadis-grapple-with-financial-crisis-as-rates-lag-market/","article",200,"index,follow","YES","https://thesamachardaily.in/articles/business/jharkhand-anganwadis-grapple-with-financial-crisis-as-rates-lag-market/","SELF_CANONICAL","YES",0,"THIN_CONTENT_CRAWLED_AT_RISK","YES"
"https://thesamachardaily.in/articles/business/jio-platforms-gets-sebis-nod-to-launch-ipo/","article",200,"index,follow","YES","https://thesamachardaily.in/articles/business/jio-platforms-gets-sebis-nod-to-launch-ipo/","SELF_CANONICAL","YES",0,"THIN_CONTENT_CRAWLED_AT_RISK","YES"
"https://thesamachardaily.in/articles/business/juror-claims-feminist-agenda-drove-lindsay-clancy-verdict-in-massachusetts-trial/","article",200,"index,follow","YES","https://thesamachardaily.in/articles/business/juror-claims-feminist-agenda-drove-lindsay-clancy-verdict-in-massachusetts-trial/","SELF_CANONICAL","YES",0,"THIN_CONTENT_CRAWLED_AT_RISK","YES"
"https://thesamachardaily.in/articles/business/kahn-swick-foti-opens-probe-into-super-micro-officers-and-directors/","article",200,"index,follow","YES","https://thesamachardaily.in/articles/business/kahn-swick-foti-opens-probe-into-super-micro-officers-and-directors/","SELF_CANONICAL","YES",0,"THIN_CONTENT_CRAWLED_AT_RISK","YES"
"https://thesamachardaily.in/articles/business/kansas-city-overlook-project-adds-apartment-tower-on-mlk-blvd/","article",200,"index,follow","YES","https://thesamachardaily.in/articles/business/kansas-city-overlook-project-adds-apartment-tower-on-mlk-blvd/","SELF_CANONICAL","YES",0,"THIN_CONTENT_CRAWLED_AT_RISK","YES"
"https://thesamachardaily.in/articles/business/karpacz-economic-forum-2026-highlights-polands-growth-political-rift-and-v4-outlook/","article",200,"index,follow","YES","https://thesamachardaily.in/articles/business/karpacz-economic-forum-2026-highlights-polands-growth-political-rift-and-v4-outlook/","SELF_CANONICAL","NO",0,"THIN_CONTENT_CRAWLED_AT_RISK","YES"
"https://thesamachardaily.in/articles/business/key-tronic-evp-adam-agress-sells-6654-in-company-common-stock/","article",200,"index,follow","YES","https://thesamachardaily.in/articles/business/key-tronic-evp-adam-agress-sells-6654-in-company-common-stock/","SELF_CANONICAL","NO",0,"THIN_CONTENT_CRAWLED_AT_RISK","YES"
"https://thesamachardaily.in/articles/business/keyrenter-names-rentscale-official-sales-training-partner-across-property-network/","article",200,"index,follow","YES","https://thesamachardaily.in/articles/business/keyrenter-names-rentscale-official-sales-training-partner-across-property-network/","SELF_CANONICAL","YES",0,"THIN_CONTENT_CRAWLED_AT_RISK","YES"
"https://thesamachardaily.in/articles/business/lancaster-county-man-gets-prison-term-for-755995-bank-and-wire-fraud-scheme/","article",200,"index,follow","YES","https://thesamachardaily.in/articles/business/lancaster-county-man-gets-prison-term-for-755995-bank-and-wire-fraud-scheme/","SELF_CANONICAL","YES",0,"THIN_CONTENT_CRAWLED_AT_RISK","YES"
"https://thesamachardaily.in/articles/business/lpl-financial-adds-northstar-founder-jeneen-slack-bringing-270-million-in-assets/","article",200,"index,follow","YES","https://thesamachardaily.in/articles/business/lpl-financial-adds-northstar-founder-jeneen-slack-bringing-270-million-in-assets/","SELF_CANONICAL","NO",0,"THIN_CONTENT_CRAWLED_AT_RISK","YES"
"https://thesamachardaily.in/articles/business/lv-petroleum-expands-footprint-across-four-states-with-new-qsr-outlets-and-travel-cen/","article",200,"index,follow","YES","https://thesamachardaily.in/articles/business/lv-petroleum-expands-footprint-across-four-states-with-new-qsr-outlets-and-travel-cen/","SELF_CANONICAL","YES",0,"THIN_CONTENT_CRAWLED_AT_RISK","YES"
"https://thesamachardaily.in/articles/business/major-indian-banks-to-close-up-to-four-days-between-sep-1420-2026-per-rbi-holiday-cal/","article",200,"index,follow","YES","https://thesamachardaily.in/articles/business/major-indian-banks-to-close-up-to-four-days-between-sep-1420-2026-per-rbi-holiday-cal/","SELF_CANONICAL","YES",0,"THIN_CONTENT_CRAWLED_AT_RISK","YES"
"https://thesamachardaily.in/articles/business/man-group-acquires-778000-stake-in-exagen-inc-amid-q2-expansion/","article",200,"index,follow","YES","https://thesamachardaily.in/articles/business/man-group-acquires-778000-stake-in-exagen-inc-amid-q2-expansion/","SELF_CANONICAL","YES",0,"THIN_CONTENT_CRAWLED_AT_RISK","YES"
"https://thesamachardaily.in/articles/business/manufacturers-life-insurance-buys-39-million-stake-in-international-bancshares/","article",200,"index,follow","YES","https://thesamachardaily.in/articles/business/manufacturers-life-insurance-buys-39-million-stake-in-international-bancshares/","SELF_CANONICAL","YES",0,"THIN_CONTENT_CRAWLED_AT_RISK","YES"
"https://thesamachardaily.in/articles/business/map-shows-countries-paying-people-to-have-babies-as-birth-rate-drops/","article",200,"index,follow","YES","https://thesamachardaily.in/articles/business/map-shows-countries-paying-people-to-have-babies-as-birth-rate-drops/","SELF_CANONICAL","YES",0,"THIN_CONTENT_CRAWLED_AT_RISK","YES"
"https://thesamachardaily.in/articles/business/market-technology-acquisition-corp-enables-separate-trading-of-shares-and-warrants-st/","article",200,"index,follow","YES","https://thesamachardaily.in/articles/business/market-technology-acquisition-corp-enables-separate-trading-of-shares-and-warrants-st/","SELF_CANONICAL","YES",0,"THIN_CONTENT_CRAWLED_AT_RISK","YES"
"https://thesamachardaily.in/articles/business/maruti-upgrades-baleno-with-new-engine-level2-adas-i20-altroz-remain-strong-rivals/","article",200,"index,follow","YES","https://thesamachardaily.in/articles/business/maruti-upgrades-baleno-with-new-engine-level2-adas-i20-altroz-remain-strong-rivals/","SELF_CANONICAL","YES",0,"THIN_CONTENT_CRAWLED_AT_RISK","YES"
"https://thesamachardaily.in/articles/business/mckesson-to-buy-precision-medicine-group-in-225-billion-oncology-push/","article",200,"index,follow","YES","https://thesamachardaily.in/articles/business/mckesson-to-buy-precision-medicine-group-in-225-billion-oncology-push/","SELF_CANONICAL","YES",0,"THIN_CONTENT_CRAWLED_AT_RISK","YES"
"https://thesamachardaily.in/articles/business/microcap-stocks-surge-541-in-august-as-nifty-slips-124/","article",200,"index,follow","YES","https://thesamachardaily.in/articles/business/microcap-stocks-surge-541-in-august-as-nifty-slips-124/","SELF_CANONICAL","YES",0,"THIN_CONTENT_CRAWLED_AT_RISK","YES"
"https://thesamachardaily.in/articles/business/microsoft-to-report-azure-revenue-separately-boosting-investor-transparency/","article",200,"index,follow","YES","https://thesamachardaily.in/articles/business/microsoft-to-report-azure-revenue-separately-boosting-investor-transparency/","SELF_CANONICAL","YES",0,"THIN_CONTENT_CRAWLED_AT_RISK","YES"
"https://thesamachardaily.in/articles/business/mirae-asset-small-cap-fund-ticks-up-075-to-1312-as-one-year-return-holds-at-1390-60-9/","article",200,"index,follow","YES","https://thesamachardaily.in/articles/business/mirae-asset-small-cap-fund-ticks-up-075-to-1312-as-one-year-return-holds-at-1390-60-9/","SELF_CANONICAL","YES",0,"THIN_CONTENT_CRAWLED_AT_RISK","YES"
"https://thesamachardaily.in/articles/business/moon-water-find-sparks-city-dreams-but-scientists-warn-of-scarcity/","article",200,"index,follow","YES","https://thesamachardaily.in/articles/business/moon-water-find-sparks-city-dreams-but-scientists-warn-of-scarcity/","SELF_CANONICAL","YES",0,"THIN_CONTENT_CRAWLED_AT_RISK","YES"
"https://thesamachardaily.in/articles/business/mukesh-ambani-led-jio-platforms-ipo-receives-sebi-approval/","article",200,"index,follow","YES","https://thesamachardaily.in/articles/business/mukesh-ambani-led-jio-platforms-ipo-receives-sebi-approval/","SELF_CANONICAL","YES",0,"THIN_CONTENT_CRAWLED_AT_RISK","YES"
"https://thesamachardaily.in/articles/business/nashik-kanda-express-of-453-tonnes-of-onions-reaches-delhi-to-reduce-prices/","article",200,"index,follow","YES","https://thesamachardaily.in/articles/business/nashik-kanda-express-of-453-tonnes-of-onions-reaches-delhi-to-reduce-prices/","SELF_CANONICAL","YES",0,"THIN_CONTENT_CRAWLED_AT_RISK","YES"
"https://thesamachardaily.in/articles/business/national-petroleum-council-calls-for-nationwide-subsurface-mapping-to-safeguard-us-su/","article",200,"index,follow","YES","https://thesamachardaily.in/articles/business/national-petroleum-council-calls-for-nationwide-subsurface-mapping-to-safeguard-us-su/","SELF_CANONICAL","YES",0,"THIN_CONTENT_CRAWLED_AT_RISK","YES"
"https://thesamachardaily.in/articles/business/nbfcs-warn-rbis-revolvingcredit-ban-could-widen-to-more-lenders/","article",200,"index,follow","YES","https://thesamachardaily.in/articles/business/nbfcs-warn-rbis-revolvingcredit-ban-could-widen-to-more-lenders/","SELF_CANONICAL","YES",0,"THIN_CONTENT_CRAWLED_AT_RISK","YES"
"https://thesamachardaily.in/articles/business/nevada-candidate-sandra-jauregui-proposes-ban-on-elected-officials-trading-stocks/","article",200,"index,follow","YES","https://thesamachardaily.in/articles/business/nevada-candidate-sandra-jauregui-proposes-ban-on-elected-officials-trading-stocks/","SELF_CANONICAL","NO",0,"THIN_CONTENT_CRAWLED_AT_RISK","YES"
"https://thesamachardaily.in/articles/business/new-report-blames-fed-regulators-for-silicon-valley-bank-collapse-says-official/","article",200,"index,follow","YES","https://thesamachardaily.in/articles/business/new-report-blames-fed-regulators-for-silicon-valley-bank-collapse-says-official/","SELF_CANONICAL","YES",0,"THIN_CONTENT_CRAWLED_AT_RISK","YES"
"https://thesamachardaily.in/articles/business/nifty-seen-eyeing-24296-resistance-on-weekly-expiry-day-23853-acts-as-key-support/","article",200,"index,follow","YES","https://thesamachardaily.in/articles/business/nifty-seen-eyeing-24296-resistance-on-weekly-expiry-day-23853-acts-as-key-support/","SELF_CANONICAL","NO",0,"THIN_CONTENT_CRAWLED_AT_RISK","YES"
"https://thesamachardaily.in/articles/business/nike-teams-with-nyc-streetwear-label-wagyu-for-new-air-max-90-drop/","article",200,"index,follow","YES","https://thesamachardaily.in/articles/business/nike-teams-with-nyc-streetwear-label-wagyu-for-new-air-max-90-drop/","SELF_CANONICAL","YES",0,"THIN_CONTENT_CRAWLED_AT_RISK","YES"
"https://thesamachardaily.in/articles/business/nj-democrats-revolt-against-ag-attempting-to-block-paramount-warner-deal/","article",200,"index,follow","YES","https://thesamachardaily.in/articles/business/nj-democrats-revolt-against-ag-attempting-to-block-paramount-warner-deal/","SELF_CANONICAL","YES",0,"THIN_CONTENT_CRAWLED_AT_RISK","YES"
"https://thesamachardaily.in/articles/business/no-shortage-of-sugar-retail-prices-have-started-declining-ministry-of-food-publi/","article",200,"index,follow","YES","https://thesamachardaily.in/articles/business/no-shortage-of-sugar-retail-prices-have-started-declining-ministry-of-food-publi/","SELF_CANONICAL","YES",0,"THIN_CONTENT_CRAWLED_AT_RISK","YES"
"https://thesamachardaily.in/articles/business/nse-sets-ipo-price-band-at-rs-17001785-issue-opens-sep-17-with-8share-lot/","article",200,"index,follow","YES","https://thesamachardaily.in/articles/business/nse-sets-ipo-price-band-at-rs-17001785-issue-opens-sep-17-with-8share-lot/","SELF_CANONICAL","YES",0,"THIN_CONTENT_CRAWLED_AT_RISK","YES"
"https://thesamachardaily.in/articles/business/odynn-ceo-john-taylor-garner-outlines-market-view-and-customer-focus-in-cb-insights-i/","article",200,"noindex,follow","NO","https://thesamachardaily.in/articles/business/odynn-ceo-john-taylor-garner-outlines-market-view-and-customer-focus-in-cb-insights-i/","SELF_CANONICAL","NO",0,"EXCLUDED_BY_NOINDEX_LOCAL","NO"
"https://thesamachardaily.in/articles/business/ohio-board-greenlights-159m-in-tax-credits-for-hybrid-electric-aircraft-maker-near-sp/","article",200,"index,follow","YES","https://thesamachardaily.in/articles/business/ohio-board-greenlights-159m-in-tax-credits-for-hybrid-electric-aircraft-maker-near-sp/","SELF_CANONICAL","YES",0,"THIN_CONTENT_CRAWLED_AT_RISK","YES"
"https://thesamachardaily.in/articles/business/oil-iocl-exit-gabon-block-end-decade-old-oil-project/","article",200,"index,follow","YES","https://thesamachardaily.in/articles/business/oil-iocl-exit-gabon-block-end-decade-old-oil-project/","SELF_CANONICAL","NO",0,"THIN_CONTENT_CRAWLED_AT_RISK","YES"
"https://thesamachardaily.in/articles/business/oil-prices-edge-higher-as-persian-gulf-tanker-attacks-raise-supply-concerns/","article",200,"index,follow","YES","https://thesamachardaily.in/articles/business/oil-prices-edge-higher-as-persian-gulf-tanker-attacks-raise-supply-concerns/","SELF_CANONICAL","YES",0,"THIN_CONTENT_CRAWLED_AT_RISK","YES"
"https://thesamachardaily.in/articles/business/orion180-insurance-prices-ipo-at-12-per-share-20-million-shares-offered/","article",200,"index,follow","YES","https://thesamachardaily.in/articles/business/orion180-insurance-prices-ipo-at-12-per-share-20-million-shares-offered/","SELF_CANONICAL","NO",0,"THIN_CONTENT_CRAWLED_AT_RISK","YES"
"https://thesamachardaily.in/articles/business/pakistans-five-refineries-set-for-6-billion-upgrade-push/","article",200,"index,follow","YES","https://thesamachardaily.in/articles/business/pakistans-five-refineries-set-for-6-billion-upgrade-push/","SELF_CANONICAL","YES",0,"THIN_CONTENT_CRAWLED_AT_RISK","YES"
"https://thesamachardaily.in/articles/business/paul-tudor-jones-warns-investors-of-stock-outlook-through-2036-bofa-data-concurs/","article",200,"index,follow","YES","https://thesamachardaily.in/articles/business/paul-tudor-jones-warns-investors-of-stock-outlook-through-2036-bofa-data-concurs/","SELF_CANONICAL","NO",0,"THIN_CONTENT_CRAWLED_AT_RISK","YES"
"https://thesamachardaily.in/articles/business/phillip-frost-spends-4-million-on-safe-pro-group-shares-draws-whalewatchalerts-notice/","article",200,"index,follow","YES","https://thesamachardaily.in/articles/business/phillip-frost-spends-4-million-on-safe-pro-group-shares-draws-whalewatchalerts-notice/","SELF_CANONICAL","NO",0,"THIN_CONTENT_CRAWLED_AT_RISK","YES"
"https://thesamachardaily.in/articles/business/pilgrims-pride-prices-senior-notes-offering-in-greeley-colorado/","article",200,"index,follow","YES","https://thesamachardaily.in/articles/business/pilgrims-pride-prices-senior-notes-offering-in-greeley-colorado/","SELF_CANONICAL","YES",0,"THIN_CONTENT_CRAWLED_AT_RISK","YES"
"https://thesamachardaily.in/articles/business/premium-outdoor-tv-maker-sylvox-slashes-55-inch-4k-120hz-model-to-1799/","article",200,"index,follow","YES","https://thesamachardaily.in/articles/business/premium-outdoor-tv-maker-sylvox-slashes-55-inch-4k-120hz-model-to-1799/","SELF_CANONICAL","YES",0,"THIN_CONTENT_CRAWLED_AT_RISK","YES"
"https://thesamachardaily.in/articles/business/primerica-inc-pri-shares-sold-by-royal-london-asset-management-ltd/","article",200,"index,follow","YES","https://thesamachardaily.in/articles/business/primerica-inc-pri-shares-sold-by-royal-london-asset-management-ltd/","SELF_CANONICAL","YES",0,"THIN_CONTENT_CRAWLED_AT_RISK","YES"
"https://thesamachardaily.in/articles/business/priority-jewels-ipo-jewellery-makers-public-issue-fully-booked-on-first-day-of-b/","article",200,"index,follow","YES","https://thesamachardaily.in/articles/business/priority-jewels-ipo-jewellery-makers-public-issue-fully-booked-on-first-day-of-b/","SELF_CANONICAL","YES",0,"THIN_CONTENT_CRAWLED_AT_RISK","YES"
"https://thesamachardaily.in/articles/business/public-employees-retirement-system-of-ohio-buys-ralliant-corporation-shares/","article",200,"index,follow","YES","https://thesamachardaily.in/articles/business/public-employees-retirement-system-of-ohio-buys-ralliant-corporation-shares/","SELF_CANONICAL","NO",0,"THIN_CONTENT_CRAWLED_AT_RISK","YES"
"https://thesamachardaily.in/articles/business/pvr-inox-launches-rs-300-crore-buyback-detailing-tender-ratios-for-retail-shareholder/","article",200,"index,follow","YES","https://thesamachardaily.in/articles/business/pvr-inox-launches-rs-300-crore-buyback-detailing-tender-ratios-for-retail-shareholder/","SELF_CANONICAL","NO",0,"THIN_CONTENT_CRAWLED_AT_RISK","YES"
"https://thesamachardaily.in/articles/business/pw-consulting-worldwide-slim-drapery-motors-market-to-hit-usd-73193-million-by-2032-a/","article",200,"index,follow","YES","https://thesamachardaily.in/articles/business/pw-consulting-worldwide-slim-drapery-motors-market-to-hit-usd-73193-million-by-2032-a/","SELF_CANONICAL","NO",0,"THIN_CONTENT_CRAWLED_AT_RISK","YES"
"https://thesamachardaily.in/articles/business/q-comm-rakhi-sales-meesho-posts-36-order-surge-amazon-sees-25x-spike-in-premium-/","article",200,"index,follow","YES","https://thesamachardaily.in/articles/business/q-comm-rakhi-sales-meesho-posts-36-order-surge-amazon-sees-25x-spike-in-premium-/","SELF_CANONICAL","NO",0,"THIN_CONTENT_CRAWLED_AT_RISK","YES"
"https://thesamachardaily.in/articles/business/rain-token-eyes-record-high-as-whale-buying-offsets-retail-selling-pressure/","article",200,"index,follow","YES","https://thesamachardaily.in/articles/business/rain-token-eyes-record-high-as-whale-buying-offsets-retail-selling-pressure/","SELF_CANONICAL","YES",0,"THIN_CONTENT_CRAWLED_AT_RISK","YES"
"https://thesamachardaily.in/articles/business/rbi-steps-up-intervention-as-rupee-remains-locked-in-narrow-range/","article",200,"index,follow","YES","https://thesamachardaily.in/articles/business/rbi-steps-up-intervention-as-rupee-remains-locked-in-narrow-range/","SELF_CANONICAL","YES",0,"THIN_CONTENT_CRAWLED_AT_RISK","YES"
"https://thesamachardaily.in/articles/business/refurbished-hamilton-beach-17l-glass-kettle-sells-for-2999/","article",200,"index,follow","YES","https://thesamachardaily.in/articles/business/refurbished-hamilton-beach-17l-glass-kettle-sells-for-2999/","SELF_CANONICAL","YES",0,"THIN_CONTENT_CRAWLED_AT_RISK","YES"
"https://thesamachardaily.in/articles/business/renault-unveils-niagara-halfton-pickup-targeting-south-american-growth/","article",200,"noindex,follow","NO","https://thesamachardaily.in/articles/business/renault-unveils-niagara-halfton-pickup-targeting-south-american-growth/","SELF_CANONICAL","NO",0,"EXCLUDED_BY_NOINDEX_LOCAL","NO"
"https://thesamachardaily.in/articles/business/ripple-targets-13-trillion-corporate-treasury-market-for-stablecoin-expansion/","article",200,"index,follow","YES","https://thesamachardaily.in/articles/business/ripple-targets-13-trillion-corporate-treasury-market-for-stablecoin-expansion/","SELF_CANONICAL","YES",0,"THIN_CONTENT_CRAWLED_AT_RISK","YES"
"https://thesamachardaily.in/articles/business/robbins-llp-alerts-investors-to-fuelcell-energy-class-action-for-junesept-2026-purcha/","article",200,"index,follow","YES","https://thesamachardaily.in/articles/business/robbins-llp-alerts-investors-to-fuelcell-energy-class-action-for-junesept-2026-purcha/","SELF_CANONICAL","YES",0,"THIN_CONTENT_CRAWLED_AT_RISK","YES"
"https://thesamachardaily.in/articles/business/rock-commerce-janesville-unemployment-falls-in-july-as-beloit-rate-rises/","article",200,"noindex,follow","NO","https://thesamachardaily.in/articles/business/rock-commerce-janesville-unemployment-falls-in-july-as-beloit-rate-rises/","SELF_CANONICAL","YES",0,"EXCLUDED_BY_NOINDEX_LOCAL","NO"
"https://thesamachardaily.in/articles/business/rosen-law-urges-wise-group-investors-with-100k-losses-to-secure-counsel-before-class/","article",200,"index,follow","YES","https://thesamachardaily.in/articles/business/rosen-law-urges-wise-group-investors-with-100k-losses-to-secure-counsel-before-class/","SELF_CANONICAL","YES",0,"THIN_CONTENT_CRAWLED_AT_RISK","YES"
"https://thesamachardaily.in/articles/business/sensex-and-nifty-rise-modestly-as-brent-crude-tops-100-amid-geopolitical-strain/","article",200,"index,follow","YES","https://thesamachardaily.in/articles/business/sensex-and-nifty-rise-modestly-as-brent-crude-tops-100-amid-geopolitical-strain/","SELF_CANONICAL","YES",0,"THIN_CONTENT_CRAWLED_AT_RISK","YES"
"https://thesamachardaily.in/articles/business/shareholder-rights-firm-files-class-action-against-beta-bionics-opens-lead-plaintiff/","article",200,"index,follow","YES","https://thesamachardaily.in/articles/business/shareholder-rights-firm-files-class-action-against-beta-bionics-opens-lead-plaintiff/","SELF_CANONICAL","YES",0,"THIN_CONTENT_CRAWLED_AT_RISK","YES"
"https://thesamachardaily.in/articles/business/sharp-swings-in-closing-auction-keep-traders-on-edge/","article",200,"index,follow","YES","https://thesamachardaily.in/articles/business/sharp-swings-in-closing-auction-keep-traders-on-edge/","SELF_CANONICAL","NO",0,"THIN_CONTENT_CRAWLED_AT_RISK","YES"
"https://thesamachardaily.in/articles/business/shree-cements-jaintia-hills-plant-sparks-debate-over-industrial-growth-and-impact/","article",200,"index,follow","YES","https://thesamachardaily.in/articles/business/shree-cements-jaintia-hills-plant-sparks-debate-over-industrial-growth-and-impact/","SELF_CANONICAL","YES",0,"THIN_CONTENT_CRAWLED_AT_RISK","YES"
"https://thesamachardaily.in/articles/business/shufti-unveils-global-bank-account-verification-merging-ownership-and-identity-checks/","article",200,"index,follow","YES","https://thesamachardaily.in/articles/business/shufti-unveils-global-bank-account-verification-merging-ownership-and-identity-checks/","SELF_CANONICAL","YES",0,"THIN_CONTENT_CRAWLED_AT_RISK","YES"
"https://thesamachardaily.in/articles/business/silver-at-a-crossroads-analysts-scrutinize-support-levels-across-spot-and-futures/","article",200,"index,follow","YES","https://thesamachardaily.in/articles/business/silver-at-a-crossroads-analysts-scrutinize-support-levels-across-spot-and-futures/","SELF_CANONICAL","YES",0,"THIN_CONTENT_CRAWLED_AT_RISK","YES"
"https://thesamachardaily.in/articles/business/simplify-bitcoin-strategy-plus-income-etf-nasdaqmaxi-short-interest-down-660-in-augus/","article",200,"index,follow","YES","https://thesamachardaily.in/articles/business/simplify-bitcoin-strategy-plus-income-etf-nasdaqmaxi-short-interest-down-660-in-augus/","SELF_CANONICAL","YES",0,"THIN_CONTENT_CRAWLED_AT_RISK","YES"
"https://thesamachardaily.in/articles/business/six-months-of-war-drive-fuel-uncertainty-in-ny/","article",200,"index,follow","YES","https://thesamachardaily.in/articles/business/six-months-of-war-drive-fuel-uncertainty-in-ny/","SELF_CANONICAL","YES",0,"THIN_CONTENT_CRAWLED_AT_RISK","YES"
"https://thesamachardaily.in/articles/business/sizewell-a-sends-15000-t-of-concrete-to-sizewell-c-slashing-emissions-and-traffic/","article",200,"index,follow","YES","https://thesamachardaily.in/articles/business/sizewell-a-sends-15000-t-of-concrete-to-sizewell-c-slashing-emissions-and-traffic/","SELF_CANONICAL","NO",0,"THIN_CONTENT_CRAWLED_AT_RISK","YES"
"https://thesamachardaily.in/articles/business/small-cap-nuclear-reactor-designer-crashes-83-but-fuel-suppliers-and-power-producers/","article",200,"index,follow","YES","https://thesamachardaily.in/articles/business/small-cap-nuclear-reactor-designer-crashes-83-but-fuel-suppliers-and-power-producers/","SELF_CANONICAL","YES",0,"THIN_CONTENT_CRAWLED_AT_RISK","YES"
"https://thesamachardaily.in/articles/business/solstein-capital-increases-stake-in-global-x-defense-tech-etf-by-345-in-q2/","article",200,"index,follow","YES","https://thesamachardaily.in/articles/business/solstein-capital-increases-stake-in-global-x-defense-tech-etf-by-345-in-q2/","SELF_CANONICAL","YES",0,"THIN_CONTENT_CRAWLED_AT_RISK","YES"
"https://thesamachardaily.in/articles/business/some-investors-label-volkswagen-not-fixable-amid-strategic-uncertainty/","article",200,"index,follow","YES","https://thesamachardaily.in/articles/business/some-investors-label-volkswagen-not-fixable-amid-strategic-uncertainty/","SELF_CANONICAL","YES",0,"THIN_CONTENT_CRAWLED_AT_RISK","YES"
"https://thesamachardaily.in/articles/business/sp-500-nasdaq-enter-september-at-crossroads-as-technical-signals-flash-mixed-cues/","article",200,"index,follow","YES","https://thesamachardaily.in/articles/business/sp-500-nasdaq-enter-september-at-crossroads-as-technical-signals-flash-mixed-cues/","SELF_CANONICAL","YES",0,"THIN_CONTENT_CRAWLED_AT_RISK","YES"
"https://thesamachardaily.in/articles/business/sp-500-volatility-threatens-return-as-stock-dispersion-fades-and-ctas-shift-to-seller/","article",200,"index,follow","YES","https://thesamachardaily.in/articles/business/sp-500-volatility-threatens-return-as-stock-dispersion-fades-and-ctas-shift-to-seller/","SELF_CANONICAL","YES",0,"THIN_CONTENT_CRAWLED_AT_RISK","YES"
"https://thesamachardaily.in/articles/business/spinnova-signs-nonbinding-loi-to-acquire-portuguese-yarn-maker-tearfil-15-m-bridge-lo/","article",200,"index,follow","YES","https://thesamachardaily.in/articles/business/spinnova-signs-nonbinding-loi-to-acquire-portuguese-yarn-maker-tearfil-15-m-bridge-lo/","SELF_CANONICAL","NO",0,"THIN_CONTENT_CRAWLED_AT_RISK","YES"
"https://thesamachardaily.in/articles/business/squarepoint-ops-llc-adds-14-million-position-in-ishares-midcap-etf-ijh/","article",200,"index,follow","YES","https://thesamachardaily.in/articles/business/squarepoint-ops-llc-adds-14-million-position-in-ishares-midcap-etf-ijh/","SELF_CANONICAL","NO",0,"THIN_CONTENT_CRAWLED_AT_RISK","YES"
"https://thesamachardaily.in/articles/business/stable-money-rolls-out-badhte-jao-campaign-to-celebrate-indias-fixed-deposits/","article",200,"index,follow","YES","https://thesamachardaily.in/articles/business/stable-money-rolls-out-badhte-jao-campaign-to-celebrate-indias-fixed-deposits/","SELF_CANONICAL","NO",0,"THIN_CONTENT_CRAWLED_AT_RISK","YES"
"https://thesamachardaily.in/articles/business/starlink-leads-satellite-internet-as-europe-commits-156b-to-rival-projects/","article",200,"index,follow","YES","https://thesamachardaily.in/articles/business/starlink-leads-satellite-internet-as-europe-commits-156b-to-rival-projects/","SELF_CANONICAL","NO",0,"THIN_CONTENT_CRAWLED_AT_RISK","YES"
"https://thesamachardaily.in/articles/business/stock-markets-rebound-ending-2-day-losing-streak-on-buying-in-it-firms-sensex-ju/","article",200,"index,follow","YES","https://thesamachardaily.in/articles/business/stock-markets-rebound-ending-2-day-losing-streak-on-buying-in-it-firms-sensex-ju/","SELF_CANONICAL","YES",0,"THIN_CONTENT_CRAWLED_AT_RISK","YES"
"https://thesamachardaily.in/articles/business/stocks-tumble-into-cpi-day-and-fed-week-as-september-seasonality-fears-mount/","article",200,"index,follow","YES","https://thesamachardaily.in/articles/business/stocks-tumble-into-cpi-day-and-fed-week-as-september-seasonality-fears-mount/","SELF_CANONICAL","YES",0,"THIN_CONTENT_CRAWLED_AT_RISK","YES"
"https://thesamachardaily.in/articles/business/strategy-launches-bitcoin-themed-air-jordan-sneakers-at-250/","article",200,"index,follow","YES","https://thesamachardaily.in/articles/business/strategy-launches-bitcoin-themed-air-jordan-sneakers-at-250/","SELF_CANONICAL","YES",0,"THIN_CONTENT_CRAWLED_AT_RISK","YES"
"https://thesamachardaily.in/articles/business/stripes-attempted-takeover-of-paypal-has-collapsedagain/","article",200,"index,follow","YES","https://thesamachardaily.in/articles/business/stripes-attempted-takeover-of-paypal-has-collapsedagain/","SELF_CANONICAL","YES",0,"THIN_CONTENT_CRAWLED_AT_RISK","YES"
"https://thesamachardaily.in/articles/business/studded-jewellery-lifts-indias-august-export-growth-as-cpd-falls-labgrown-diamonds-su/","article",200,"index,follow","YES","https://thesamachardaily.in/articles/business/studded-jewellery-lifts-indias-august-export-growth-as-cpd-falls-labgrown-diamonds-su/","SELF_CANONICAL","YES",0,"THIN_CONTENT_CRAWLED_AT_RISK","YES"
"https://thesamachardaily.in/articles/business/sugar-prices-remain-firm-across-india-despite-measures-to-check-rise/","article",200,"index,follow","YES","https://thesamachardaily.in/articles/business/sugar-prices-remain-firm-across-india-despite-measures-to-check-rise/","SELF_CANONICAL","YES",0,"THIN_CONTENT_CRAWLED_AT_RISK","YES"
"https://thesamachardaily.in/articles/business/taco-bell-rolls-out-new-chocolate-icecream-taco-dessert-nationwide/","article",200,"index,follow","YES","https://thesamachardaily.in/articles/business/taco-bell-rolls-out-new-chocolate-icecream-taco-dessert-nationwide/","SELF_CANONICAL","YES",0,"THIN_CONTENT_CRAWLED_AT_RISK","YES"
"https://thesamachardaily.in/articles/business/tattoo-review-reality-series-expands-to-four-charlotte-platforms-filming-at-new-tatto/","article",200,"index,follow","YES","https://thesamachardaily.in/articles/business/tattoo-review-reality-series-expands-to-four-charlotte-platforms-filming-at-new-tatto/","SELF_CANONICAL","YES",0,"THIN_CONTENT_CRAWLED_AT_RISK","YES"
"https://thesamachardaily.in/articles/business/three-seasons-wealth-acquires-211-million-new-stake-in-technipfmc/","article",200,"index,follow","YES","https://thesamachardaily.in/articles/business/three-seasons-wealth-acquires-211-million-new-stake-in-technipfmc/","SELF_CANONICAL","YES",0,"THIN_CONTENT_CRAWLED_AT_RISK","YES"
"https://thesamachardaily.in/articles/business/toll-brothers-launches-kresston-luxury-community-in-montgomery-texas/","article",200,"index,follow","YES","https://thesamachardaily.in/articles/business/toll-brothers-launches-kresston-luxury-community-in-montgomery-texas/","SELF_CANONICAL","YES",0,"THIN_CONTENT_CRAWLED_AT_RISK","YES"
"https://thesamachardaily.in/articles/business/turkey-targets-syria-as-fresh-frontier-for-textile-growth/","article",200,"index,follow","YES","https://thesamachardaily.in/articles/business/turkey-targets-syria-as-fresh-frontier-for-textile-growth/","SELF_CANONICAL","YES",0,"THIN_CONTENT_CRAWLED_AT_RISK","YES"
"https://thesamachardaily.in/articles/business/uk-air-traffic-control-suffers-second-outage-this-month-sparking-airline-warnings/","article",200,"index,follow","YES","https://thesamachardaily.in/articles/business/uk-air-traffic-control-suffers-second-outage-this-month-sparking-airline-warnings/","SELF_CANONICAL","YES",0,"THIN_CONTENT_CRAWLED_AT_RISK","YES"
"https://thesamachardaily.in/articles/business/us-bond-selloff-pushes-borrowing-costs-higher-hits-consumers-and-firms-globally/","article",200,"index,follow","YES","https://thesamachardaily.in/articles/business/us-bond-selloff-pushes-borrowing-costs-higher-hits-consumers-and-firms-globally/","SELF_CANONICAL","YES",0,"THIN_CONTENT_CRAWLED_AT_RISK","YES"
"https://thesamachardaily.in/articles/business/us-capital-global-securities-launches-41-million-offering-for-willamette-intermodal-g/","article",200,"index,follow","YES","https://thesamachardaily.in/articles/business/us-capital-global-securities-launches-41-million-offering-for-willamette-intermodal-g/","SELF_CANONICAL","YES",0,"THIN_CONTENT_CRAWLED_AT_RISK","YES"
"https://thesamachardaily.in/articles/business/us-central-command-reports-record-hormuz-shipments-straits-remain-uncertain/","article",200,"index,follow","YES","https://thesamachardaily.in/articles/business/us-central-command-reports-record-hormuz-shipments-straits-remain-uncertain/","SELF_CANONICAL","YES",0,"THIN_CONTENT_CRAWLED_AT_RISK","YES"
"https://thesamachardaily.in/articles/business/us-stocks-climb-as-tech-leads-dow-up-058-sp-105-nasdaq-164/","article",200,"index,follow","YES","https://thesamachardaily.in/articles/business/us-stocks-climb-as-tech-leads-dow-up-058-sp-105-nasdaq-164/","SELF_CANONICAL","YES",0,"THIN_CONTENT_CRAWLED_AT_RISK","YES"
"https://thesamachardaily.in/articles/business/us-treasury-yields-edge-below-494-as-oil-gains-3-bonds-recover-losses/","article",200,"index,follow","YES","https://thesamachardaily.in/articles/business/us-treasury-yields-edge-below-494-as-oil-gains-3-bonds-recover-losses/","SELF_CANONICAL","YES",0,"THIN_CONTENT_CRAWLED_AT_RISK","YES"
"https://thesamachardaily.in/articles/business/uscanada-relationship-strained-25-years-after-911-over-tariffs-and-trade/","article",200,"noindex,follow","NO","https://thesamachardaily.in/articles/business/uscanada-relationship-strained-25-years-after-911-over-tariffs-and-trade/","SELF_CANONICAL","YES",0,"EXCLUDED_BY_NOINDEX_LOCAL","NO"
"https://thesamachardaily.in/articles/business/uttarakhand-cabinet-raises-mbbs-intern-stipend-to-25000-adds-243-athlete-posts/","article",200,"index,follow","YES","https://thesamachardaily.in/articles/business/uttarakhand-cabinet-raises-mbbs-intern-stipend-to-25000-adds-243-athlete-posts/","SELF_CANONICAL","NO",0,"THIN_CONTENT_CRAWLED_AT_RISK","YES"
"https://thesamachardaily.in/articles/business/vicor-secures-new-hampshire-sites-to-build-chip-fab-2-and-fab-3/","article",200,"index,follow","YES","https://thesamachardaily.in/articles/business/vicor-secures-new-hampshire-sites-to-build-chip-fab-2-and-fab-3/","SELF_CANONICAL","NO",0,"THIN_CONTENT_CRAWLED_AT_RISK","YES"
"https://thesamachardaily.in/articles/business/virbac-issues-august-2026-share-count-disclosure-what-investors-need-to-know/","article",200,"index,follow","YES","https://thesamachardaily.in/articles/business/virbac-issues-august-2026-share-count-disclosure-what-investors-need-to-know/","SELF_CANONICAL","YES",0,"THIN_CONTENT_CRAWLED_AT_RISK","YES"
"https://thesamachardaily.in/articles/business/wayne-clears-113-unit-all-affordable-complex-on-old-growth-forest-near-wayne-hills-hi/","article",200,"index,follow","YES","https://thesamachardaily.in/articles/business/wayne-clears-113-unit-all-affordable-complex-on-old-growth-forest-near-wayne-hills-hi/","SELF_CANONICAL","NO",0,"THIN_CONTENT_CRAWLED_AT_RISK","YES"
"https://thesamachardaily.in/articles/business/world-equities-slip-as-oil-climbs-past-100-a-barrel/","article",200,"index,follow","YES","https://thesamachardaily.in/articles/business/world-equities-slip-as-oil-climbs-past-100-a-barrel/","SELF_CANONICAL","YES",0,"THIN_CONTENT_CRAWLED_AT_RISK","YES"
"https://thesamachardaily.in/articles/business/zoom-adds-former-oracle-cfo-jeff-epstein-to-board-as-jonathan-chadwick-steps-down/","article",200,"index,follow","YES","https://thesamachardaily.in/articles/business/zoom-adds-former-oracle-cfo-jeff-epstein-to-board-as-jonathan-chadwick-steps-down/","SELF_CANONICAL","YES",0,"THIN_CONTENT_CRAWLED_AT_RISK","YES"
"https://thesamachardaily.in/articles/india/1-lakh-fine-on-bengaluru-hospital-for-footpath-encroachment-on-nh-7/","article",200,"index,follow","YES","https://thesamachardaily.in/articles/india/1-lakh-fine-on-bengaluru-hospital-for-footpath-encroachment-on-nh-7/","SELF_CANONICAL","YES",0,"THIN_CONTENT_CRAWLED_AT_RISK","YES"
"https://thesamachardaily.in/articles/india/47-lakh-names-deleted-from-delhi-voter-roll-after-revision-kejriwal-slams-exercise/","article",200,"index,follow","YES","https://thesamachardaily.in/articles/india/47-lakh-names-deleted-from-delhi-voter-roll-after-revision-kejriwal-slams-exercise/","SELF_CANONICAL","YES",0,"THIN_CONTENT_CRAWLED_AT_RISK","YES"
"https://thesamachardaily.in/articles/india/4yearold-meet-trees-shatters-kamal-haasan-record-becomes-indias-youngest-national-awa/","article",200,"index,follow","YES","https://thesamachardaily.in/articles/india/4yearold-meet-trees-shatters-kamal-haasan-record-becomes-indias-youngest-national-awa/","SELF_CANONICAL","YES",0,"THIN_CONTENT_CRAWLED_AT_RISK","YES"
"https://thesamachardaily.in/articles/india/5000-polish-refugees-sheltered-in-kolhapurs-valivade-camp-during-wwii/","article",200,"index,follow","YES","https://thesamachardaily.in/articles/india/5000-polish-refugees-sheltered-in-kolhapurs-valivade-camp-during-wwii/","SELF_CANONICAL","YES",0,"THIN_CONTENT_CRAWLED_AT_RISK","YES"
"https://thesamachardaily.in/articles/india/81yearold-modi-schoolmate-regains-land-after-meeting-prime-minister-bjp-mla-firm-with/","article",200,"index,follow","YES","https://thesamachardaily.in/articles/india/81yearold-modi-schoolmate-regains-land-after-meeting-prime-minister-bjp-mla-firm-with/","SELF_CANONICAL","NO",0,"THIN_CONTENT_CRAWLED_AT_RISK","YES"
"https://thesamachardaily.in/articles/india/abhishek-banerjee-alleges-bjp-linked-ransacking-of-tmc-office-in-kolkata/","article",200,"index,follow","YES","https://thesamachardaily.in/articles/india/abhishek-banerjee-alleges-bjp-linked-ransacking-of-tmc-office-in-kolkata/","SELF_CANONICAL","YES",0,"THIN_CONTENT_CRAWLED_AT_RISK","YES"
"https://thesamachardaily.in/articles/india/abvp-files-dusu-election-nominations-intensifies-pg-safety-and-hostel-demand-campaign/","article",200,"index,follow","YES","https://thesamachardaily.in/articles/india/abvp-files-dusu-election-nominations-intensifies-pg-safety-and-hostel-demand-campaign/","SELF_CANONICAL","NO",0,"THIN_CONTENT_CRAWLED_AT_RISK","YES"
"https://thesamachardaily.in/articles/india/abvp-slams-congress-nsui-for-politicising-satya-niketan-tragedy-questions-hostel-plan/","article",200,"index,follow","YES","https://thesamachardaily.in/articles/india/abvp-slams-congress-nsui-for-politicising-satya-niketan-tragedy-questions-hostel-plan/","SELF_CANONICAL","NO",0,"THIN_CONTENT_CRAWLED_AT_RISK","YES"
"https://thesamachardaily.in/articles/india/actor-zain-imam-removes-instagram-app-from-phone-keeps-account-active/","article",200,"noindex,follow","NO","https://thesamachardaily.in/articles/india/actor-zain-imam-removes-instagram-app-from-phone-keeps-account-active/","SELF_CANONICAL","YES",0,"EXCLUDED_BY_NOINDEX_LOCAL","NO"
"https://thesamachardaily.in/articles/india/actress-hina-khan-urges-eco-friendly-ganpati-idols-in-meeting-with-maharashtra-govern/","article",200,"index,follow","YES","https://thesamachardaily.in/articles/india/actress-hina-khan-urges-eco-friendly-ganpati-idols-in-meeting-with-maharashtra-govern/","SELF_CANONICAL","NO",0,"THIN_CONTENT_CRAWLED_AT_RISK","YES"
"https://thesamachardaily.in/articles/india/actress-samantha-ruth-prabhu-dons-gold-kanjivaram-at-traditional-baby-shower/","article",200,"index,follow","YES","https://thesamachardaily.in/articles/india/actress-samantha-ruth-prabhu-dons-gold-kanjivaram-at-traditional-baby-shower/","SELF_CANONICAL","YES",0,"THIN_CONTENT_CRAWLED_AT_RISK","YES"
"https://thesamachardaily.in/articles/india/aero-india-2027-set-for-feb-8-12-in-bangalore-showcasing-aerospace-might/","article",200,"index,follow","YES","https://thesamachardaily.in/articles/india/aero-india-2027-set-for-feb-8-12-in-bangalore-showcasing-aerospace-might/","SELF_CANONICAL","YES",0,"THIN_CONTENT_CRAWLED_AT_RISK","YES"
"https://thesamachardaily.in/articles/india/after-rs-40k-annual-aid-pledge-akhilesh-promises-to-reopen-26000-schools-closed-down/","article",200,"index,follow","YES","https://thesamachardaily.in/articles/india/after-rs-40k-annual-aid-pledge-akhilesh-promises-to-reopen-26000-schools-closed-down/","SELF_CANONICAL","YES",0,"THIN_CONTENT_CRAWLED_AT_RISK","YES"
"https://thesamachardaily.in/articles/india/aidso-slams-west-bengal-cm-suvendu-adhikaris-saffron-flags-remark-on-campus-polls/","article",200,"index,follow","YES","https://thesamachardaily.in/articles/india/aidso-slams-west-bengal-cm-suvendu-adhikaris-saffron-flags-remark-on-campus-polls/","SELF_CANONICAL","NO",0,"THIN_CONTENT_CRAWLED_AT_RISK","YES"
"https://thesamachardaily.in/articles/india/air-india-fires-phuket-delhi-flight-commander-after-positive-psychoactive-substance-t/","article",200,"index,follow","YES","https://thesamachardaily.in/articles/india/air-india-fires-phuket-delhi-flight-commander-after-positive-psychoactive-substance-t/","SELF_CANONICAL","YES",0,"THIN_CONTENT_CRAWLED_AT_RISK","YES"
"https://thesamachardaily.in/articles/india/aishwarya-rai-defends-living-with-parents-says-independence-isnt-about-moving-out/","article",200,"index,follow","YES","https://thesamachardaily.in/articles/india/aishwarya-rai-defends-living-with-parents-says-independence-isnt-about-moving-out/","SELF_CANONICAL","NO",0,"THIN_CONTENT_CRAWLED_AT_RISK","YES"
"https://thesamachardaily.in/articles/india/akali-dal-meets-governor-demands-cbi-probe-into-corruption-at-punjab-cm-office/","article",200,"index,follow","YES","https://thesamachardaily.in/articles/india/akali-dal-meets-governor-demands-cbi-probe-into-corruption-at-punjab-cm-office/","SELF_CANONICAL","YES",0,"THIN_CONTENT_CRAWLED_AT_RISK","YES"
"https://thesamachardaily.in/articles/india/akasa-air-launches-hanoi-service-expands-southeast-asia-footprint/","article",200,"index,follow","YES","https://thesamachardaily.in/articles/india/akasa-air-launches-hanoi-service-expands-southeast-asia-footprint/","SELF_CANONICAL","YES",0,"THIN_CONTENT_CRAWLED_AT_RISK","YES"
"https://thesamachardaily.in/articles/india/amit-shah-hails-pm-modis-25-year-public-record-launches-seva-sankalp-abhiyan/","article",200,"index,follow","YES","https://thesamachardaily.in/articles/india/amit-shah-hails-pm-modis-25-year-public-record-launches-seva-sankalp-abhiyan/","SELF_CANONICAL","NO",0,"THIN_CONTENT_CRAWLED_AT_RISK","YES"
"https://thesamachardaily.in/articles/india/anwar-ibrahim-and-modi-invoke-my-brother-as-personal-touch-in-brics-diplomacy/","article",200,"noindex,follow","NO","https://thesamachardaily.in/articles/india/anwar-ibrahim-and-modi-invoke-my-brother-as-personal-touch-in-brics-diplomacy/","SELF_CANONICAL","YES",0,"EXCLUDED_BY_NOINDEX_LOCAL","NO"
"https://thesamachardaily.in/articles/india/apollo-hospital-fined-4311-lakh-for-negligence-in-2013-stroke-death/","article",200,"index,follow","YES","https://thesamachardaily.in/articles/india/apollo-hospital-fined-4311-lakh-for-negligence-in-2013-stroke-death/","SELF_CANONICAL","NO",0,"THIN_CONTENT_CRAWLED_AT_RISK","YES"
"https://thesamachardaily.in/articles/india/apple-maps-gets-transit-support-in-india-with-public-transport-directions-and-mo/","article",200,"index,follow","YES","https://thesamachardaily.in/articles/india/apple-maps-gets-transit-support-in-india-with-public-transport-directions-and-mo/","SELF_CANONICAL","YES",0,"THIN_CONTENT_CRAWLED_AT_RISK","YES"
"https://thesamachardaily.in/articles/india/ar-rahman-urges-filmmakers-to-spotlight-kashmirs-peace-and-natural-splendor/","article",200,"index,follow","YES","https://thesamachardaily.in/articles/india/ar-rahman-urges-filmmakers-to-spotlight-kashmirs-peace-and-natural-splendor/","SELF_CANONICAL","YES",0,"THIN_CONTENT_CRAWLED_AT_RISK","YES"
"https://thesamachardaily.in/articles/india/army-soldier-missing-in-yamuna-river-after-boat-capsizes-in-yamunanagar/","article",200,"index,follow","YES","https://thesamachardaily.in/articles/india/army-soldier-missing-in-yamuna-river-after-boat-capsizes-in-yamunanagar/","SELF_CANONICAL","YES",0,"THIN_CONTENT_CRAWLED_AT_RISK","YES"
"https://thesamachardaily.in/articles/india/asieris-pharmaceuticals-releases-2026-semi-annual-report-core-product-commercial/","article",200,"index,follow","YES","https://thesamachardaily.in/articles/india/asieris-pharmaceuticals-releases-2026-semi-annual-report-core-product-commercial/","SELF_CANONICAL","NO",0,"THIN_CONTENT_CRAWLED_AT_RISK","YES"
"https://thesamachardaily.in/articles/india/assam-cm-sarma-disburses-financial-aid-to-youth-and-flood-hit-families-under-cm-fligh/","article",200,"index,follow","YES","https://thesamachardaily.in/articles/india/assam-cm-sarma-disburses-financial-aid-to-youth-and-flood-hit-families-under-cm-fligh/","SELF_CANONICAL","YES",0,"THIN_CONTENT_CRAWLED_AT_RISK","YES"
"https://thesamachardaily.in/articles/india/assam-plans-20000-new-police-5000-promotions-in-overhaul-plan/","article",200,"index,follow","YES","https://thesamachardaily.in/articles/india/assam-plans-20000-new-police-5000-promotions-in-overhaul-plan/","SELF_CANONICAL","YES",0,"THIN_CONTENT_CRAWLED_AT_RISK","YES"
"https://thesamachardaily.in/articles/india/assam-vigilance-arrests-two-in-morigaon-over-mobikwik-e-wallet-fraud-case/","article",200,"index,follow","YES","https://thesamachardaily.in/articles/india/assam-vigilance-arrests-two-in-morigaon-over-mobikwik-e-wallet-fraud-case/","SELF_CANONICAL","NO",0,"THIN_CONTENT_CRAWLED_AT_RISK","YES"
"https://thesamachardaily.in/articles/india/aus-c-art-facility-reviewed-under-mission-mausam-for-eastern-coast-weather-research/","article",200,"index,follow","YES","https://thesamachardaily.in/articles/india/aus-c-art-facility-reviewed-under-mission-mausam-for-eastern-coast-weather-research/","SELF_CANONICAL","YES",0,"THIN_CONTENT_CRAWLED_AT_RISK","YES"
"https://thesamachardaily.in/articles/india/bal-asha-trust-marks-40-years-of-mumbai-based-child-welfare-and-rehabilitation-work/","article",200,"index,follow","YES","https://thesamachardaily.in/articles/india/bal-asha-trust-marks-40-years-of-mumbai-based-child-welfare-and-rehabilitation-work/","SELF_CANONICAL","YES",0,"THIN_CONTENT_CRAWLED_AT_RISK","YES"
"https://thesamachardaily.in/articles/india/balcony-privacy-woes-in-indian-apartments-six-plants-offer-a-natural-screen/","article",200,"index,follow","YES","https://thesamachardaily.in/articles/india/balcony-privacy-woes-in-indian-apartments-six-plants-offer-a-natural-screen/","SELF_CANONICAL","YES",0,"THIN_CONTENT_CRAWLED_AT_RISK","YES"
"https://thesamachardaily.in/articles/india/banaganapalle-mangoes-deccans-golden-benishan-traced-to-historic-orchards/","article",200,"index,follow","YES","https://thesamachardaily.in/articles/india/banaganapalle-mangoes-deccans-golden-benishan-traced-to-historic-orchards/","SELF_CANONICAL","NO",0,"THIN_CONTENT_CRAWLED_AT_RISK","YES"
"https://thesamachardaily.in/articles/india/bdls-asraam-assembly-integration-and-testing-facility-now-fully-operational/","article",200,"index,follow","YES","https://thesamachardaily.in/articles/india/bdls-asraam-assembly-integration-and-testing-facility-now-fully-operational/","SELF_CANONICAL","NO",0,"THIN_CONTENT_CRAWLED_AT_RISK","YES"
"https://thesamachardaily.in/articles/india/bengaluru-airport-customs-seizes-gold-worth-rs-16-lakh-hidden-in-passengers-mouth/","article",200,"index,follow","YES","https://thesamachardaily.in/articles/india/bengaluru-airport-customs-seizes-gold-worth-rs-16-lakh-hidden-in-passengers-mouth/","SELF_CANONICAL","YES",0,"THIN_CONTENT_CRAWLED_AT_RISK","YES"
"https://thesamachardaily.in/articles/india/bengaluru-logs-2311-railway-track-trespassing-cases-in-just-two-months/","article",200,"index,follow","YES","https://thesamachardaily.in/articles/india/bengaluru-logs-2311-railway-track-trespassing-cases-in-just-two-months/","SELF_CANONICAL","YES",0,"THIN_CONTENT_CRAWLED_AT_RISK","YES"
"https://thesamachardaily.in/articles/india/bengaluru-peptide-wellness-event-cancelled-amid-safety-concerns/","article",200,"index,follow","YES","https://thesamachardaily.in/articles/india/bengaluru-peptide-wellness-event-cancelled-amid-safety-concerns/","SELF_CANONICAL","YES",0,"THIN_CONTENT_CRAWLED_AT_RISK","YES"
"https://thesamachardaily.in/articles/india/bengaluru-police-arrest-two-for-befriending-women-and-stealing-gold-worth-rs-19-lakh/","article",200,"index,follow","YES","https://thesamachardaily.in/articles/india/bengaluru-police-arrest-two-for-befriending-women-and-stealing-gold-worth-rs-19-lakh/","SELF_CANONICAL","YES",0,"THIN_CONTENT_CRAWLED_AT_RISK","YES"
"https://thesamachardaily.in/articles/india/bengaluru-police-arrest-two-for-scamming-women-recover-gold-worth-rs-19-lakh/","article",200,"index,follow","YES","https://thesamachardaily.in/articles/india/bengaluru-police-arrest-two-for-scamming-women-recover-gold-worth-rs-19-lakh/","SELF_CANONICAL","YES",0,"THIN_CONTENT_CRAWLED_AT_RISK","YES"
"https://thesamachardaily.in/articles/india/bengaluru-police-seize-illegal-mobile-phones-in-jail-arrest-nine/","article",200,"index,follow","YES","https://thesamachardaily.in/articles/india/bengaluru-police-seize-illegal-mobile-phones-in-jail-arrest-nine/","SELF_CANONICAL","YES",0,"THIN_CONTENT_CRAWLED_AT_RISK","YES"
"https://thesamachardaily.in/articles/india/bengaluru-protesters-form-human-chain-around-3-billion-year-old-lalbagh-rock-to-halt/","article",200,"index,follow","YES","https://thesamachardaily.in/articles/india/bengaluru-protesters-form-human-chain-around-3-billion-year-old-lalbagh-rock-to-halt/","SELF_CANONICAL","YES",0,"THIN_CONTENT_CRAWLED_AT_RISK","YES"
"https://thesamachardaily.in/articles/india/bengaluru-sees-multi-pronged-crackdowns-food-safety-raids-loan-assault-arrest-politic/","article",200,"index,follow","YES","https://thesamachardaily.in/articles/india/bengaluru-sees-multi-pronged-crackdowns-food-safety-raids-loan-assault-arrest-politic/","SELF_CANONICAL","YES",0,"THIN_CONTENT_CRAWLED_AT_RISK","YES"
"https://thesamachardaily.in/articles/india/bigg-boss-marathis-irina-rudakova-seeks-police-help-after-mumbai-auto-driver-assault/","article",200,"index,follow","YES","https://thesamachardaily.in/articles/india/bigg-boss-marathis-irina-rudakova-seeks-police-help-after-mumbai-auto-driver-assault/","SELF_CANONICAL","NO",0,"THIN_CONTENT_CRAWLED_AT_RISK","YES"
"https://thesamachardaily.in/articles/india/bihar-cooperation-officers-receive-training-from-ncel-ncol-and-bbssl/","article",200,"index,follow","YES","https://thesamachardaily.in/articles/india/bihar-cooperation-officers-receive-training-from-ncel-ncol-and-bbssl/","SELF_CANONICAL","NO",0,"THIN_CONTENT_CRAWLED_AT_RISK","YES"
"https://thesamachardaily.in/articles/india/bihar-government-announces-cash-relief-for-flooddisplaced-new-mothers/","article",200,"index,follow","YES","https://thesamachardaily.in/articles/india/bihar-government-announces-cash-relief-for-flooddisplaced-new-mothers/","SELF_CANONICAL","YES",0,"THIN_CONTENT_CRAWLED_AT_RISK","YES"
"https://thesamachardaily.in/articles/india/bihar-orders-cbi-to-obtain-state-clearance-before-probing-its-employees/","article",200,"index,follow","YES","https://thesamachardaily.in/articles/india/bihar-orders-cbi-to-obtain-state-clearance-before-probing-its-employees/","SELF_CANONICAL","YES",0,"THIN_CONTENT_CRAWLED_AT_RISK","YES"
"https://thesamachardaily.in/articles/india/bjp-and-congress-spar-over-brics-declaration-each-citing-nehrus-legacy/","article",200,"index,follow","YES","https://thesamachardaily.in/articles/india/bjp-and-congress-spar-over-brics-declaration-each-citing-nehrus-legacy/","SELF_CANONICAL","NO",0,"THIN_CONTENT_CRAWLED_AT_RISK","YES"
"https://thesamachardaily.in/articles/india/bjp-chief-nitin-nabin-expresses-displeasure-over-3-delhi-mps-visiting-sajjan-kumars-r/","article",200,"index,follow","YES","https://thesamachardaily.in/articles/india/bjp-chief-nitin-nabin-expresses-displeasure-over-3-delhi-mps-visiting-sajjan-kumars-r/","SELF_CANONICAL","YES",0,"THIN_CONTENT_CRAWLED_AT_RISK","YES"
"https://thesamachardaily.in/articles/india/bjp-launches-fiveday-karnataka-padayatra-to-contest-twostanza-vande-mataram-limit/","article",200,"index,follow","YES","https://thesamachardaily.in/articles/india/bjp-launches-fiveday-karnataka-padayatra-to-contest-twostanza-vande-mataram-limit/","SELF_CANONICAL","NO",0,"THIN_CONTENT_CRAWLED_AT_RISK","YES"
"https://thesamachardaily.in/articles/india/bjp-launches-month-long-seva-sankalp-abhiyan-from-sept-17-to-mark-pm-modis-25-years-i/","article",200,"index,follow","YES","https://thesamachardaily.in/articles/india/bjp-launches-month-long-seva-sankalp-abhiyan-from-sept-17-to-mark-pm-modis-25-years-i/","SELF_CANONICAL","YES",0,"THIN_CONTENT_CRAWLED_AT_RISK","YES"
"https://thesamachardaily.in/articles/india/bjp-leader-urges-vvcmc-to-bar-nonhindu-firms-from-ganeshotsav-contracts/","article",200,"index,follow","YES","https://thesamachardaily.in/articles/india/bjp-leader-urges-vvcmc-to-bar-nonhindu-firms-from-ganeshotsav-contracts/","SELF_CANONICAL","NO",0,"THIN_CONTENT_CRAWLED_AT_RISK","YES"
"https://thesamachardaily.in/articles/india/bjp-mla-payal-shankar-slams-telangana-govt-over-fee-dues-land-disputes/","article",200,"index,follow","YES","https://thesamachardaily.in/articles/india/bjp-mla-payal-shankar-slams-telangana-govt-over-fee-dues-land-disputes/","SELF_CANONICAL","NO",0,"THIN_CONTENT_CRAWLED_AT_RISK","YES"
"https://thesamachardaily.in/articles/india/bjps-nitin-nabin-calls-for-nationwide-ashirvaad-ka-diya-on-pm-modis-birthday/","article",200,"index,follow","YES","https://thesamachardaily.in/articles/india/bjps-nitin-nabin-calls-for-nationwide-ashirvaad-ka-diya-on-pm-modis-birthday/","SELF_CANONICAL","NO",0,"THIN_CONTENT_CRAWLED_AT_RISK","YES"
"https://thesamachardaily.in/articles/india/bombay-hc-orders-cbi-probe-into-2020-death-of-sushants-former-manager-disha-salian/","article",200,"index,follow","YES","https://thesamachardaily.in/articles/india/bombay-hc-orders-cbi-probe-into-2020-death-of-sushants-former-manager-disha-salian/","SELF_CANONICAL","YES",0,"THIN_CONTENT_CRAWLED_AT_RISK","YES"
"https://thesamachardaily.in/articles/india/borders-and-belonging/","article",200,"index,follow","YES","https://thesamachardaily.in/articles/india/borders-and-belonging/","SELF_CANONICAL","YES",0,"THIN_CONTENT_CRAWLED_AT_RISK","YES"
"https://thesamachardaily.in/articles/india/burglars-use-gas-cutters-to-loot-two-sbi-atms-in-karimnagar-telangana-stealing-rs-8-l/","article",200,"index,follow","YES","https://thesamachardaily.in/articles/india/burglars-use-gas-cutters-to-loot-two-sbi-atms-in-karimnagar-telangana-stealing-rs-8-l/","SELF_CANONICAL","YES",0,"THIN_CONTENT_CRAWLED_AT_RISK","YES"
"https://thesamachardaily.in/articles/india/canada-probes-indian-import-risks-following-fake-food-label-raid-in-mumbai/","article",200,"index,follow","YES","https://thesamachardaily.in/articles/india/canada-probes-indian-import-risks-following-fake-food-label-raid-in-mumbai/","SELF_CANONICAL","YES",0,"THIN_CONTENT_CRAWLED_AT_RISK","YES"
"https://thesamachardaily.in/articles/india/canada-sees-cepa-talks-with-india-wrapping-up-by-yearend-trade-minister-says/","article",200,"index,follow","YES","https://thesamachardaily.in/articles/india/canada-sees-cepa-talks-with-india-wrapping-up-by-yearend-trade-minister-says/","SELF_CANONICAL","YES",0,"THIN_CONTENT_CRAWLED_AT_RISK","YES"
"https://thesamachardaily.in/articles/india/cars24-cofounder-highlights-west-delhis-unlikely-role-in-success-stories/","article",200,"index,follow","YES","https://thesamachardaily.in/articles/india/cars24-cofounder-highlights-west-delhis-unlikely-role-in-success-stories/","SELF_CANONICAL","YES",0,"THIN_CONTENT_CRAWLED_AT_RISK","YES"
"https://thesamachardaily.in/articles/india/cbi-arrests-mcd-official-two-others-in-15-lakh-billboard-bribery-trap/","article",200,"index,follow","YES","https://thesamachardaily.in/articles/india/cbi-arrests-mcd-official-two-others-in-15-lakh-billboard-bribery-trap/","SELF_CANONICAL","YES",0,"THIN_CONTENT_CRAWLED_AT_RISK","YES"
"https://thesamachardaily.in/articles/india/centre-clears-9448-hectares-for-nh27-widening-in-kutch-sixtoeight-lane-upgrade/","article",200,"index,follow","YES","https://thesamachardaily.in/articles/india/centre-clears-9448-hectares-for-nh27-widening-in-kutch-sixtoeight-lane-upgrade/","SELF_CANONICAL","YES",0,"THIN_CONTENT_CRAWLED_AT_RISK","YES"
"https://thesamachardaily.in/articles/india/centre-notifies-rules-mandating-ist-as-common-time-reference-180-day-window-for-compl/","article",200,"index,follow","YES","https://thesamachardaily.in/articles/india/centre-notifies-rules-mandating-ist-as-common-time-reference-180-day-window-for-compl/","SELF_CANONICAL","YES",0,"THIN_CONTENT_CRAWLED_AT_RISK","YES"
"https://thesamachardaily.in/articles/india/centre-sends-engineer-rashids-north-kashmir-development-demands-to-relevant-ministrie/","article",200,"index,follow","YES","https://thesamachardaily.in/articles/india/centre-sends-engineer-rashids-north-kashmir-development-demands-to-relevant-ministrie/","SELF_CANONICAL","NO",0,"THIN_CONTENT_CRAWLED_AT_RISK","YES"
"https://thesamachardaily.in/articles/india/china-expels-pla-commander-who-led-troops-against-india-in-doklam-galwan/","article",200,"index,follow","YES","https://thesamachardaily.in/articles/india/china-expels-pla-commander-who-led-troops-against-india-in-doklam-galwan/","SELF_CANONICAL","YES",0,"THIN_CONTENT_CRAWLED_AT_RISK","YES"
"https://thesamachardaily.in/articles/india/china-removes-ex-top-general-zhang-from-central-military-commission-state-media/","article",200,"index,follow","YES","https://thesamachardaily.in/articles/india/china-removes-ex-top-general-zhang-from-central-military-commission-state-media/","SELF_CANONICAL","YES",0,"THIN_CONTENT_CRAWLED_AT_RISK","YES"
"https://thesamachardaily.in/articles/india/cjp-calls-for-overhaul-of-karnataka-public-service-commission-launches-statewide-stud/","article",200,"noindex,follow","NO","https://thesamachardaily.in/articles/india/cjp-calls-for-overhaul-of-karnataka-public-service-commission-launches-statewide-stud/","SELF_CANONICAL","NO",0,"EXCLUDED_BY_NOINDEX_LOCAL","NO"
"https://thesamachardaily.in/articles/india/cjp-founder-dipke-urges-maharashtra-to-engage-jarange-warns-against-forceful-action/","article",200,"index,follow","YES","https://thesamachardaily.in/articles/india/cjp-founder-dipke-urges-maharashtra-to-engage-jarange-warns-against-forceful-action/","SELF_CANONICAL","NO",0,"THIN_CONTENT_CRAWLED_AT_RISK","YES"
"https://thesamachardaily.in/articles/india/coca-cola-india-launches-festive-season-beverage-drive-to-reach-consumers/","article",200,"index,follow","YES","https://thesamachardaily.in/articles/india/coca-cola-india-launches-festive-season-beverage-drive-to-reach-consumers/","SELF_CANONICAL","YES",0,"THIN_CONTENT_CRAWLED_AT_RISK","YES"
"https://thesamachardaily.in/articles/india/colombo-security-conclave-wraps-three-day-tabletop-drill-at-visakhapatnam-naval-base/","article",200,"index,follow","YES","https://thesamachardaily.in/articles/india/colombo-security-conclave-wraps-three-day-tabletop-drill-at-visakhapatnam-naval-base/","SELF_CANONICAL","NO",0,"THIN_CONTENT_CRAWLED_AT_RISK","YES"
"https://thesamachardaily.in/articles/india/comedian-samay-raina-roasts-varun-dhawans-border-2-and-dilwale-on-viral-indias-got-la/","article",200,"index,follow","YES","https://thesamachardaily.in/articles/india/comedian-samay-raina-roasts-varun-dhawans-border-2-and-dilwale-on-viral-indias-got-la/","SELF_CANONICAL","YES",0,"THIN_CONTENT_CRAWLED_AT_RISK","YES"
"https://thesamachardaily.in/articles/india/complex-social-challenges-demand-multisector-collaboration-pratham-shows/","article",200,"index,follow","YES","https://thesamachardaily.in/articles/india/complex-social-challenges-demand-multisector-collaboration-pratham-shows/","SELF_CANONICAL","NO",0,"THIN_CONTENT_CRAWLED_AT_RISK","YES"
"https://thesamachardaily.in/articles/india/congress-and-bjp-clash-over-brics-summit-declarations-diplomatic-impact/","article",200,"index,follow","YES","https://thesamachardaily.in/articles/india/congress-and-bjp-clash-over-brics-summit-declarations-diplomatic-impact/","SELF_CANONICAL","YES",0,"THIN_CONTENT_CRAWLED_AT_RISK","YES"
"https://thesamachardaily.in/articles/india/congress-and-bjp-vie-for-dalit-support-amid-haldwani-purification-controversy/","article",200,"index,follow","YES","https://thesamachardaily.in/articles/india/congress-and-bjp-vie-for-dalit-support-amid-haldwani-purification-controversy/","SELF_CANONICAL","NO",0,"THIN_CONTENT_CRAWLED_AT_RISK","YES"
"https://thesamachardaily.in/articles/india/congress-attacks-modi-government-over-ex-finance-secretarys-gdp-remarks/","article",200,"index,follow","YES","https://thesamachardaily.in/articles/india/congress-attacks-modi-government-over-ex-finance-secretarys-gdp-remarks/","SELF_CANONICAL","YES",0,"THIN_CONTENT_CRAWLED_AT_RISK","YES"
"https://thesamachardaily.in/articles/india/congress-govt-repeatedly-facing-court-setbacks-over-unconstitutional-laws-bjp/","article",200,"index,follow","YES","https://thesamachardaily.in/articles/india/congress-govt-repeatedly-facing-court-setbacks-over-unconstitutional-laws-bjp/","SELF_CANONICAL","YES",0,"THIN_CONTENT_CRAWLED_AT_RISK","YES"
"https://thesamachardaily.in/articles/india/congress-mulls-response-after-nsui-loses-all-dusu-central-seats/","article",200,"index,follow","YES","https://thesamachardaily.in/articles/india/congress-mulls-response-after-nsui-loses-all-dusu-central-seats/","SELF_CANONICAL","YES",0,"THIN_CONTENT_CRAWLED_AT_RISK","YES"
"https://thesamachardaily.in/articles/india/congresss-udit-raj-urges-indiachina-talks-on-aksai-chin-ladakh-arunachal-and-trade/","article",200,"index,follow","YES","https://thesamachardaily.in/articles/india/congresss-udit-raj-urges-indiachina-talks-on-aksai-chin-ladakh-arunachal-and-trade/","SELF_CANONICAL","NO",0,"THIN_CONTENT_CRAWLED_AT_RISK","YES"
"https://thesamachardaily.in/articles/india/dalip-tahil-calls-shah-rukh-khan-cocky-confident-on-baazigar-set/","article",200,"index,follow","YES","https://thesamachardaily.in/articles/india/dalip-tahil-calls-shah-rukh-khan-cocky-confident-on-baazigar-set/","SELF_CANONICAL","NO",0,"THIN_CONTENT_CRAWLED_AT_RISK","YES"
"https://thesamachardaily.in/articles/india/dda-conducts-stakeholder-consultations-with-civic-and-heritage-bodies-on-master-plan/","article",200,"index,follow","YES","https://thesamachardaily.in/articles/india/dda-conducts-stakeholder-consultations-with-civic-and-heritage-bodies-on-master-plan/","SELF_CANONICAL","YES",0,"THIN_CONTENT_CRAWLED_AT_RISK","YES"
"https://thesamachardaily.in/articles/india/deeptech-draws-574-million-in-2026-capturing-84-of-indias-vc-capital/","article",200,"index,follow","YES","https://thesamachardaily.in/articles/india/deeptech-draws-574-million-in-2026-capturing-84-of-indias-vc-capital/","SELF_CANONICAL","YES",0,"THIN_CONTENT_CRAWLED_AT_RISK","YES"
"https://thesamachardaily.in/articles/india/delhi-airspace-closed-for-brics-summit-restrictions-enforced-sep-11-13/","article",200,"index,follow","YES","https://thesamachardaily.in/articles/india/delhi-airspace-closed-for-brics-summit-restrictions-enforced-sep-11-13/","SELF_CANONICAL","YES",0,"THIN_CONTENT_CRAWLED_AT_RISK","YES"
"https://thesamachardaily.in/articles/india/delhi-bilaspur-alliance-air-flight-suffers-tyre-burst-on-landing/","article",200,"index,follow","YES","https://thesamachardaily.in/articles/india/delhi-bilaspur-alliance-air-flight-suffers-tyre-burst-on-landing/","SELF_CANONICAL","YES",0,"THIN_CONTENT_CRAWLED_AT_RISK","YES"
"https://thesamachardaily.in/articles/india/delhi-braces-for-more-showers-on-monday-as-imd-signals-drier-weather-from-tuesday/","article",200,"index,follow","YES","https://thesamachardaily.in/articles/india/delhi-braces-for-more-showers-on-monday-as-imd-signals-drier-weather-from-tuesday/","SELF_CANONICAL","YES",0,"THIN_CONTENT_CRAWLED_AT_RISK","YES"
"https://thesamachardaily.in/articles/india/delhi-court-acquits-man-in-illicit-liquor-case-citing-lack-of-witnesses/","article",200,"index,follow","YES","https://thesamachardaily.in/articles/india/delhi-court-acquits-man-in-illicit-liquor-case-citing-lack-of-witnesses/","SELF_CANONICAL","YES",0,"THIN_CONTENT_CRAWLED_AT_RISK","YES"
"https://thesamachardaily.in/articles/india/delhi-govt-orders-mass-sealing-of-illegal-five-storey-buildings-after-collapse/","article",200,"index,follow","YES","https://thesamachardaily.in/articles/india/delhi-govt-orders-mass-sealing-of-illegal-five-storey-buildings-after-collapse/","SELF_CANONICAL","YES",0,"THIN_CONTENT_CRAWLED_AT_RISK","YES"
"https://thesamachardaily.in/articles/india/delhi-govt-to-inaugurate-slew-of-civic-infra-projects-during-pm-modis-birthday-celebr/","article",200,"index,follow","YES","https://thesamachardaily.in/articles/india/delhi-govt-to-inaugurate-slew-of-civic-infra-projects-during-pm-modis-birthday-celebr/","SELF_CANONICAL","YES",0,"THIN_CONTENT_CRAWLED_AT_RISK","YES"
"https://thesamachardaily.in/articles/india/delhi-gst-team-seizes-42-lakh-imported-esse-light-cigarettes-valued-at-rs-65-lakh/","article",200,"index,follow","YES","https://thesamachardaily.in/articles/india/delhi-gst-team-seizes-42-lakh-imported-esse-light-cigarettes-valued-at-rs-65-lakh/","SELF_CANONICAL","YES",0,"THIN_CONTENT_CRAWLED_AT_RISK","YES"
"https://thesamachardaily.in/articles/india/delhi-high-court-threatens-to-freeze-dusu-results-over-campus-violence-summons-du-pol/","article",200,"index,follow","YES","https://thesamachardaily.in/articles/india/delhi-high-court-threatens-to-freeze-dusu-results-over-campus-violence-summons-du-pol/","SELF_CANONICAL","YES",0,"THIN_CONTENT_CRAWLED_AT_RISK","YES"
"https://thesamachardaily.in/articles/india/delhi-ncr-braces-for-light-rain-tuesday-as-imd-issues-thunderstorm-alerts-across-20-s/","article",200,"index,follow","YES","https://thesamachardaily.in/articles/india/delhi-ncr-braces-for-light-rain-tuesday-as-imd-issues-thunderstorm-alerts-across-20-s/","SELF_CANONICAL","YES",0,"THIN_CONTENT_CRAWLED_AT_RISK","YES"
"https://thesamachardaily.in/articles/india/delhi-ncr-deluged-as-imd-issues-red-alert-airport-floods-flights-diverted/","article",200,"index,follow","YES","https://thesamachardaily.in/articles/india/delhi-ncr-deluged-as-imd-issues-red-alert-airport-floods-flights-diverted/","SELF_CANONICAL","YES",0,"THIN_CONTENT_CRAWLED_AT_RISK","YES"
"https://thesamachardaily.in/articles/india/delhis-roll-revision-omits-4757-lakh-voters-karnataka-elite-flagged-for-verification/","article",200,"index,follow","YES","https://thesamachardaily.in/articles/india/delhis-roll-revision-omits-4757-lakh-voters-karnataka-elite-flagged-for-verification/","SELF_CANONICAL","YES",0,"THIN_CONTENT_CRAWLED_AT_RISK","YES"
"https://thesamachardaily.in/articles/india/dhruv-vikram-steps-into-stunt-double-role-for-mythris-jackie-no-retakes-allowed/","article",200,"index,follow","YES","https://thesamachardaily.in/articles/india/dhruv-vikram-steps-into-stunt-double-role-for-mythris-jackie-no-retakes-allowed/","SELF_CANONICAL","YES",0,"THIN_CONTENT_CRAWLED_AT_RISK","YES"
"https://thesamachardaily.in/articles/india/digitalisation-boosts-indian-welfare-transfers-raises-exclusion-concerns-study-finds/","article",200,"index,follow","YES","https://thesamachardaily.in/articles/india/digitalisation-boosts-indian-welfare-transfers-raises-exclusion-concerns-study-finds/","SELF_CANONICAL","NO",0,"THIN_CONTENT_CRAWLED_AT_RISK","YES"
"https://thesamachardaily.in/articles/india/dotasra-accuses-bjp-of-fencing-independents-following-sikar-civic-polls/","article",200,"index,follow","YES","https://thesamachardaily.in/articles/india/dotasra-accuses-bjp-of-fencing-independents-following-sikar-civic-polls/","SELF_CANONICAL","NO",0,"THIN_CONTENT_CRAWLED_AT_RISK","YES"
"https://thesamachardaily.in/articles/india/dr-jitendra-singh-lays-foundation-stone-of-pmgsy-roads-worth-1503-crore-in-jammu/","article",200,"index,follow","YES","https://thesamachardaily.in/articles/india/dr-jitendra-singh-lays-foundation-stone-of-pmgsy-roads-worth-1503-crore-in-jammu/","SELF_CANONICAL","YES",0,"THIN_CONTENT_CRAWLED_AT_RISK","YES"
"https://thesamachardaily.in/articles/india/dragon-fruit-surges-in-indian-kitchens-offering-lowcalorie-fibrerich-nutrition/","article",200,"index,follow","YES","https://thesamachardaily.in/articles/india/dragon-fruit-surges-in-indian-kitchens-offering-lowcalorie-fibrerich-nutrition/","SELF_CANONICAL","YES",0,"THIN_CONTENT_CRAWLED_AT_RISK","YES"
"https://thesamachardaily.in/articles/india/dusu-elections-2026-1500-cops-deployed-as-voting-begins-across-delhi-university-campu/","article",200,"index,follow","YES","https://thesamachardaily.in/articles/india/dusu-elections-2026-1500-cops-deployed-as-voting-begins-across-delhi-university-campu/","SELF_CANONICAL","YES",0,"THIN_CONTENT_CRAWLED_AT_RISK","YES"
"https://thesamachardaily.in/articles/india/earthship-homes-offer-offgrid-living-using-recycled-tires-solar-power-and-rainwater-i/","article",200,"index,follow","YES","https://thesamachardaily.in/articles/india/earthship-homes-offer-offgrid-living-using-recycled-tires-solar-power-and-rainwater-i/","SELF_CANONICAL","YES",0,"THIN_CONTENT_CRAWLED_AT_RISK","YES"
"https://thesamachardaily.in/articles/india/eco-india-episode-333-examines-waste-generation-and-circularity-for-a-sustainable-fut/","article",200,"index,follow","YES","https://thesamachardaily.in/articles/india/eco-india-episode-333-examines-waste-generation-and-circularity-for-a-sustainable-fut/","SELF_CANONICAL","YES",0,"THIN_CONTENT_CRAWLED_AT_RISK","YES"
"https://thesamachardaily.in/articles/india/ed-raid-recovers-gold-watches-harish-rawat-steps-down-from-congress-posts/","article",200,"index,follow","YES","https://thesamachardaily.in/articles/india/ed-raid-recovers-gold-watches-harish-rawat-steps-down-from-congress-posts/","SELF_CANONICAL","NO",0,"THIN_CONTENT_CRAWLED_AT_RISK","YES"
"https://thesamachardaily.in/articles/india/ed-raids-home-and-office-of-rakesh-choudhary-in-jammu-amid-nhai-toll-fraud-probe/","article",200,"index,follow","YES","https://thesamachardaily.in/articles/india/ed-raids-home-and-office-of-rakesh-choudhary-in-jammu-amid-nhai-toll-fraud-probe/","SELF_CANONICAL","YES",0,"THIN_CONTENT_CRAWLED_AT_RISK","YES"
"https://thesamachardaily.in/articles/india/ed-says-rs-1413160-cr-asset-recovery-wont-shield-vijay-mallya-from-moneylaundering-ca/","article",200,"index,follow","YES","https://thesamachardaily.in/articles/india/ed-says-rs-1413160-cr-asset-recovery-wont-shield-vijay-mallya-from-moneylaundering-ca/","SELF_CANONICAL","NO",0,"THIN_CONTENT_CRAWLED_AT_RISK","YES"
"https://thesamachardaily.in/articles/india/ed-sheeran-labels-gaza-conflict-catastrophic-and-unjustifiable-at-philadelphia-show/","article",200,"index,follow","YES","https://thesamachardaily.in/articles/india/ed-sheeran-labels-gaza-conflict-catastrophic-and-unjustifiable-at-philadelphia-show/","SELF_CANONICAL","YES",0,"THIN_CONTENT_CRAWLED_AT_RISK","YES"
"https://thesamachardaily.in/articles/india/eight-tamil-nadu-engineering-students-killed-after-car-crashes-into-parked-lorry-in-k/","article",200,"index,follow","YES","https://thesamachardaily.in/articles/india/eight-tamil-nadu-engineering-students-killed-after-car-crashes-into-parked-lorry-in-k/","SELF_CANONICAL","YES",0,"THIN_CONTENT_CRAWLED_AT_RISK","YES"
"https://thesamachardaily.in/articles/india/elderly-delhi-driver-arrested-after-car-drags-motorbike-500-metres-in-rk-puram/","article",200,"index,follow","YES","https://thesamachardaily.in/articles/india/elderly-delhi-driver-arrested-after-car-drags-motorbike-500-metres-in-rk-puram/","SELF_CANONICAL","YES",0,"THIN_CONTENT_CRAWLED_AT_RISK","YES"
"https://thesamachardaily.in/articles/india/emparraa-bags-pr-mandate-to-drive-caf-demiss-india-expansion/","article",200,"index,follow","YES","https://thesamachardaily.in/articles/india/emparraa-bags-pr-mandate-to-drive-caf-demiss-india-expansion/","SELF_CANONICAL","YES",0,"THIN_CONTENT_CRAWLED_AT_RISK","YES"
"https://thesamachardaily.in/articles/india/epstein-files-doj-risks-contempt-as-todd-blanche-cites-wrong-law-in-federal-register/","article",200,"index,follow","YES","https://thesamachardaily.in/articles/india/epstein-files-doj-risks-contempt-as-todd-blanche-cites-wrong-law-in-federal-register/","SELF_CANONICAL","NO",0,"THIN_CONTENT_CRAWLED_AT_RISK","YES"
"https://thesamachardaily.in/articles/india/exbengaluru-resident-cites-traffic-hard-water-bad-roads-yet-misses-one-thing-about-th/","article",200,"index,follow","YES","https://thesamachardaily.in/articles/india/exbengaluru-resident-cites-traffic-hard-water-bad-roads-yet-misses-one-thing-about-th/","SELF_CANONICAL","YES",0,"THIN_CONTENT_CRAWLED_AT_RISK","YES"
"https://thesamachardaily.in/articles/india/fadnavis-orders-sit-probe-into-mpsc-exam-case-promises-re-test-for-students/","article",200,"index,follow","YES","https://thesamachardaily.in/articles/india/fadnavis-orders-sit-probe-into-mpsc-exam-case-promises-re-test-for-students/","SELF_CANONICAL","NO",0,"THIN_CONTENT_CRAWLED_AT_RISK","YES"
"https://thesamachardaily.in/articles/india/feb-heat-swings-trigger-rise-in-respiratory-dehydration-and-gastro-cases-in-pune/","article",200,"index,follow","YES","https://thesamachardaily.in/articles/india/feb-heat-swings-trigger-rise-in-respiratory-dehydration-and-gastro-cases-in-pune/","SELF_CANONICAL","YES",0,"THIN_CONTENT_CRAWLED_AT_RISK","YES"
"https://thesamachardaily.in/articles/india/filatex-india-surges-125-to-record-high-on-strong-volume-eyes-100-target/","article",200,"index,follow","YES","https://thesamachardaily.in/articles/india/filatex-india-surges-125-to-record-high-on-strong-volume-eyes-100-target/","SELF_CANONICAL","YES",0,"THIN_CONTENT_CRAWLED_AT_RISK","YES"
"https://thesamachardaily.in/articles/india/file-rajya-sabha-mp-kapil-sibal/","article",200,"index,follow","YES","https://thesamachardaily.in/articles/india/file-rajya-sabha-mp-kapil-sibal/","SELF_CANONICAL","YES",0,"THIN_CONTENT_CRAWLED_AT_RISK","YES"
"https://thesamachardaily.in/articles/india/final-fight-for-maratha-quota-manoj-jarange-begins-11th-hunger-strike-rejects-govts-k/","article",200,"index,follow","YES","https://thesamachardaily.in/articles/india/final-fight-for-maratha-quota-manoj-jarange-begins-11th-hunger-strike-rejects-govts-k/","SELF_CANONICAL","YES",0,"THIN_CONTENT_CRAWLED_AT_RISK","YES"
"https://thesamachardaily.in/articles/india/fire-at-mumbais-saraswati-bhavan-godown-contained-seven-rescued-no-injuries/","article",200,"index,follow","YES","https://thesamachardaily.in/articles/india/fire-at-mumbais-saraswati-bhavan-godown-contained-seven-rescued-no-injuries/","SELF_CANONICAL","YES",0,"THIN_CONTENT_CRAWLED_AT_RISK","YES"
"https://thesamachardaily.in/articles/india/five-baby-orangutans-found-in-odisha-forest-highlight-growing-wildlife-trafficking/","article",200,"index,follow","YES","https://thesamachardaily.in/articles/india/five-baby-orangutans-found-in-odisha-forest-highlight-growing-wildlife-trafficking/","SELF_CANONICAL","NO",0,"THIN_CONTENT_CRAWLED_AT_RISK","YES"
"https://thesamachardaily.in/articles/india/five-everyday-foods-packed-with-vitamin-b12-one-likely-already-in-your-fridge/","article",200,"index,follow","YES","https://thesamachardaily.in/articles/india/five-everyday-foods-packed-with-vitamin-b12-one-likely-already-in-your-fridge/","SELF_CANONICAL","YES",0,"THIN_CONTENT_CRAWLED_AT_RISK","YES"
"https://thesamachardaily.in/articles/india/fmge-to-be-held-thrice-a-year-nbems-announces-major-change-after-june-2026-prote/","article",200,"index,follow","YES","https://thesamachardaily.in/articles/india/fmge-to-be-held-thrice-a-year-nbems-announces-major-change-after-june-2026-prote/","SELF_CANONICAL","YES",0,"THIN_CONTENT_CRAWLED_AT_RISK","YES"
"https://thesamachardaily.in/articles/india/forgotten-trailblazers-sulochana-and-pramilas-pioneering-bollywood-legacy/","article",200,"index,follow","YES","https://thesamachardaily.in/articles/india/forgotten-trailblazers-sulochana-and-pramilas-pioneering-bollywood-legacy/","SELF_CANONICAL","NO",0,"THIN_CONTENT_CRAWLED_AT_RISK","YES"
"https://thesamachardaily.in/articles/india/four-storey-pg-building-collapses-in-south-delhi-mcd-negligence-under-fire/","article",200,"index,follow","YES","https://thesamachardaily.in/articles/india/four-storey-pg-building-collapses-in-south-delhi-mcd-negligence-under-fire/","SELF_CANONICAL","YES",0,"THIN_CONTENT_CRAWLED_AT_RISK","YES"
"https://thesamachardaily.in/articles/india/from-asheville-india-pushes-deeper-ties-with-eu-world-bank-and-imf-on-investment/","article",200,"index,follow","YES","https://thesamachardaily.in/articles/india/from-asheville-india-pushes-deeper-ties-with-eu-world-bank-and-imf-on-investment/","SELF_CANONICAL","YES",0,"THIN_CONTENT_CRAWLED_AT_RISK","YES"
"https://thesamachardaily.in/articles/india/gandak-river-level-fluctuates-below-danger-mark-amid-nepal-floods/","article",200,"index,follow","YES","https://thesamachardaily.in/articles/india/gandak-river-level-fluctuates-below-danger-mark-amid-nepal-floods/","SELF_CANONICAL","YES",0,"THIN_CONTENT_CRAWLED_AT_RISK","YES"
"https://thesamachardaily.in/articles/india/ganesh-chaturthi-sparks-debate-over-elephant-faced-deity-worship/","article",200,"index,follow","YES","https://thesamachardaily.in/articles/india/ganesh-chaturthi-sparks-debate-over-elephant-faced-deity-worship/","SELF_CANONICAL","YES",0,"THIN_CONTENT_CRAWLED_AT_RISK","YES"
"https://thesamachardaily.in/articles/india/gangster-kala-jathedi-returns-to-tihar-jail-after-sonipat-parole/","article",200,"index,follow","YES","https://thesamachardaily.in/articles/india/gangster-kala-jathedi-returns-to-tihar-jail-after-sonipat-parole/","SELF_CANONICAL","NO",0,"THIN_CONTENT_CRAWLED_AT_RISK","YES"
"https://thesamachardaily.in/articles/india/gehlot-slams-bjp-over-haldwani-purification-ritual-after-kharges-rally/","article",200,"index,follow","YES","https://thesamachardaily.in/articles/india/gehlot-slams-bjp-over-haldwani-purification-ritual-after-kharges-rally/","SELF_CANONICAL","NO",0,"THIN_CONTENT_CRAWLED_AT_RISK","YES"
"https://thesamachardaily.in/articles/india/gmdc-sets-september-30-for-63rd-agm-fy26-annual-report-released-to-shareholders/","article",200,"index,follow","YES","https://thesamachardaily.in/articles/india/gmdc-sets-september-30-for-63rd-agm-fy26-annual-report-released-to-shareholders/","SELF_CANONICAL","NO",0,"THIN_CONTENT_CRAWLED_AT_RISK","YES"
"https://thesamachardaily.in/articles/india/goa-directs-schools-to-maintain-500-metre-drug-free-zones/","article",200,"index,follow","YES","https://thesamachardaily.in/articles/india/goa-directs-schools-to-maintain-500-metre-drug-free-zones/","SELF_CANONICAL","YES",0,"THIN_CONTENT_CRAWLED_AT_RISK","YES"
"https://thesamachardaily.in/articles/india/government-says-medical-pg-cutoff-will-not-be-lowered-after-last-years-backlash/","article",200,"index,follow","YES","https://thesamachardaily.in/articles/india/government-says-medical-pg-cutoff-will-not-be-lowered-after-last-years-backlash/","SELF_CANONICAL","YES",0,"THIN_CONTENT_CRAWLED_AT_RISK","YES"
"https://thesamachardaily.in/articles/india/gujarat-cm-patel-launches-panchayat-training-calls-for-quality-development/","article",200,"index,follow","YES","https://thesamachardaily.in/articles/india/gujarat-cm-patel-launches-panchayat-training-calls-for-quality-development/","SELF_CANONICAL","NO",0,"THIN_CONTENT_CRAWLED_AT_RISK","YES"
"https://thesamachardaily.in/articles/india/gujarat-extends-ban-on-gutkha-pan-masala-for-one-more-year-starting-sept-13/","article",200,"index,follow","YES","https://thesamachardaily.in/articles/india/gujarat-extends-ban-on-gutkha-pan-masala-for-one-more-year-starting-sept-13/","SELF_CANONICAL","NO",0,"THIN_CONTENT_CRAWLED_AT_RISK","YES"
"https://thesamachardaily.in/articles/india/gujarat-youth-farmers-and-professionals-to-join-bjps-mann-ki-baat-programmes/","article",200,"index,follow","YES","https://thesamachardaily.in/articles/india/gujarat-youth-farmers-and-professionals-to-join-bjps-mann-ki-baat-programmes/","SELF_CANONICAL","YES",0,"THIN_CONTENT_CRAWLED_AT_RISK","YES"
"https://thesamachardaily.in/articles/india/gurgaon-chest-pain-patient-airlifted-to-kolkata-for-timely-heart-intervention/","article",200,"index,follow","YES","https://thesamachardaily.in/articles/india/gurgaon-chest-pain-patient-airlifted-to-kolkata-for-timely-heart-intervention/","SELF_CANONICAL","YES",0,"THIN_CONTENT_CRAWLED_AT_RISK","YES"
"https://thesamachardaily.in/articles/india/haiwaan-opens-to-tepid-response-nets-3-crore-on-day-one-despite-star-cast/","article",200,"index,follow","YES","https://thesamachardaily.in/articles/india/haiwaan-opens-to-tepid-response-nets-3-crore-on-day-one-despite-star-cast/","SELF_CANONICAL","YES",0,"THIN_CONTENT_CRAWLED_AT_RISK","YES"
"https://thesamachardaily.in/articles/india/hammer-unveils-wave-2-20w-rms-tws-speaker-with-dual-66mm-drivers-rgb-light-bluetooth/","article",200,"index,follow","YES","https://thesamachardaily.in/articles/india/hammer-unveils-wave-2-20w-rms-tws-speaker-with-dual-66mm-drivers-rgb-light-bluetooth/","SELF_CANONICAL","YES",0,"THIN_CONTENT_CRAWLED_AT_RISK","YES"
"https://thesamachardaily.in/articles/india/hc-rejects-rajoanas-private-hospital-plea-directs-eye-treatment-at-pgimer-chandigarh/","article",200,"index,follow","YES","https://thesamachardaily.in/articles/india/hc-rejects-rajoanas-private-hospital-plea-directs-eye-treatment-at-pgimer-chandigarh/","SELF_CANONICAL","YES",0,"THIN_CONTENT_CRAWLED_AT_RISK","YES"
"https://thesamachardaily.in/articles/india/health-minister-nadda-opens-advanced-bladder-and-nuclear-imaging-centres-in-delhi/","article",200,"index,follow","YES","https://thesamachardaily.in/articles/india/health-minister-nadda-opens-advanced-bladder-and-nuclear-imaging-centres-in-delhi/","SELF_CANONICAL","NO",0,"THIN_CONTENT_CRAWLED_AT_RISK","YES"
"https://thesamachardaily.in/articles/india/helen-receives-raj-kapoor-lifetime-achievement-award-for-salim-khan-in-mumbai/","article",200,"index,follow","YES","https://thesamachardaily.in/articles/india/helen-receives-raj-kapoor-lifetime-achievement-award-for-salim-khan-in-mumbai/","SELF_CANONICAL","NO",0,"THIN_CONTENT_CRAWLED_AT_RISK","YES"
"https://thesamachardaily.in/articles/india/hindi-diwas-in-mandi-showcases-student-talent-and-languages-growing-digital-role/","article",200,"index,follow","YES","https://thesamachardaily.in/articles/india/hindi-diwas-in-mandi-showcases-student-talent-and-languages-growing-digital-role/","SELF_CANONICAL","YES",0,"THIN_CONTENT_CRAWLED_AT_RISK","YES"
"https://thesamachardaily.in/articles/india/hockey-india-announces-50-lakh-cash-award-for-womens-hockey-team-on-historic-5th-plac/","article",200,"index,follow","YES","https://thesamachardaily.in/articles/india/hockey-india-announces-50-lakh-cash-award-for-womens-hockey-team-on-historic-5th-plac/","SELF_CANONICAL","YES",0,"THIN_CONTENT_CRAWLED_AT_RISK","YES"
"https://thesamachardaily.in/articles/india/hockey-world-cup-harmanpreets-brace-in-vain-as-belgium-edge-india-in-shootout-india-f/","article",200,"noindex,follow","NO","https://thesamachardaily.in/articles/india/hockey-world-cup-harmanpreets-brace-in-vain-as-belgium-edge-india-in-shootout-india-f/","SELF_CANONICAL","YES",0,"EXCLUDED_BY_NOINDEX_LOCAL","NO"
"https://thesamachardaily.in/articles/india/home-minister-amit-shah-lands-in-goa-for-twoday-visit-to-open-new-bjp-headquarters/","article",200,"index,follow","YES","https://thesamachardaily.in/articles/india/home-minister-amit-shah-lands-in-goa-for-twoday-visit-to-open-new-bjp-headquarters/","SELF_CANONICAL","YES",0,"THIN_CONTENT_CRAWLED_AT_RISK","YES"
"https://thesamachardaily.in/articles/india/hyderabad-dairy-raids-tg-safe-seizes-719-lakh-goods-halts-3-units/","article",200,"index,follow","YES","https://thesamachardaily.in/articles/india/hyderabad-dairy-raids-tg-safe-seizes-719-lakh-goods-halts-3-units/","SELF_CANONICAL","YES",0,"THIN_CONTENT_CRAWLED_AT_RISK","YES"
"https://thesamachardaily.in/articles/india/hyderabad-man-defrauded-of-rs-35-crore-in-extended-dating-app-scam/","article",200,"index,follow","YES","https://thesamachardaily.in/articles/india/hyderabad-man-defrauded-of-rs-35-crore-in-extended-dating-app-scam/","SELF_CANONICAL","YES",0,"THIN_CONTENT_CRAWLED_AT_RISK","YES"
"https://thesamachardaily.in/articles/india/hyderabad-swelters-as-monsoon-heat-spikes-power-demand-past-4000mw/","article",200,"index,follow","YES","https://thesamachardaily.in/articles/india/hyderabad-swelters-as-monsoon-heat-spikes-power-demand-past-4000mw/","SELF_CANONICAL","YES",0,"THIN_CONTENT_CRAWLED_AT_RISK","YES"
"https://thesamachardaily.in/articles/india/iaf-sarang-team-arrives-in-egypt-to-showcase-alh-dhruv-at-airshow/","article",200,"index,follow","YES","https://thesamachardaily.in/articles/india/iaf-sarang-team-arrives-in-egypt-to-showcase-alh-dhruv-at-airshow/","SELF_CANONICAL","YES",0,"THIN_CONTENT_CRAWLED_AT_RISK","YES"
"https://thesamachardaily.in/articles/india/idbi-bank-launches-braille-embosser-at-nab-india-to-boost-inclusive-education/","article",200,"index,follow","YES","https://thesamachardaily.in/articles/india/idbi-bank-launches-braille-embosser-at-nab-india-to-boost-inclusive-education/","SELF_CANONICAL","NO",0,"THIN_CONTENT_CRAWLED_AT_RISK","YES"
"https://thesamachardaily.in/articles/india/idbi-bank-services-hit-by-outage-as-users-report-app-fund-transfer-failures/","article",200,"index,follow","YES","https://thesamachardaily.in/articles/india/idbi-bank-services-hit-by-outage-as-users-report-app-fund-transfer-failures/","SELF_CANONICAL","YES",0,"THIN_CONTENT_CRAWLED_AT_RISK","YES"
"https://thesamachardaily.in/articles/india/iit-mandi-rises-to-7th-in-technical-universities-and-11th-overall-in-2026-india-today/","article",200,"index,follow","YES","https://thesamachardaily.in/articles/india/iit-mandi-rises-to-7th-in-technical-universities-and-11th-overall-in-2026-india-today/","SELF_CANONICAL","YES",0,"THIN_CONTENT_CRAWLED_AT_RISK","YES"
"https://thesamachardaily.in/articles/india/imd-flags-deep-depression-likely-over-bay-of-bengal-odisha-alert-issued/","article",200,"index,follow","YES","https://thesamachardaily.in/articles/india/imd-flags-deep-depression-likely-over-bay-of-bengal-odisha-alert-issued/","SELF_CANONICAL","YES",0,"THIN_CONTENT_CRAWLED_AT_RISK","YES"
"https://thesamachardaily.in/articles/india/imd-forecast-calls-for-light-rain-and-thunderstorms-across-karnataka-this-week/","article",200,"index,follow","YES","https://thesamachardaily.in/articles/india/imd-forecast-calls-for-light-rain-and-thunderstorms-across-karnataka-this-week/","SELF_CANONICAL","YES",0,"THIN_CONTENT_CRAWLED_AT_RISK","YES"
"https://thesamachardaily.in/articles/india/imd-rules-out-cloud-seeding-in-karnataka-citing-absence-of-cloud-density/","article",200,"index,follow","YES","https://thesamachardaily.in/articles/india/imd-rules-out-cloud-seeding-in-karnataka-citing-absence-of-cloud-density/","SELF_CANONICAL","YES",0,"THIN_CONTENT_CRAWLED_AT_RISK","YES"
"https://thesamachardaily.in/articles/india/imf-labels-india-a-key-engine-of-global-growth-after-78-q2-surge/","article",200,"noindex,follow","NO","https://thesamachardaily.in/articles/india/imf-labels-india-a-key-engine-of-global-growth-after-78-q2-surge/","SELF_CANONICAL","NO",0,"EXCLUDED_BY_NOINDEX_LOCAL","NO"
"https://thesamachardaily.in/articles/india/in-srinagar-two-protests-two-realities-bjp-marches-national-conference-stopped/","article",200,"index,follow","YES","https://thesamachardaily.in/articles/india/in-srinagar-two-protests-two-realities-bjp-marches-national-conference-stopped/","SELF_CANONICAL","YES",0,"THIN_CONTENT_CRAWLED_AT_RISK","YES"
"https://thesamachardaily.in/articles/india/india-accelerates-into-highgrowth-phase-of-global-electric-vehicle-market/","article",200,"index,follow","YES","https://thesamachardaily.in/articles/india/india-accelerates-into-highgrowth-phase-of-global-electric-vehicle-market/","SELF_CANONICAL","YES",0,"THIN_CONTENT_CRAWLED_AT_RISK","YES"
"https://thesamachardaily.in/articles/india/india-and-asean-nations-chart-scalable-agricultural-cooperation-at-summit/","article",200,"index,follow","YES","https://thesamachardaily.in/articles/india/india-and-asean-nations-chart-scalable-agricultural-cooperation-at-summit/","SELF_CANONICAL","YES",0,"THIN_CONTENT_CRAWLED_AT_RISK","YES"
"https://thesamachardaily.in/articles/india/india-dispatches-team-of-doctors-and-paramedics-to-flood-hit-nepal/","article",200,"index,follow","YES","https://thesamachardaily.in/articles/india/india-dispatches-team-of-doctors-and-paramedics-to-flood-hit-nepal/","SELF_CANONICAL","NO",0,"THIN_CONTENT_CRAWLED_AT_RISK","YES"
"https://thesamachardaily.in/articles/india/india-halves-sugar-dealer-stock-limit-to-2000-quintals-to-tackle-hoarding/","article",200,"index,follow","YES","https://thesamachardaily.in/articles/india/india-halves-sugar-dealer-stock-limit-to-2000-quintals-to-tackle-hoarding/","SELF_CANONICAL","YES",0,"THIN_CONTENT_CRAWLED_AT_RISK","YES"
"https://thesamachardaily.in/articles/india/india-hosts-2026-brics-summit-as-bloc-expands-to-11-nations-covering-47-of-world-popu/","article",200,"index,follow","YES","https://thesamachardaily.in/articles/india/india-hosts-2026-brics-summit-as-bloc-expands-to-11-nations-covering-47-of-world-popu/","SELF_CANONICAL","YES",0,"THIN_CONTENT_CRAWLED_AT_RISK","YES"
"https://thesamachardaily.in/articles/india/india-kiribati-deepen-ties-with-infrastructure-renewable-energy-and-health-initiative/","article",200,"index,follow","YES","https://thesamachardaily.in/articles/india/india-kiribati-deepen-ties-with-infrastructure-renewable-energy-and-health-initiative/","SELF_CANONICAL","YES",0,"THIN_CONTENT_CRAWLED_AT_RISK","YES"
"https://thesamachardaily.in/articles/india/india-launches-18th-brics-summit-at-new-delhis-bharat-mandapam-on-sept-12/","article",200,"index,follow","YES","https://thesamachardaily.in/articles/india/india-launches-18th-brics-summit-at-new-delhis-bharat-mandapam-on-sept-12/","SELF_CANONICAL","YES",0,"THIN_CONTENT_CRAWLED_AT_RISK","YES"
"https://thesamachardaily.in/articles/india/india-leads-swedish-business-climate-survey-tops-40-global-markets/","article",200,"index,follow","YES","https://thesamachardaily.in/articles/india/india-leads-swedish-business-climate-survey-tops-40-global-markets/","SELF_CANONICAL","YES",0,"THIN_CONTENT_CRAWLED_AT_RISK","YES"
"https://thesamachardaily.in/articles/india/india-lifts-2000-upi-fee-exemption-reopens-mdr-for-select-merchants/","article",200,"index,follow","YES","https://thesamachardaily.in/articles/india/india-lifts-2000-upi-fee-exemption-reopens-mdr-for-select-merchants/","SELF_CANONICAL","YES",0,"THIN_CONTENT_CRAWLED_AT_RISK","YES"
"https://thesamachardaily.in/articles/india/india-made-toyota-starlet-secures-4-star-safety-rating-in-gncap-crash-test/","article",200,"index,follow","YES","https://thesamachardaily.in/articles/india/india-made-toyota-starlet-secures-4-star-safety-rating-in-gncap-crash-test/","SELF_CANONICAL","YES",0,"THIN_CONTENT_CRAWLED_AT_RISK","YES"
"https://thesamachardaily.in/articles/india/india-marks-teachers-day-on-5-september-honouring-dr-sarvepalli-radhakrishnans-legacy/","article",200,"index,follow","YES","https://thesamachardaily.in/articles/india/india-marks-teachers-day-on-5-september-honouring-dr-sarvepalli-radhakrishnans-legacy/","SELF_CANONICAL","YES",0,"THIN_CONTENT_CRAWLED_AT_RISK","YES"
"https://thesamachardaily.in/articles/india/india-may-soon-put-cigarette-style-warnings-on-unhealthy-foods-heres-what-it-mea/","article",200,"index,follow","YES","https://thesamachardaily.in/articles/india/india-may-soon-put-cigarette-style-warnings-on-unhealthy-foods-heres-what-it-mea/","SELF_CANONICAL","YES",0,"THIN_CONTENT_CRAWLED_AT_RISK","YES"
"https://thesamachardaily.in/articles/india/india-must-brace-for-higher-oil-prices-amid-global-supply-tightening/","article",200,"index,follow","YES","https://thesamachardaily.in/articles/india/india-must-brace-for-higher-oil-prices-amid-global-supply-tightening/","SELF_CANONICAL","YES",0,"THIN_CONTENT_CRAWLED_AT_RISK","YES"
"https://thesamachardaily.in/articles/india/india-news-relief-as-stranded-maharashtra-citizens-return-from-flood-hit-nepal-expres/","article",200,"index,follow","YES","https://thesamachardaily.in/articles/india/india-news-relief-as-stranded-maharashtra-citizens-return-from-flood-hit-nepal-expres/","SELF_CANONICAL","NO",0,"THIN_CONTENT_CRAWLED_AT_RISK","YES"
"https://thesamachardaily.in/articles/india/india-pushes-for-shared-brics-satellite-network-at-2026-summit/","article",200,"index,follow","YES","https://thesamachardaily.in/articles/india/india-pushes-for-shared-brics-satellite-network-at-2026-summit/","SELF_CANONICAL","YES",0,"THIN_CONTENT_CRAWLED_AT_RISK","YES"
"https://thesamachardaily.in/articles/india/india-qatar-hold-talks-in-doha-as-new-envoy-srikar-reddy-presents-credentials/","article",200,"index,follow","YES","https://thesamachardaily.in/articles/india/india-qatar-hold-talks-in-doha-as-new-envoy-srikar-reddy-presents-credentials/","SELF_CANONICAL","YES",0,"THIN_CONTENT_CRAWLED_AT_RISK","YES"
"https://thesamachardaily.in/articles/india/india-rejects-hague-court-verdict-on-indus-water-treaty-citing-sovereignty/","article",200,"index,follow","YES","https://thesamachardaily.in/articles/india/india-rejects-hague-court-verdict-on-indus-water-treaty-citing-sovereignty/","SELF_CANONICAL","YES",0,"THIN_CONTENT_CRAWLED_AT_RISK","YES"
"https://thesamachardaily.in/articles/india/india-rejects-permanent-court-of-arbitration-ruling-on-indus-waters-treaty-as-illegal/","article",200,"index,follow","YES","https://thesamachardaily.in/articles/india/india-rejects-permanent-court-of-arbitration-ruling-on-indus-waters-treaty-as-illegal/","SELF_CANONICAL","YES",0,"THIN_CONTENT_CRAWLED_AT_RISK","YES"
"https://thesamachardaily.in/articles/india/india-renegotiates-mauritius-singapore-cyprus-treaties-to-reclaim-capital-gains-tax/","article",200,"index,follow","YES","https://thesamachardaily.in/articles/india/india-renegotiates-mauritius-singapore-cyprus-treaties-to-reclaim-capital-gains-tax/","SELF_CANONICAL","YES",0,"THIN_CONTENT_CRAWLED_AT_RISK","YES"
"https://thesamachardaily.in/articles/india/india-u-19-defeats-australia-by-7-runs-in-rain-affected-thriller-at-rajkot/","article",200,"index,follow","YES","https://thesamachardaily.in/articles/india/india-u-19-defeats-australia-by-7-runs-in-rain-affected-thriller-at-rajkot/","SELF_CANONICAL","YES",0,"THIN_CONTENT_CRAWLED_AT_RISK","YES"
"https://thesamachardaily.in/articles/india/india-us-china-malaysia-among-35-countries-whose-citizens-are-missing-in-nepal-f/","article",200,"index,follow","YES","https://thesamachardaily.in/articles/india/india-us-china-malaysia-among-35-countries-whose-citizens-are-missing-in-nepal-f/","SELF_CANONICAL","YES",0,"THIN_CONTENT_CRAWLED_AT_RISK","YES"
"https://thesamachardaily.in/articles/india/india-us-yudh-abhyas-2026-kicks-off-with-joint-drills-and-indigenous-rampur-hounds/","article",200,"index,follow","YES","https://thesamachardaily.in/articles/india/india-us-yudh-abhyas-2026-kicks-off-with-joint-drills-and-indigenous-rampur-hounds/","SELF_CANONICAL","NO",0,"THIN_CONTENT_CRAWLED_AT_RISK","YES"
"https://thesamachardaily.in/articles/india/india-uzbekistan-elevate-ties-to-comprehensive-strategic-partnership-set-5-billion-tr/","article",200,"index,follow","YES","https://thesamachardaily.in/articles/india/india-uzbekistan-elevate-ties-to-comprehensive-strategic-partnership-set-5-billion-tr/","SELF_CANONICAL","YES",0,"THIN_CONTENT_CRAWLED_AT_RISK","YES"
"https://thesamachardaily.in/articles/india/india-wants-eyes-everywhere-building-a-surveillance-shield-from-border-to-space/","article",200,"index,follow","YES","https://thesamachardaily.in/articles/india/india-wants-eyes-everywhere-building-a-surveillance-shield-from-border-to-space/","SELF_CANONICAL","YES",0,"THIN_CONTENT_CRAWLED_AT_RISK","YES"
"https://thesamachardaily.in/articles/india/india-womens-hockey-coach-credits-world-cup-for-boosting-confidence-ahead-of-asian-ga/","article",200,"index,follow","YES","https://thesamachardaily.in/articles/india/india-womens-hockey-coach-credits-world-cup-for-boosting-confidence-ahead-of-asian-ga/","SELF_CANONICAL","YES",0,"THIN_CONTENT_CRAWLED_AT_RISK","YES"
"https://thesamachardaily.in/articles/india/indian-airports-to-drop-boardingpass-stamps-for-international-departures-from-septemb/","article",200,"index,follow","YES","https://thesamachardaily.in/articles/india/indian-airports-to-drop-boardingpass-stamps-for-international-departures-from-septemb/","SELF_CANONICAL","YES",0,"THIN_CONTENT_CRAWLED_AT_RISK","YES"
"https://thesamachardaily.in/articles/india/indian-consul-in-shanghai-praises-peking-scholars-leads-tagore-bust-cleaning/","article",200,"index,follow","YES","https://thesamachardaily.in/articles/india/indian-consul-in-shanghai-praises-peking-scholars-leads-tagore-bust-cleaning/","SELF_CANONICAL","NO",0,"THIN_CONTENT_CRAWLED_AT_RISK","YES"
"https://thesamachardaily.in/articles/india/indian-national-indicted-in-us-for-falsely-claiming-citizenship-to-vote/","article",200,"noindex,follow","NO","https://thesamachardaily.in/articles/india/indian-national-indicted-in-us-for-falsely-claiming-citizenship-to-vote/","SELF_CANONICAL","YES",0,"EXCLUDED_BY_NOINDEX_LOCAL","NO"
"https://thesamachardaily.in/articles/india/indian-origin-anila-baby-arrested-in-california-for-murders-of-two-malayali-friends/","article",200,"index,follow","YES","https://thesamachardaily.in/articles/india/indian-origin-anila-baby-arrested-in-california-for-murders-of-two-malayali-friends/","SELF_CANONICAL","NO",0,"THIN_CONTENT_CRAWLED_AT_RISK","YES"
"https://thesamachardaily.in/articles/india/indian-parents-turn-to-vedic-scriptures-for-distinctive-baby-boy-names/","article",200,"index,follow","YES","https://thesamachardaily.in/articles/india/indian-parents-turn-to-vedic-scriptures-for-distinctive-baby-boy-names/","SELF_CANONICAL","YES",0,"THIN_CONTENT_CRAWLED_AT_RISK","YES"
"https://thesamachardaily.in/articles/india/indian-startup-detectifai-develops-live-call-detection-system-to-fight-ai-voice-/","article",200,"index,follow","YES","https://thesamachardaily.in/articles/india/indian-startup-detectifai-develops-live-call-detection-system-to-fight-ai-voice-/","SELF_CANONICAL","NO",0,"THIN_CONTENT_CRAWLED_AT_RISK","YES"
"https://thesamachardaily.in/articles/india/indian-super-league-2026-27-kicks-off-oct-10-with-163-matches-across-13-teams/","article",200,"index,follow","YES","https://thesamachardaily.in/articles/india/indian-super-league-2026-27-kicks-off-oct-10-with-163-matches-across-13-teams/","SELF_CANONICAL","YES",0,"THIN_CONTENT_CRAWLED_AT_RISK","YES"
"https://thesamachardaily.in/articles/india/indias-area-under-pulses-acreage-tops-last-years-level/","article",200,"index,follow","YES","https://thesamachardaily.in/articles/india/indias-area-under-pulses-acreage-tops-last-years-level/","SELF_CANONICAL","YES",0,"THIN_CONTENT_CRAWLED_AT_RISK","YES"
"https://thesamachardaily.in/articles/india/indias-biggest-sustainability-exhibition-the-dhurthi-coll-to-showcase-green-innovatio/","article",200,"index,follow","YES","https://thesamachardaily.in/articles/india/indias-biggest-sustainability-exhibition-the-dhurthi-coll-to-showcase-green-innovatio/","SELF_CANONICAL","YES",0,"THIN_CONTENT_CRAWLED_AT_RISK","YES"
"https://thesamachardaily.in/articles/india/indias-directtax-buoyancy-holds-above-1-for-third-year-at-139-in-fy202425/","article",200,"index,follow","YES","https://thesamachardaily.in/articles/india/indias-directtax-buoyancy-holds-above-1-for-third-year-at-139-in-fy202425/","SELF_CANONICAL","NO",0,"THIN_CONTENT_CRAWLED_AT_RISK","YES"
"https://thesamachardaily.in/articles/india/indias-electricity-share-could-reach-up-to-half-of-energy-mix-by-2047-report-says/","article",200,"index,follow","YES","https://thesamachardaily.in/articles/india/indias-electricity-share-could-reach-up-to-half-of-energy-mix-by-2047-report-says/","SELF_CANONICAL","YES",0,"THIN_CONTENT_CRAWLED_AT_RISK","YES"
"https://thesamachardaily.in/articles/india/indias-fighter-jet-engine-quest-stalls-after-four-decades/","article",200,"index,follow","YES","https://thesamachardaily.in/articles/india/indias-fighter-jet-engine-quest-stalls-after-four-decades/","SELF_CANONICAL","YES",0,"THIN_CONTENT_CRAWLED_AT_RISK","YES"
"https://thesamachardaily.in/articles/india/indias-stateowned-refineries-face-supply-uncertainty-amid-middle-east-disruptions/","article",200,"index,follow","YES","https://thesamachardaily.in/articles/india/indias-stateowned-refineries-face-supply-uncertainty-amid-middle-east-disruptions/","SELF_CANONICAL","YES",0,"THIN_CONTENT_CRAWLED_AT_RISK","YES"
"https://thesamachardaily.in/articles/india/indonesian-president-prabowo-subianto-lands-in-new-delhi-for-18th-brics-summit/","article",200,"noindex,follow","NO","https://thesamachardaily.in/articles/india/indonesian-president-prabowo-subianto-lands-in-new-delhi-for-18th-brics-summit/","SELF_CANONICAL","NO",0,"EXCLUDED_BY_NOINDEX_LOCAL","NO"
"https://thesamachardaily.in/articles/india/influencer-who-made-20-lakh-in-august-2026-pleads-for-followers-amid-decline/","article",200,"index,follow","YES","https://thesamachardaily.in/articles/india/influencer-who-made-20-lakh-in-august-2026-pleads-for-followers-amid-decline/","SELF_CANONICAL","YES",0,"THIN_CONTENT_CRAWLED_AT_RISK","YES"
"https://thesamachardaily.in/articles/india/ipl-gc-elections-dhumal-majumdar-likely-to-be-re-elected-unopposed/","article",200,"index,follow","YES","https://thesamachardaily.in/articles/india/ipl-gc-elections-dhumal-majumdar-likely-to-be-re-elected-unopposed/","SELF_CANONICAL","YES",0,"THIN_CONTENT_CRAWLED_AT_RISK","YES"
"https://thesamachardaily.in/articles/india/isl-appoints-karan-yadav-as-ceo-ushering-in-clubled-governance-model/","article",200,"index,follow","YES","https://thesamachardaily.in/articles/india/isl-appoints-karan-yadav-as-ceo-ushering-in-clubled-governance-model/","SELF_CANONICAL","NO",0,"THIN_CONTENT_CRAWLED_AT_RISK","YES"
"https://thesamachardaily.in/articles/india/isro-chief-confirms-gslv-f17-success-vows-six-more-launches-this-fiscal-year/","article",200,"index,follow","YES","https://thesamachardaily.in/articles/india/isro-chief-confirms-gslv-f17-success-vows-six-more-launches-this-fiscal-year/","SELF_CANONICAL","YES",0,"THIN_CONTENT_CRAWLED_AT_RISK","YES"
"https://thesamachardaily.in/articles/india/isro-launches-eos-05-on-gslv-f17-expanding-geosynchronous-earthobservation-capability/","article",200,"index,follow","YES","https://thesamachardaily.in/articles/india/isro-launches-eos-05-on-gslv-f17-expanding-geosynchronous-earthobservation-capability/","SELF_CANONICAL","YES",0,"THIN_CONTENT_CRAWLED_AT_RISK","YES"
"https://thesamachardaily.in/articles/india/isro-reaffirms-public-mandate-rules-out-privatization-amid-privatesector-surge/","article",200,"index,follow","YES","https://thesamachardaily.in/articles/india/isro-reaffirms-public-mandate-rules-out-privatization-amid-privatesector-surge/","SELF_CANONICAL","YES",0,"THIN_CONTENT_CRAWLED_AT_RISK","YES"
"https://thesamachardaily.in/articles/india/jackie-shroff-marks-39-years-of-mahesh-bhatts-drama-kaash-with-nostalgic-homage/","article",200,"index,follow","YES","https://thesamachardaily.in/articles/india/jackie-shroff-marks-39-years-of-mahesh-bhatts-drama-kaash-with-nostalgic-homage/","SELF_CANONICAL","YES",0,"THIN_CONTENT_CRAWLED_AT_RISK","YES"
"https://thesamachardaily.in/articles/india/jagan-mohan-reddy-tells-chandrababu-naidu-to-end-dramas-over-polavaram-project/","article",200,"index,follow","YES","https://thesamachardaily.in/articles/india/jagan-mohan-reddy-tells-chandrababu-naidu-to-end-dramas-over-polavaram-project/","SELF_CANONICAL","YES",0,"THIN_CONTENT_CRAWLED_AT_RISK","YES"
"https://thesamachardaily.in/articles/india/jai-ram-assures-taxi-operators-fast-ends/","article",200,"index,follow","YES","https://thesamachardaily.in/articles/india/jai-ram-assures-taxi-operators-fast-ends/","SELF_CANONICAL","YES",0,"THIN_CONTENT_CRAWLED_AT_RISK","YES"
"https://thesamachardaily.in/articles/india/janmashtami-2026-indian-fashion-guides-embrace-traditional-elegance-for-festive-celeb/","article",200,"index,follow","YES","https://thesamachardaily.in/articles/india/janmashtami-2026-indian-fashion-guides-embrace-traditional-elegance-for-festive-celeb/","SELF_CANONICAL","YES",0,"THIN_CONTENT_CRAWLED_AT_RISK","YES"
"https://thesamachardaily.in/articles/india/joint-meeting-with-hamali-unions-soon-on-wage-hike/","article",200,"index,follow","YES","https://thesamachardaily.in/articles/india/joint-meeting-with-hamali-unions-soon-on-wage-hike/","SELF_CANONICAL","YES",0,"THIN_CONTENT_CRAWLED_AT_RISK","YES"
"https://thesamachardaily.in/articles/india/judiciary-proactively-tackling-digital-arrest-scams-cji-surya-kant/","article",200,"index,follow","YES","https://thesamachardaily.in/articles/india/judiciary-proactively-tackling-digital-arrest-scams-cji-surya-kant/","SELF_CANONICAL","YES",0,"THIN_CONTENT_CRAWLED_AT_RISK","YES"
"https://thesamachardaily.in/articles/india/kangana-ranaut-opens-up-about-grandmother-kamlas-ageing-calls-life-hard/","article",200,"index,follow","YES","https://thesamachardaily.in/articles/india/kangana-ranaut-opens-up-about-grandmother-kamlas-ageing-calls-life-hard/","SELF_CANONICAL","NO",0,"THIN_CONTENT_CRAWLED_AT_RISK","YES"
"https://thesamachardaily.in/articles/india/kareena-kapoor-praises-gulzars-lyrics-for-intense-impact-in-new-song-sach-ka-daayra/","article",200,"index,follow","YES","https://thesamachardaily.in/articles/india/kareena-kapoor-praises-gulzars-lyrics-for-intense-impact-in-new-song-sach-ka-daayra/","SELF_CANONICAL","YES",0,"THIN_CONTENT_CRAWLED_AT_RISK","YES"
"https://thesamachardaily.in/articles/india/karnataka-cm-dk-shivakumar-targets-bjp-stronghold-in-coastal-karnataka-ahead-of-2028/","article",200,"index,follow","YES","https://thesamachardaily.in/articles/india/karnataka-cm-dk-shivakumar-targets-bjp-stronghold-in-coastal-karnataka-ahead-of-2028/","SELF_CANONICAL","NO",0,"THIN_CONTENT_CRAWLED_AT_RISK","YES"
"https://thesamachardaily.in/articles/india/karnataka-cm-pushes-lidar-survey-to-map-western-ghats-opposes-kasturirangan-esa-draft/","article",200,"index,follow","YES","https://thesamachardaily.in/articles/india/karnataka-cm-pushes-lidar-survey-to-map-western-ghats-opposes-kasturirangan-esa-draft/","SELF_CANONICAL","NO",0,"THIN_CONTENT_CRAWLED_AT_RISK","YES"
"https://thesamachardaily.in/articles/india/karnataka-expands-urban-self-harm-study-to-37-government-hospitals/","article",200,"index,follow","YES","https://thesamachardaily.in/articles/india/karnataka-expands-urban-self-harm-study-to-37-government-hospitals/","SELF_CANONICAL","NO",0,"THIN_CONTENT_CRAWLED_AT_RISK","YES"
"https://thesamachardaily.in/articles/india/karnataka-high-court-sda-recruitment-2026-deadline-hits-today-20-posts-open/","article",200,"index,follow","YES","https://thesamachardaily.in/articles/india/karnataka-high-court-sda-recruitment-2026-deadline-hits-today-20-posts-open/","SELF_CANONICAL","NO",0,"THIN_CONTENT_CRAWLED_AT_RISK","YES"
"https://thesamachardaily.in/articles/india/karnataka-man-rides-twowheeler-with-six-kids-five-in-metal-basket-video-sparks-outrag/","article",200,"index,follow","YES","https://thesamachardaily.in/articles/india/karnataka-man-rides-twowheeler-with-six-kids-five-in-metal-basket-video-sparks-outrag/","SELF_CANONICAL","NO",0,"THIN_CONTENT_CRAWLED_AT_RISK","YES"
"https://thesamachardaily.in/articles/india/karnataka-minister-mallikarjun-catches-bjp-mla-harish-in-oncamera-slipper-insult/","article",200,"index,follow","YES","https://thesamachardaily.in/articles/india/karnataka-minister-mallikarjun-catches-bjp-mla-harish-in-oncamera-slipper-insult/","SELF_CANONICAL","NO",0,"THIN_CONTENT_CRAWLED_AT_RISK","YES"
"https://thesamachardaily.in/articles/india/karnataka-sit-raids-ten-sites-in-six-states-over-dodderi-fake-drug-ring/","article",200,"index,follow","YES","https://thesamachardaily.in/articles/india/karnataka-sit-raids-ten-sites-in-six-states-over-dodderi-fake-drug-ring/","SELF_CANONICAL","NO",0,"THIN_CONTENT_CRAWLED_AT_RISK","YES"
"https://thesamachardaily.in/articles/india/karnataka-to-revive-student-union-elections-without-caste-quota-adds-womenreserved-se/","article",200,"index,follow","YES","https://thesamachardaily.in/articles/india/karnataka-to-revive-student-union-elections-without-caste-quota-adds-womenreserved-se/","SELF_CANONICAL","YES",0,"THIN_CONTENT_CRAWLED_AT_RISK","YES"
"https://thesamachardaily.in/articles/india/karnataka-tourisms-success-at-ktm-cochin-2024/","article",200,"index,follow","YES","https://thesamachardaily.in/articles/india/karnataka-tourisms-success-at-ktm-cochin-2024/","SELF_CANONICAL","YES",0,"THIN_CONTENT_CRAWLED_AT_RISK","YES"
"https://thesamachardaily.in/articles/india/kartik-aaryan-unveils-captain-india-first-look-departs-for-london-shoot/","article",200,"index,follow","YES","https://thesamachardaily.in/articles/india/kartik-aaryan-unveils-captain-india-first-look-departs-for-london-shoot/","SELF_CANONICAL","YES",0,"THIN_CONTENT_CRAWLED_AT_RISK","YES"
"https://thesamachardaily.in/articles/india/kashmir-may-see-warmer-milder-winter-as-la-nia-influence-grows-experts-warn/","article",200,"index,follow","YES","https://thesamachardaily.in/articles/india/kashmir-may-see-warmer-milder-winter-as-la-nia-influence-grows-experts-warn/","SELF_CANONICAL","YES",0,"THIN_CONTENT_CRAWLED_AT_RISK","YES"
"https://thesamachardaily.in/articles/india/kathmandu-india-sends-relief-assistance-to-flood-hit-nepal-gallery/","article",200,"index,follow","YES","https://thesamachardaily.in/articles/india/kathmandu-india-sends-relief-assistance-to-flood-hit-nepal-gallery/","SELF_CANONICAL","YES",0,"THIN_CONTENT_CRAWLED_AT_RISK","YES"
"https://thesamachardaily.in/articles/india/keerthy-suresh-flaunts-tamilkerala-pride-at-tiff-2026-highlighting-south-indian-grand/","article",200,"index,follow","YES","https://thesamachardaily.in/articles/india/keerthy-suresh-flaunts-tamilkerala-pride-at-tiff-2026-highlighting-south-indian-grand/","SELF_CANONICAL","NO",0,"THIN_CONTENT_CRAWLED_AT_RISK","YES"
"https://thesamachardaily.in/articles/india/kerala-high-court-approves-extension-of-tdb-vigilance-officers-tenure-to-jan-2027/","article",200,"index,follow","YES","https://thesamachardaily.in/articles/india/kerala-high-court-approves-extension-of-tdb-vigilance-officers-tenure-to-jan-2027/","SELF_CANONICAL","NO",0,"THIN_CONTENT_CRAWLED_AT_RISK","YES"
"https://thesamachardaily.in/articles/india/kerala-high-court-hears-et-firozs-challenge-to-recovery-officer-and-drti/","article",200,"noindex,follow","NO","https://thesamachardaily.in/articles/india/kerala-high-court-hears-et-firozs-challenge-to-recovery-officer-and-drti/","SELF_CANONICAL","NO",0,"EXCLUDED_BY_NOINDEX_LOCAL","NO"
"https://thesamachardaily.in/articles/india/kerala-high-court-rules-brothel-customers-can-be-prosecuted-under-immoral-traffic-act/","article",200,"index,follow","YES","https://thesamachardaily.in/articles/india/kerala-high-court-rules-brothel-customers-can-be-prosecuted-under-immoral-traffic-act/","SELF_CANONICAL","YES",0,"THIN_CONTENT_CRAWLED_AT_RISK","YES"
"https://thesamachardaily.in/articles/india/kerala-leader-of-opposition-vijayan-says-ed-move-targets-cpi-m-not-him/","article",200,"index,follow","YES","https://thesamachardaily.in/articles/india/kerala-leader-of-opposition-vijayan-says-ed-move-targets-cpi-m-not-him/","SELF_CANONICAL","YES",0,"THIN_CONTENT_CRAWLED_AT_RISK","YES"
"https://thesamachardaily.in/articles/india/kerala-mulls-dedicated-tourism-and-hospitality-university-to-upskill-sector/","article",200,"index,follow","YES","https://thesamachardaily.in/articles/india/kerala-mulls-dedicated-tourism-and-hospitality-university-to-upskill-sector/","SELF_CANONICAL","YES",0,"THIN_CONTENT_CRAWLED_AT_RISK","YES"
"https://thesamachardaily.in/articles/india/kidnapped-boy-sold-for-rs-10000-rescued-after-4-years-forced-labour/","article",200,"index,follow","YES","https://thesamachardaily.in/articles/india/kidnapped-boy-sold-for-rs-10000-rescued-after-4-years-forced-labour/","SELF_CANONICAL","YES",0,"THIN_CONTENT_CRAWLED_AT_RISK","YES"
"https://thesamachardaily.in/articles/india/kiren-rijiju-to-lead-indian-delegation-at-65th-anniversary-of-nam-summit-in-belgrade/","article",200,"index,follow","YES","https://thesamachardaily.in/articles/india/kiren-rijiju-to-lead-indian-delegation-at-65th-anniversary-of-nam-summit-in-belgrade/","SELF_CANONICAL","NO",0,"THIN_CONTENT_CRAWLED_AT_RISK","YES"
"https://thesamachardaily.in/articles/india/kpsc-scam-karnataka-minister-priyank-kharge-offers-to-quit-politics-if-evidence-surfa/","article",200,"index,follow","YES","https://thesamachardaily.in/articles/india/kpsc-scam-karnataka-minister-priyank-kharge-offers-to-quit-politics-if-evidence-surfa/","SELF_CANONICAL","YES",0,"THIN_CONTENT_CRAWLED_AT_RISK","YES"
"https://thesamachardaily.in/articles/india/krishna-basin-dams-benefit-most-from-maharashtra-rains/","article",200,"noindex,follow","NO","https://thesamachardaily.in/articles/india/krishna-basin-dams-benefit-most-from-maharashtra-rains/","SELF_CANONICAL","YES",0,"EXCLUDED_BY_NOINDEX_LOCAL","NO"
"https://thesamachardaily.in/articles/india/kumaraswamy-says-vokkaliga-loyalty-to-deve-gowda-unchanged-not-for-shivakumar/","article",200,"index,follow","YES","https://thesamachardaily.in/articles/india/kumaraswamy-says-vokkaliga-loyalty-to-deve-gowda-unchanged-not-for-shivakumar/","SELF_CANONICAL","YES",0,"THIN_CONTENT_CRAWLED_AT_RISK","YES"
"https://thesamachardaily.in/articles/india/ladakh-groups-decry-mha-meeting-as-draft-for-elected-ut-body-remains-absent/","article",200,"index,follow","YES","https://thesamachardaily.in/articles/india/ladakh-groups-decry-mha-meeting-as-draft-for-elected-ut-body-remains-absent/","SELF_CANONICAL","NO",0,"THIN_CONTENT_CRAWLED_AT_RISK","YES"
"https://thesamachardaily.in/articles/india/lg-sinha-announces-rs-48-cr-for-purmandal-uttervehini-heritage-restoration/","article",200,"index,follow","YES","https://thesamachardaily.in/articles/india/lg-sinha-announces-rs-48-cr-for-purmandal-uttervehini-heritage-restoration/","SELF_CANONICAL","NO",0,"THIN_CONTENT_CRAWLED_AT_RISK","YES"
"https://thesamachardaily.in/articles/india/looking-to-advance-indias-vision-for-region-free-from-terror-pm-ahead-of-sco-summit/","article",200,"index,follow","YES","https://thesamachardaily.in/articles/india/looking-to-advance-indias-vision-for-region-free-from-terror-pm-ahead-of-sco-summit/","SELF_CANONICAL","YES",0,"THIN_CONTENT_CRAWLED_AT_RISK","YES"
"https://thesamachardaily.in/articles/india/maharashtra-exam-date-shift-upends-careers-marriages-finances/","article",200,"index,follow","YES","https://thesamachardaily.in/articles/india/maharashtra-exam-date-shift-upends-careers-marriages-finances/","SELF_CANONICAL","YES",0,"THIN_CONTENT_CRAWLED_AT_RISK","YES"
"https://thesamachardaily.in/articles/india/maharashtra-fda-suspends-licences-of-railway-caterer-shuts-20-outlets-over-safety-bre/","article",200,"index,follow","YES","https://thesamachardaily.in/articles/india/maharashtra-fda-suspends-licences-of-railway-caterer-shuts-20-outlets-over-safety-bre/","SELF_CANONICAL","NO",0,"THIN_CONTENT_CRAWLED_AT_RISK","YES"
"https://thesamachardaily.in/articles/india/maharashtra-fda-suspends-olympia-coffee-house-licence-over-hygiene-violations/","article",200,"index,follow","YES","https://thesamachardaily.in/articles/india/maharashtra-fda-suspends-olympia-coffee-house-licence-over-hygiene-violations/","SELF_CANONICAL","NO",0,"THIN_CONTENT_CRAWLED_AT_RISK","YES"
"https://thesamachardaily.in/articles/india/maharashtra-teachers-protest-shift-of-mid-day-meal-liability-to-principals/","article",200,"index,follow","YES","https://thesamachardaily.in/articles/india/maharashtra-teachers-protest-shift-of-mid-day-meal-liability-to-principals/","SELF_CANONICAL","YES",0,"THIN_CONTENT_CRAWLED_AT_RISK","YES"
"https://thesamachardaily.in/articles/india/mahindra-to-unveil-facelifted-thar-suv-tomorrow-sep-22-2026/","article",200,"index,follow","YES","https://thesamachardaily.in/articles/india/mahindra-to-unveil-facelifted-thar-suv-tomorrow-sep-22-2026/","SELF_CANONICAL","NO",0,"THIN_CONTENT_CRAWLED_AT_RISK","YES"
"https://thesamachardaily.in/articles/india/malaysia-pm-anwar-ibrahim-sings-kishore-kumar-classic-at-delhi-brics-gala/","article",200,"index,follow","YES","https://thesamachardaily.in/articles/india/malaysia-pm-anwar-ibrahim-sings-kishore-kumar-classic-at-delhi-brics-gala/","SELF_CANONICAL","NO",0,"THIN_CONTENT_CRAWLED_AT_RISK","YES"
"https://thesamachardaily.in/articles/india/mamata-banerjees-niece-found-dead-in-birbhum-police-treat-as-suicide/","article",200,"index,follow","YES","https://thesamachardaily.in/articles/india/mamata-banerjees-niece-found-dead-in-birbhum-police-treat-as-suicide/","SELF_CANONICAL","YES",0,"THIN_CONTENT_CRAWLED_AT_RISK","YES"
"https://thesamachardaily.in/articles/india/manjeet-kaurs-final-video-shows-they-set-me-on-fire-first-arrest-made/","article",200,"index,follow","YES","https://thesamachardaily.in/articles/india/manjeet-kaurs-final-video-shows-they-set-me-on-fire-first-arrest-made/","SELF_CANONICAL","NO",0,"THIN_CONTENT_CRAWLED_AT_RISK","YES"
"https://thesamachardaily.in/articles/india/marble-inlay-silk-and-mahabharata-pm-modis-cultural-gifts-to-sco-leaders-in-central-a/","article",200,"index,follow","YES","https://thesamachardaily.in/articles/india/marble-inlay-silk-and-mahabharata-pm-modis-cultural-gifts-to-sco-leaders-in-central-a/","SELF_CANONICAL","YES",0,"THIN_CONTENT_CRAWLED_AT_RISK","YES"
"https://thesamachardaily.in/articles/india/maruti-suzuki-launches-baleno-facelift-in-india-at-rs-610-lakh-ex-showroom/","article",200,"index,follow","YES","https://thesamachardaily.in/articles/india/maruti-suzuki-launches-baleno-facelift-in-india-at-rs-610-lakh-ex-showroom/","SELF_CANONICAL","YES",0,"THIN_CONTENT_CRAWLED_AT_RISK","YES"
"https://thesamachardaily.in/articles/india/mayawati-tells-nephew-ashok-siddharth-to-quit-politics-as-akash-anand-eyes-major-bsp/","article",200,"index,follow","YES","https://thesamachardaily.in/articles/india/mayawati-tells-nephew-ashok-siddharth-to-quit-politics-as-akash-anand-eyes-major-bsp/","SELF_CANONICAL","NO",0,"THIN_CONTENT_CRAWLED_AT_RISK","YES"
"https://thesamachardaily.in/articles/india/mazda-art-festival-showcases-indias-rich-and-varied-artistic-diversity/","article",200,"index,follow","YES","https://thesamachardaily.in/articles/india/mazda-art-festival-showcases-indias-rich-and-varied-artistic-diversity/","SELF_CANONICAL","YES",0,"THIN_CONTENT_CRAWLED_AT_RISK","YES"
"https://thesamachardaily.in/articles/india/mecl-signs-mou-with-nbcc-to-renovate-and-upgrade-nagpur-corporate-headquarters/","article",200,"index,follow","YES","https://thesamachardaily.in/articles/india/mecl-signs-mou-with-nbcc-to-renovate-and-upgrade-nagpur-corporate-headquarters/","SELF_CANONICAL","NO",0,"THIN_CONTENT_CRAWLED_AT_RISK","YES"
"https://thesamachardaily.in/articles/india/meenakshi-seshadri-walks-down-memory-lane-revives-meri-jung-classic-on-mumbai-shore/","article",200,"index,follow","YES","https://thesamachardaily.in/articles/india/meenakshi-seshadri-walks-down-memory-lane-revives-meri-jung-classic-on-mumbai-shore/","SELF_CANONICAL","YES",0,"THIN_CONTENT_CRAWLED_AT_RISK","YES"
"https://thesamachardaily.in/articles/india/meta-india-faces-ncpcr-scrutiny-over-alleged-childsafety-ads/","article",200,"index,follow","YES","https://thesamachardaily.in/articles/india/meta-india-faces-ncpcr-scrutiny-over-alleged-childsafety-ads/","SELF_CANONICAL","NO",0,"THIN_CONTENT_CRAWLED_AT_RISK","YES"
"https://thesamachardaily.in/articles/india/mgl-hikes-mumbai-cng-price-to-rs-88kg-png-up-rs-1-from-sept-1/","article",200,"index,follow","YES","https://thesamachardaily.in/articles/india/mgl-hikes-mumbai-cng-price-to-rs-88kg-png-up-rs-1-from-sept-1/","SELF_CANONICAL","YES",0,"THIN_CONTENT_CRAWLED_AT_RISK","YES"
"https://thesamachardaily.in/articles/india/mild-lathicharge-near-punjab-cm-manns-bathinda-event-as-teachers-protest-breaches-bar/","article",200,"index,follow","YES","https://thesamachardaily.in/articles/india/mild-lathicharge-near-punjab-cm-manns-bathinda-event-as-teachers-protest-breaches-bar/","SELF_CANONICAL","YES",0,"THIN_CONTENT_CRAWLED_AT_RISK","YES"
"https://thesamachardaily.in/articles/india/mirzapur-the-movie-soundtrack-pioneers-universals-hear-it-first-model/","article",200,"index,follow","YES","https://thesamachardaily.in/articles/india/mirzapur-the-movie-soundtrack-pioneers-universals-hear-it-first-model/","SELF_CANONICAL","YES",0,"THIN_CONTENT_CRAWLED_AT_RISK","YES"
"https://thesamachardaily.in/articles/india/mitra-unveils-seven-rm5976-million-initiatives-to-boost-indian-community-empowerment/","article",200,"index,follow","YES","https://thesamachardaily.in/articles/india/mitra-unveils-seven-rm5976-million-initiatives-to-boost-indian-community-empowerment/","SELF_CANONICAL","YES",0,"THIN_CONTENT_CRAWLED_AT_RISK","YES"
"https://thesamachardaily.in/articles/india/mmrta-lifts-mumbai-auto-and-taxi-fares-by-1-and-2-after-18-months/","article",200,"index,follow","YES","https://thesamachardaily.in/articles/india/mmrta-lifts-mumbai-auto-and-taxi-fares-by-1-and-2-after-18-months/","SELF_CANONICAL","YES",0,"THIN_CONTENT_CRAWLED_AT_RISK","YES"
"https://thesamachardaily.in/articles/india/mngl-taps-9-lakh-pune-homes-launches-drive-to-activate-connections-by-september-end/","article",200,"index,follow","YES","https://thesamachardaily.in/articles/india/mngl-taps-9-lakh-pune-homes-launches-drive-to-activate-connections-by-september-end/","SELF_CANONICAL","YES",0,"THIN_CONTENT_CRAWLED_AT_RISK","YES"
"https://thesamachardaily.in/articles/india/modi-and-putin-ride-together-to-world-nomad-games-underscoring-indiarussia-car-diplom/","article",200,"index,follow","YES","https://thesamachardaily.in/articles/india/modi-and-putin-ride-together-to-world-nomad-games-underscoring-indiarussia-car-diplom/","SELF_CANONICAL","NO",0,"THIN_CONTENT_CRAWLED_AT_RISK","YES"
"https://thesamachardaily.in/articles/india/modi-calls-on-brics-business-council-to-cut-trade-barriers-boost-startups/","article",200,"index,follow","YES","https://thesamachardaily.in/articles/india/modi-calls-on-brics-business-council-to-cut-trade-barriers-boost-startups/","SELF_CANONICAL","NO",0,"THIN_CONTENT_CRAWLED_AT_RISK","YES"
"https://thesamachardaily.in/articles/india/modi-greets-brics-leaders-against-rameswaram-temple-corridor-at-delhi-summit/","article",200,"index,follow","YES","https://thesamachardaily.in/articles/india/modi-greets-brics-leaders-against-rameswaram-temple-corridor-at-delhi-summit/","SELF_CANONICAL","YES",0,"THIN_CONTENT_CRAWLED_AT_RISK","YES"
"https://thesamachardaily.in/articles/india/modi-greets-ethiopias-abiy-ahmed-at-new-delhis-bharat-mandapam-during-brics-2026/","article",200,"index,follow","YES","https://thesamachardaily.in/articles/india/modi-greets-ethiopias-abiy-ahmed-at-new-delhis-bharat-mandapam-during-brics-2026/","SELF_CANONICAL","YES",0,"THIN_CONTENT_CRAWLED_AT_RISK","YES"
"https://thesamachardaily.in/articles/india/modi-terror-not-an-asset-calls-for-dismantling-funding-recruitment-safe-havens/","article",200,"index,follow","YES","https://thesamachardaily.in/articles/india/modi-terror-not-an-asset-calls-for-dismantling-funding-recruitment-safe-havens/","SELF_CANONICAL","YES",0,"THIN_CONTENT_CRAWLED_AT_RISK","YES"
"https://thesamachardaily.in/articles/india/modi-to-hand-out-51000-government-job-letters-at-20th-rozgar-mela/","article",200,"index,follow","YES","https://thesamachardaily.in/articles/india/modi-to-hand-out-51000-government-job-letters-at-20th-rozgar-mela/","SELF_CANONICAL","YES",0,"THIN_CONTENT_CRAWLED_AT_RISK","YES"
"https://thesamachardaily.in/articles/india/modi-xi-meet-in-new-delhi-emphasize-border-peace-at-brics-2026/","article",200,"index,follow","YES","https://thesamachardaily.in/articles/india/modi-xi-meet-in-new-delhi-emphasize-border-peace-at-brics-2026/","SELF_CANONICAL","YES",0,"THIN_CONTENT_CRAWLED_AT_RISK","YES"
"https://thesamachardaily.in/articles/india/mohit-suri-teams-with-ram-gopal-varma-on-yrfbacked-twohero-gangster-film/","article",200,"index,follow","YES","https://thesamachardaily.in/articles/india/mohit-suri-teams-with-ram-gopal-varma-on-yrfbacked-twohero-gangster-film/","SELF_CANONICAL","NO",0,"THIN_CONTENT_CRAWLED_AT_RISK","YES"
"https://thesamachardaily.in/articles/india/mohua-urges-developers-to-embed-sciencedriven-sustainability-in-housing-projects/","article",200,"index,follow","YES","https://thesamachardaily.in/articles/india/mohua-urges-developers-to-embed-sciencedriven-sustainability-in-housing-projects/","SELF_CANONICAL","YES",0,"THIN_CONTENT_CRAWLED_AT_RISK","YES"
"https://thesamachardaily.in/articles/india/money-plant-care-sunlight-vs-shade-find-the-ideal-spot-for-lush-growth/","article",200,"index,follow","YES","https://thesamachardaily.in/articles/india/money-plant-care-sunlight-vs-shade-find-the-ideal-spot-for-lush-growth/","SELF_CANONICAL","YES",0,"THIN_CONTENT_CRAWLED_AT_RISK","YES"
"https://thesamachardaily.in/articles/india/mord-officials-inspect-rural-scheme-progress-in-manipurs-churachandpur-district/","article",200,"index,follow","YES","https://thesamachardaily.in/articles/india/mord-officials-inspect-rural-scheme-progress-in-manipurs-churachandpur-district/","SELF_CANONICAL","NO",0,"THIN_CONTENT_CRAWLED_AT_RISK","YES"
"https://thesamachardaily.in/articles/india/mos-ib-l-murugan-says-jk-poised-to-regain-status-as-global-film-hub/","article",200,"index,follow","YES","https://thesamachardaily.in/articles/india/mos-ib-l-murugan-says-jk-poised-to-regain-status-as-global-film-hub/","SELF_CANONICAL","YES",0,"THIN_CONTENT_CRAWLED_AT_RISK","YES"
"https://thesamachardaily.in/articles/india/mosquitoes-thrive-in-indian-bathrooms-5-simple-fixes-to-stop-them/","article",200,"index,follow","YES","https://thesamachardaily.in/articles/india/mosquitoes-thrive-in-indian-bathrooms-5-simple-fixes-to-stop-them/","SELF_CANONICAL","YES",0,"THIN_CONTENT_CRAWLED_AT_RISK","YES"
"https://thesamachardaily.in/articles/india/moxy-bengaluru-airport-prestige-tech-cloud-names-jegan-babu-as-new-food-beverage-mana/","article",200,"index,follow","YES","https://thesamachardaily.in/articles/india/moxy-bengaluru-airport-prestige-tech-cloud-names-jegan-babu-as-new-food-beverage-mana/","SELF_CANONICAL","NO",0,"THIN_CONTENT_CRAWLED_AT_RISK","YES"
"https://thesamachardaily.in/articles/india/mumbai-friend-charged-with-murder-after-fatal-clash-over-personal-belongings/","article",200,"noindex,follow","NO","https://thesamachardaily.in/articles/india/mumbai-friend-charged-with-murder-after-fatal-clash-over-personal-belongings/","SELF_CANONICAL","YES",0,"EXCLUDED_BY_NOINDEX_LOCAL","NO"
"https://thesamachardaily.in/articles/india/mumbai-police-constable-loses-rs-112-lakh-in-matrimonial-gift-fraud/","article",200,"index,follow","YES","https://thesamachardaily.in/articles/india/mumbai-police-constable-loses-rs-112-lakh-in-matrimonial-gift-fraud/","SELF_CANONICAL","NO",0,"THIN_CONTENT_CRAWLED_AT_RISK","YES"
"https://thesamachardaily.in/articles/india/mumbai-police-to-saddle-up-30-horse-mounted-unit-gets-127-crore-boost/","article",200,"index,follow","YES","https://thesamachardaily.in/articles/india/mumbai-police-to-saddle-up-30-horse-mounted-unit-gets-127-crore-boost/","SELF_CANONICAL","YES",0,"THIN_CONTENT_CRAWLED_AT_RISK","YES"
"https://thesamachardaily.in/articles/india/mysterious-new-outfit-hosting-mohan-bhagwat-in-new-york-has-old-rss-links/","article",200,"index,follow","YES","https://thesamachardaily.in/articles/india/mysterious-new-outfit-hosting-mohan-bhagwat-in-new-york-has-old-rss-links/","SELF_CANONICAL","YES",0,"THIN_CONTENT_CRAWLED_AT_RISK","YES"
"https://thesamachardaily.in/articles/india/nagaland-african-swine-fever-confirmed-in-three-villages-of-kohima/","article",200,"index,follow","YES","https://thesamachardaily.in/articles/india/nagaland-african-swine-fever-confirmed-in-three-villages-of-kohima/","SELF_CANONICAL","YES",0,"THIN_CONTENT_CRAWLED_AT_RISK","YES"
"https://thesamachardaily.in/articles/india/nagapattinam-farmers-seek-10-day-delay-in-mettur-dam-water-release-to-prevent-crop-lo/","article",200,"index,follow","YES","https://thesamachardaily.in/articles/india/nagapattinam-farmers-seek-10-day-delay-in-mettur-dam-water-release-to-prevent-crop-lo/","SELF_CANONICAL","YES",0,"THIN_CONTENT_CRAWLED_AT_RISK","YES"
"https://thesamachardaily.in/articles/india/naidu-launches-ai-powered-pramaan-operating-system/","article",200,"index,follow","YES","https://thesamachardaily.in/articles/india/naidu-launches-ai-powered-pramaan-operating-system/","SELF_CANONICAL","YES",0,"THIN_CONTENT_CRAWLED_AT_RISK","YES"
"https://thesamachardaily.in/articles/india/nalgonda-consumer-triumphs-as-court-orders-insurance-payout-after-denied-car-repair-c/","article",200,"index,follow","YES","https://thesamachardaily.in/articles/india/nalgonda-consumer-triumphs-as-court-orders-insurance-payout-after-denied-car-repair-c/","SELF_CANONICAL","NO",0,"THIN_CONTENT_CRAWLED_AT_RISK","YES"
"https://thesamachardaily.in/articles/india/nanavati-max-hospital-reattaches-taxi-drivers-thumb-after-eight-hour-microsurgery/","article",200,"index,follow","YES","https://thesamachardaily.in/articles/india/nanavati-max-hospital-reattaches-taxi-drivers-thumb-after-eight-hour-microsurgery/","SELF_CANONICAL","YES",0,"THIN_CONTENT_CRAWLED_AT_RISK","YES"
"https://thesamachardaily.in/articles/india/nclt-chennai-bench-reviews-perinyx-energy-vs-ezon-energy-dispute-over-default-and-log/","article",200,"index,follow","YES","https://thesamachardaily.in/articles/india/nclt-chennai-bench-reviews-perinyx-energy-vs-ezon-energy-dispute-over-default-and-log/","SELF_CANONICAL","NO",0,"THIN_CONTENT_CRAWLED_AT_RISK","YES"
"https://thesamachardaily.in/articles/india/neha-dhupia-says-motherhood-has-shaken-her-confidence-ahead-of-roadies-rebirth/","article",200,"index,follow","YES","https://thesamachardaily.in/articles/india/neha-dhupia-says-motherhood-has-shaken-her-confidence-ahead-of-roadies-rebirth/","SELF_CANONICAL","NO",0,"THIN_CONTENT_CRAWLED_AT_RISK","YES"
"https://thesamachardaily.in/articles/india/nepal-flash-floods-23-gujaratis-remain-untraceable-several-on-kailash-mansarovar/","article",200,"index,follow","YES","https://thesamachardaily.in/articles/india/nepal-flash-floods-23-gujaratis-remain-untraceable-several-on-kailash-mansarovar/","SELF_CANONICAL","YES",0,"THIN_CONTENT_CRAWLED_AT_RISK","YES"
"https://thesamachardaily.in/articles/india/nepal-floods-desperate-search-for-loved-ones-amidst-hope-grief-at-hospitals/","article",200,"index,follow","YES","https://thesamachardaily.in/articles/india/nepal-floods-desperate-search-for-loved-ones-amidst-hope-grief-at-hospitals/","SELF_CANONICAL","YES",0,"THIN_CONTENT_CRAWLED_AT_RISK","YES"
"https://thesamachardaily.in/articles/india/netflix-unveils-first-look-for-unaccustomed-earth-series-starring-freida-pinto/","article",200,"index,follow","YES","https://thesamachardaily.in/articles/india/netflix-unveils-first-look-for-unaccustomed-earth-series-starring-freida-pinto/","SELF_CANONICAL","NO",0,"THIN_CONTENT_CRAWLED_AT_RISK","YES"
"https://thesamachardaily.in/articles/india/never-rejected-nepal-clears-stand-on-foreign-support-amid-rescue-seeks-specialised-as/","article",200,"index,follow","YES","https://thesamachardaily.in/articles/india/never-rejected-nepal-clears-stand-on-foreign-support-amid-rescue-seeks-specialised-as/","SELF_CANONICAL","YES",0,"THIN_CONTENT_CRAWLED_AT_RISK","YES"
"https://thesamachardaily.in/articles/india/new-jalpaiguri-railway-station-being-upgraded-as-key-gateway-to-north-bengal-northeas/","article",200,"index,follow","YES","https://thesamachardaily.in/articles/india/new-jalpaiguri-railway-station-being-upgraded-as-key-gateway-to-north-bengal-northeas/","SELF_CANONICAL","YES",0,"THIN_CONTENT_CRAWLED_AT_RISK","YES"
"https://thesamachardaily.in/articles/india/new-mumbai-anthology-dreaming-the-city-examines-urban-realities-across-18-narratives/","article",200,"index,follow","YES","https://thesamachardaily.in/articles/india/new-mumbai-anthology-dreaming-the-city-examines-urban-realities-across-18-narratives/","SELF_CANONICAL","YES",0,"THIN_CONTENT_CRAWLED_AT_RISK","YES"
"https://thesamachardaily.in/articles/india/nift-holds-combined-convocation-in-new-delhi-director-general-confers-degrees/","article",200,"index,follow","YES","https://thesamachardaily.in/articles/india/nift-holds-combined-convocation-in-new-delhi-director-general-confers-degrees/","SELF_CANONICAL","YES",0,"THIN_CONTENT_CRAWLED_AT_RISK","YES"
"https://thesamachardaily.in/articles/india/nk-singh-calls-jcr-india-rating-upgrade-magical-moment-backs-revised-gdp-methodology/","article",200,"index,follow","YES","https://thesamachardaily.in/articles/india/nk-singh-calls-jcr-india-rating-upgrade-magical-moment-backs-revised-gdp-methodology/","SELF_CANONICAL","NO",0,"THIN_CONTENT_CRAWLED_AT_RISK","YES"
"https://thesamachardaily.in/articles/india/no-one-should-politicise-ajit-pawars-death-says-sunetra-pawar-in-sharp-rebuke-to-supr/","article",200,"index,follow","YES","https://thesamachardaily.in/articles/india/no-one-should-politicise-ajit-pawars-death-says-sunetra-pawar-in-sharp-rebuke-to-supr/","SELF_CANONICAL","YES",0,"THIN_CONTENT_CRAWLED_AT_RISK","YES"
"https://thesamachardaily.in/articles/india/nppa-issues-two-addenda-revising-ceiling-prices-for-ringer-lactate-and-other-iv-fluid/","article",200,"index,follow","YES","https://thesamachardaily.in/articles/india/nppa-issues-two-addenda-revising-ceiling-prices-for-ringer-lactate-and-other-iv-fluid/","SELF_CANONICAL","NO",0,"THIN_CONTENT_CRAWLED_AT_RISK","YES"
"https://thesamachardaily.in/articles/india/nxp-unveils-easyevse-platform-with-rw612-mcu-at-electronica-india-2026/","article",200,"index,follow","YES","https://thesamachardaily.in/articles/india/nxp-unveils-easyevse-platform-with-rw612-mcu-at-electronica-india-2026/","SELF_CANONICAL","NO",0,"THIN_CONTENT_CRAWLED_AT_RISK","YES"
"https://thesamachardaily.in/articles/india/odisha-bjp-youth-wing-sets-world-record-collects-8810-blood-units-on-pm-modis-birthda/","article",200,"index,follow","YES","https://thesamachardaily.in/articles/india/odisha-bjp-youth-wing-sets-world-record-collects-8810-blood-units-on-pm-modis-birthda/","SELF_CANONICAL","NO",0,"THIN_CONTENT_CRAWLED_AT_RISK","YES"
"https://thesamachardaily.in/articles/india/ott-week-preview-16-new-titles-debut-on-netflix-prime-video-jiohotstar-sep-1420/","article",200,"index,follow","YES","https://thesamachardaily.in/articles/india/ott-week-preview-16-new-titles-debut-on-netflix-prime-video-jiohotstar-sep-1420/","SELF_CANONICAL","NO",0,"THIN_CONTENT_CRAWLED_AT_RISK","YES"
"https://thesamachardaily.in/articles/india/parineeti-chopra-says-pregnancy-became-asset-while-filming-ott-thriller-shaque-trust/","article",200,"index,follow","YES","https://thesamachardaily.in/articles/india/parineeti-chopra-says-pregnancy-became-asset-while-filming-ott-thriller-shaque-trust/","SELF_CANONICAL","NO",0,"THIN_CONTENT_CRAWLED_AT_RISK","YES"
"https://thesamachardaily.in/articles/india/pcos-now-striking-teenagers-bengaluru-gynaecologist-urges-parents-to-act-early/","article",200,"index,follow","YES","https://thesamachardaily.in/articles/india/pcos-now-striking-teenagers-bengaluru-gynaecologist-urges-parents-to-act-early/","SELF_CANONICAL","YES",0,"THIN_CONTENT_CRAWLED_AT_RISK","YES"
"https://thesamachardaily.in/articles/india/pm-modi-arrives-in-uzbekistan-for-2-day-visit-gets-warm-welcome-from-president-mirziy/","article",200,"index,follow","YES","https://thesamachardaily.in/articles/india/pm-modi-arrives-in-uzbekistan-for-2-day-visit-gets-warm-welcome-from-president-mirziy/","SELF_CANONICAL","YES",0,"THIN_CONTENT_CRAWLED_AT_RISK","YES"
"https://thesamachardaily.in/articles/india/pm-modi-begins-central-asia-visit-to-strengthen-indias-strategic-partnerships-and-pus/","article",200,"index,follow","YES","https://thesamachardaily.in/articles/india/pm-modi-begins-central-asia-visit-to-strengthen-indias-strategic-partnerships-and-pus/","SELF_CANONICAL","YES",0,"THIN_CONTENT_CRAWLED_AT_RISK","YES"
"https://thesamachardaily.in/articles/india/pm-modi-expresses-grief-over-loss-of-life-in-delhis-satya-niketan-building-collapse/","article",200,"index,follow","YES","https://thesamachardaily.in/articles/india/pm-modi-expresses-grief-over-loss-of-life-in-delhis-satya-niketan-building-collapse/","SELF_CANONICAL","YES",0,"THIN_CONTENT_CRAWLED_AT_RISK","YES"
"https://thesamachardaily.in/articles/india/pm-modi-highlights-global-legacy-of-vivekanandas-1893-chicago-speech/","article",200,"noindex,follow","NO","https://thesamachardaily.in/articles/india/pm-modi-highlights-global-legacy-of-vivekanandas-1893-chicago-speech/","SELF_CANONICAL","YES",0,"EXCLUDED_BY_NOINDEX_LOCAL","NO"
"https://thesamachardaily.in/articles/india/pm-modi-likely-to-attend-eu-summit-in-brussels-in-december-india-eu-trade-deal-i/","article",200,"index,follow","YES","https://thesamachardaily.in/articles/india/pm-modi-likely-to-attend-eu-summit-in-brussels-in-december-india-eu-trade-deal-i/","SELF_CANONICAL","YES",0,"THIN_CONTENT_CRAWLED_AT_RISK","YES"
"https://thesamachardaily.in/articles/india/pm-modi-revives-swadeshi-pitch-as-india-records-78-q1-gdp-growth/","article",200,"index,follow","YES","https://thesamachardaily.in/articles/india/pm-modi-revives-swadeshi-pitch-as-india-records-78-q1-gdp-growth/","SELF_CANONICAL","YES",0,"THIN_CONTENT_CRAWLED_AT_RISK","YES"
"https://thesamachardaily.in/articles/india/pm-modi-tashkent-visit-elevates-india-uzbekistan-comprehensive-strategic-partnership/","article",200,"index,follow","YES","https://thesamachardaily.in/articles/india/pm-modi-tashkent-visit-elevates-india-uzbekistan-comprehensive-strategic-partnership/","SELF_CANONICAL","YES",0,"THIN_CONTENT_CRAWLED_AT_RISK","YES"
"https://thesamachardaily.in/articles/india/poco-launches-x8-and-x8-power-in-india-with-10000mah-battery-120hz-amoled/","article",200,"index,follow","YES","https://thesamachardaily.in/articles/india/poco-launches-x8-and-x8-power-in-india-with-10000mah-battery-120hz-amoled/","SELF_CANONICAL","YES",0,"THIN_CONTENT_CRAWLED_AT_RISK","YES"
"https://thesamachardaily.in/articles/india/premalatha-sour-over-acrimony-in-tamil-nadu-assembly/","article",200,"index,follow","YES","https://thesamachardaily.in/articles/india/premalatha-sour-over-acrimony-in-tamil-nadu-assembly/","SELF_CANONICAL","YES",0,"THIN_CONTENT_CRAWLED_AT_RISK","YES"
"https://thesamachardaily.in/articles/india/psu-lenders-to-appeal-nclt-approval-of-subhash-chandras-rs-65-cr-repayment-plan/","article",200,"index,follow","YES","https://thesamachardaily.in/articles/india/psu-lenders-to-appeal-nclt-approval-of-subhash-chandras-rs-65-cr-repayment-plan/","SELF_CANONICAL","YES",0,"THIN_CONTENT_CRAWLED_AT_RISK","YES"
"https://thesamachardaily.in/articles/india/pune-hikes-auto-night-surcharge-to-25-adds-3-luggage-fee-meters-must-reset-by-feb-202/","article",200,"index,follow","YES","https://thesamachardaily.in/articles/india/pune-hikes-auto-night-surcharge-to-25-adds-3-luggage-fee-meters-must-reset-by-feb-202/","SELF_CANONICAL","YES",0,"THIN_CONTENT_CRAWLED_AT_RISK","YES"
"https://thesamachardaily.in/articles/india/pune-police-roll-out-new-no-parking-zones-across-seven-divisions/","article",200,"index,follow","YES","https://thesamachardaily.in/articles/india/pune-police-roll-out-new-no-parking-zones-across-seven-divisions/","SELF_CANONICAL","YES",0,"THIN_CONTENT_CRAWLED_AT_RISK","YES"
"https://thesamachardaily.in/articles/india/pune-travellers-grapple-with-empty-train-seats-and-soaring-airfares/","article",200,"index,follow","YES","https://thesamachardaily.in/articles/india/pune-travellers-grapple-with-empty-train-seats-and-soaring-airfares/","SELF_CANONICAL","YES",0,"THIN_CONTENT_CRAWLED_AT_RISK","YES"
"https://thesamachardaily.in/articles/india/punjab-chief-minister-urges-cii-partnership-to-tackle-crop-residue-waste/","article",200,"index,follow","YES","https://thesamachardaily.in/articles/india/punjab-chief-minister-urges-cii-partnership-to-tackle-crop-residue-waste/","SELF_CANONICAL","YES",0,"THIN_CONTENT_CRAWLED_AT_RISK","YES"
"https://thesamachardaily.in/articles/india/punjab-employee-unrest-puts-aap-on-the-back-foot/","article",200,"index,follow","YES","https://thesamachardaily.in/articles/india/punjab-employee-unrest-puts-aap-on-the-back-foot/","SELF_CANONICAL","YES",0,"THIN_CONTENT_CRAWLED_AT_RISK","YES"
"https://thesamachardaily.in/articles/india/punjab-government-orders-immediate-transfer-of-12-pps-officers-in-major-police-reshuf/","article",200,"index,follow","YES","https://thesamachardaily.in/articles/india/punjab-government-orders-immediate-transfer-of-12-pps-officers-in-major-police-reshuf/","SELF_CANONICAL","YES",0,"THIN_CONTENT_CRAWLED_AT_RISK","YES"
"https://thesamachardaily.in/articles/india/punjab-govt-mulls-18-dearness-allowance-jump-to-60-for-employees/","article",200,"index,follow","YES","https://thesamachardaily.in/articles/india/punjab-govt-mulls-18-dearness-allowance-jump-to-60-for-employees/","SELF_CANONICAL","YES",0,"THIN_CONTENT_CRAWLED_AT_RISK","YES"
"https://thesamachardaily.in/articles/india/punjab-lecturer-cadre-2026-admit-card-released-on-official-portal/","article",200,"index,follow","YES","https://thesamachardaily.in/articles/india/punjab-lecturer-cadre-2026-admit-card-released-on-official-portal/","SELF_CANONICAL","YES",0,"THIN_CONTENT_CRAWLED_AT_RISK","YES"
"https://thesamachardaily.in/articles/india/putin-to-meet-pm-modi-on-august-31-at-sco-summit-talks-to-continue-at-brics-summit/","article",200,"index,follow","YES","https://thesamachardaily.in/articles/india/putin-to-meet-pm-modi-on-august-31-at-sco-summit-talks-to-continue-at-brics-summit/","SELF_CANONICAL","YES",0,"THIN_CONTENT_CRAWLED_AT_RISK","YES"
"https://thesamachardaily.in/articles/india/queens-key-to-odishas-diplomacy-lingaraj-temple-unique-anirudh-kanisetti/","article",200,"index,follow","YES","https://thesamachardaily.in/articles/india/queens-key-to-odishas-diplomacy-lingaraj-temple-unique-anirudh-kanisetti/","SELF_CANONICAL","YES",0,"THIN_CONTENT_CRAWLED_AT_RISK","YES"
"https://thesamachardaily.in/articles/india/qyou-media-posts-27-yoy-revenue-growth-in-q2-fy-2026-driven-by-creator-economy-focus/","article",200,"index,follow","YES","https://thesamachardaily.in/articles/india/qyou-media-posts-27-yoy-revenue-growth-in-q2-fy-2026-driven-by-creator-economy-focus/","SELF_CANONICAL","NO",0,"THIN_CONTENT_CRAWLED_AT_RISK","YES"
"https://thesamachardaily.in/articles/india/rahul-gandhis-silence-on-economic-claims-highlights-limits-of-opposition-rhetoric/","article",200,"index,follow","YES","https://thesamachardaily.in/articles/india/rahul-gandhis-silence-on-economic-claims-highlights-limits-of-opposition-rhetoric/","SELF_CANONICAL","YES",0,"THIN_CONTENT_CRAWLED_AT_RISK","YES"
"https://thesamachardaily.in/articles/india/raj-arya-vs-bijender-singh-punjab-haryana-high-court/","article",200,"index,follow","YES","https://thesamachardaily.in/articles/india/raj-arya-vs-bijender-singh-punjab-haryana-high-court/","SELF_CANONICAL","YES",0,"THIN_CONTENT_CRAWLED_AT_RISK","YES"
"https://thesamachardaily.in/articles/india/rajasthan-urban-local-body-count-starts-bjp-leads-early-over-congress/","article",200,"index,follow","YES","https://thesamachardaily.in/articles/india/rajasthan-urban-local-body-count-starts-bjp-leads-early-over-congress/","SELF_CANONICAL","YES",0,"THIN_CONTENT_CRAWLED_AT_RISK","YES"
"https://thesamachardaily.in/articles/india/rajnath-singh-reviews-annual-performance-of-16-defence-public-sector-undertakings/","article",200,"index,follow","YES","https://thesamachardaily.in/articles/india/rajnath-singh-reviews-annual-performance-of-16-defence-public-sector-undertakings/","SELF_CANONICAL","YES",0,"THIN_CONTENT_CRAWLED_AT_RISK","YES"
"https://thesamachardaily.in/articles/india/rajnath-singh-yogi-lay-foundation-for-101-cr-projects-in-lucknow/","article",200,"index,follow","YES","https://thesamachardaily.in/articles/india/rajnath-singh-yogi-lay-foundation-for-101-cr-projects-in-lucknow/","SELF_CANONICAL","YES",0,"THIN_CONTENT_CRAWLED_AT_RISK","YES"
"https://thesamachardaily.in/articles/india/rare-sharp-tailed-sandpiper-sighting-at-najafgarh-lake-raises-conservation-questions/","article",200,"index,follow","YES","https://thesamachardaily.in/articles/india/rare-sharp-tailed-sandpiper-sighting-at-najafgarh-lake-raises-conservation-questions/","SELF_CANONICAL","NO",0,"THIN_CONTENT_CRAWLED_AT_RISK","YES"
"https://thesamachardaily.in/articles/india/raveena-tandon-reveals-nighttime-prank-that-broke-the-ice-with-karisma-kapoor-on-anda/","article",200,"index,follow","YES","https://thesamachardaily.in/articles/india/raveena-tandon-reveals-nighttime-prank-that-broke-the-ice-with-karisma-kapoor-on-anda/","SELF_CANONICAL","NO",0,"THIN_CONTENT_CRAWLED_AT_RISK","YES"
"https://thesamachardaily.in/articles/india/reading-history-from-below-remembering-sumit-sarkar/","article",200,"index,follow","YES","https://thesamachardaily.in/articles/india/reading-history-from-below-remembering-sumit-sarkar/","SELF_CANONICAL","NO",0,"THIN_CONTENT_CRAWLED_AT_RISK","YES"
"https://thesamachardaily.in/articles/india/rescued-from-nepal-floods-21-tn-pilgrims-meet-eam-at-delhi-airport/","article",200,"index,follow","YES","https://thesamachardaily.in/articles/india/rescued-from-nepal-floods-21-tn-pilgrims-meet-eam-at-delhi-airport/","SELF_CANONICAL","NO",0,"THIN_CONTENT_CRAWLED_AT_RISK","YES"
"https://thesamachardaily.in/articles/india/rupee-opens-higher-gains-26-paise-to-9496-against-us-dollar-in-early-trade/","article",200,"index,follow","YES","https://thesamachardaily.in/articles/india/rupee-opens-higher-gains-26-paise-to-9496-against-us-dollar-in-early-trade/","SELF_CANONICAL","YES",0,"THIN_CONTENT_CRAWLED_AT_RISK","YES"
"https://thesamachardaily.in/articles/india/sanjay-dutt-says-grateful-for-the-bond-we-share-as-he-wishes-rakhi-to-sisters-pr/","article",200,"index,follow","YES","https://thesamachardaily.in/articles/india/sanjay-dutt-says-grateful-for-the-bond-we-share-as-he-wishes-rakhi-to-sisters-pr/","SELF_CANONICAL","YES",0,"THIN_CONTENT_CRAWLED_AT_RISK","YES"
"https://thesamachardaily.in/articles/india/sanju-samson-returns-bumrah-back-as-india-resets-t20i-squad-for-afghanistan-series/","article",200,"index,follow","YES","https://thesamachardaily.in/articles/india/sanju-samson-returns-bumrah-back-as-india-resets-t20i-squad-for-afghanistan-series/","SELF_CANONICAL","YES",0,"THIN_CONTENT_CRAWLED_AT_RISK","YES"
"https://thesamachardaily.in/articles/india/satya-niketan-collapse-in-delhi-claims-six-lives-as-rescue-efforts-intensify/","article",200,"index,follow","YES","https://thesamachardaily.in/articles/india/satya-niketan-collapse-in-delhi-claims-six-lives-as-rescue-efforts-intensify/","SELF_CANONICAL","YES",0,"THIN_CONTENT_CRAWLED_AT_RISK","YES"
"https://thesamachardaily.in/articles/india/saving-money-to-visit-india-indian-woman-in-us-shares-the-irony-of-life-abroad/","article",200,"index,follow","YES","https://thesamachardaily.in/articles/india/saving-money-to-visit-india-indian-woman-in-us-shares-the-irony-of-life-abroad/","SELF_CANONICAL","YES",0,"THIN_CONTENT_CRAWLED_AT_RISK","YES"
"https://thesamachardaily.in/articles/india/sc-panel-recommends-sanjay-k-agrawal-for-rajasthan-hc-chief-justice-role/","article",200,"index,follow","YES","https://thesamachardaily.in/articles/india/sc-panel-recommends-sanjay-k-agrawal-for-rajasthan-hc-chief-justice-role/","SELF_CANONICAL","YES",0,"THIN_CONTENT_CRAWLED_AT_RISK","YES"
"https://thesamachardaily.in/articles/india/school-assembly-broadcast-delivers-top-news-thought-history-to-students/","article",200,"index,follow","YES","https://thesamachardaily.in/articles/india/school-assembly-broadcast-delivers-top-news-thought-history-to-students/","SELF_CANONICAL","NO",0,"THIN_CONTENT_CRAWLED_AT_RISK","YES"
"https://thesamachardaily.in/articles/india/september-1-trade-spotlight-key-levels-for-sagility-axis-bank-apollo-hospitals-oberoi/","article",200,"index,follow","YES","https://thesamachardaily.in/articles/india/september-1-trade-spotlight-key-levels-for-sagility-axis-bank-apollo-hospitals-oberoi/","SELF_CANONICAL","YES",0,"THIN_CONTENT_CRAWLED_AT_RISK","YES"
"https://thesamachardaily.in/articles/india/september-snow-blankets-himalayan-peaks-as-cold-wave-hits-north-india/","article",200,"index,follow","YES","https://thesamachardaily.in/articles/india/september-snow-blankets-himalayan-peaks-as-cold-wave-hits-north-india/","SELF_CANONICAL","NO",0,"THIN_CONTENT_CRAWLED_AT_RISK","YES"
"https://thesamachardaily.in/articles/india/shah-rukh-khan-says-king-release-stays-on-schedule-despite-onset-injuries/","article",200,"index,follow","YES","https://thesamachardaily.in/articles/india/shah-rukh-khan-says-king-release-stays-on-schedule-despite-onset-injuries/","SELF_CANONICAL","NO",0,"THIN_CONTENT_CRAWLED_AT_RISK","YES"
"https://thesamachardaily.in/articles/india/shaheen-bhatt-recalls-prank-on-fouryearold-alia-saying-she-wasnt-their-parents-child/","article",200,"index,follow","YES","https://thesamachardaily.in/articles/india/shaheen-bhatt-recalls-prank-on-fouryearold-alia-saying-she-wasnt-their-parents-child/","SELF_CANONICAL","NO",0,"THIN_CONTENT_CRAWLED_AT_RISK","YES"
"https://thesamachardaily.in/articles/india/sheraton-grand-bangalore-rolls-out-themed-sunday-brunch-series-at-feast-restaurant/","article",200,"index,follow","YES","https://thesamachardaily.in/articles/india/sheraton-grand-bangalore-rolls-out-themed-sunday-brunch-series-at-feast-restaurant/","SELF_CANONICAL","NO",0,"THIN_CONTENT_CRAWLED_AT_RISK","YES"
"https://thesamachardaily.in/articles/india/simple-launches-wave-family-scooter-with-up-to-243km-range-deliveries-start-sep-25/","article",200,"index,follow","YES","https://thesamachardaily.in/articles/india/simple-launches-wave-family-scooter-with-up-to-243km-range-deliveries-start-sep-25/","SELF_CANONICAL","YES",0,"THIN_CONTENT_CRAWLED_AT_RISK","YES"
"https://thesamachardaily.in/articles/india/simran-behl-says-playground-5-friendships-were-a-litmus-test-costing-her-a-finale-spo/","article",200,"index,follow","YES","https://thesamachardaily.in/articles/india/simran-behl-says-playground-5-friendships-were-a-litmus-test-costing-her-a-finale-spo/","SELF_CANONICAL","NO",0,"THIN_CONTENT_CRAWLED_AT_RISK","YES"
"https://thesamachardaily.in/articles/india/sing-four-stanzas-of-vande-mataram-tmcs-big-challenge-to-suvendu-adhikari-and-bj/","article",200,"index,follow","YES","https://thesamachardaily.in/articles/india/sing-four-stanzas-of-vande-mataram-tmcs-big-challenge-to-suvendu-adhikari-and-bj/","SELF_CANONICAL","YES",0,"THIN_CONTENT_CRAWLED_AT_RISK","YES"
"https://thesamachardaily.in/articles/india/six-months-of-iran-war-nepal-and-lake-america/","article",200,"index,follow","YES","https://thesamachardaily.in/articles/india/six-months-of-iran-war-nepal-and-lake-america/","SELF_CANONICAL","YES",0,"THIN_CONTENT_CRAWLED_AT_RISK","YES"
"https://thesamachardaily.in/articles/india/snakes-in-flower-pots-five-garden-species-explained-not-to-panic/","article",200,"index,follow","YES","https://thesamachardaily.in/articles/india/snakes-in-flower-pots-five-garden-species-explained-not-to-panic/","SELF_CANONICAL","YES",0,"THIN_CONTENT_CRAWLED_AT_RISK","YES"
"https://thesamachardaily.in/articles/india/soha-ali-khan-calls-out-mumbai-walkability-issues-in-instagram-post-on-civic-obstacle/","article",200,"index,follow","YES","https://thesamachardaily.in/articles/india/soha-ali-khan-calls-out-mumbai-walkability-issues-in-instagram-post-on-civic-obstacle/","SELF_CANONICAL","YES",0,"THIN_CONTENT_CRAWLED_AT_RISK","YES"
"https://thesamachardaily.in/articles/india/south-indian-breads-offer-crisp-soft-and-smoky-alternatives-to-naan/","article",200,"index,follow","YES","https://thesamachardaily.in/articles/india/south-indian-breads-offer-crisp-soft-and-smoky-alternatives-to-naan/","SELF_CANONICAL","YES",0,"THIN_CONTENT_CRAWLED_AT_RISK","YES"
"https://thesamachardaily.in/articles/india/sp-mp-slams-bjp-for-excluding-opposition-chief-ministers-from-new-delhi-brics-summit/","article",200,"index,follow","YES","https://thesamachardaily.in/articles/india/sp-mp-slams-bjp-for-excluding-opposition-chief-ministers-from-new-delhi-brics-summit/","SELF_CANONICAL","YES",0,"THIN_CONTENT_CRAWLED_AT_RISK","YES"
"https://thesamachardaily.in/articles/india/sp-slams-sanjay-nishad-over-protests-in-up-trader-vinod-sahani-murder-case/","article",200,"index,follow","YES","https://thesamachardaily.in/articles/india/sp-slams-sanjay-nishad-over-protests-in-up-trader-vinod-sahani-murder-case/","SELF_CANONICAL","NO",0,"THIN_CONTENT_CRAWLED_AT_RISK","YES"
"https://thesamachardaily.in/articles/india/speeding-mahindra-thar-kills-57yearold-dairy-operator-in-jaipur-collision/","article",200,"index,follow","YES","https://thesamachardaily.in/articles/india/speeding-mahindra-thar-kills-57yearold-dairy-operator-in-jaipur-collision/","SELF_CANONICAL","YES",0,"THIN_CONTENT_CRAWLED_AT_RISK","YES"
"https://thesamachardaily.in/articles/india/srabani-nanda-lauds-polands-spaa-olympic-centre-as-sprint-training-boost-for-india/","article",200,"index,follow","YES","https://thesamachardaily.in/articles/india/srabani-nanda-lauds-polands-spaa-olympic-centre-as-sprint-training-boost-for-india/","SELF_CANONICAL","NO",0,"THIN_CONTENT_CRAWLED_AT_RISK","YES"
"https://thesamachardaily.in/articles/india/srm-school-of-law-hosts-landmark-lecture-on-sustainability-law-and-human-rights/","article",200,"index,follow","YES","https://thesamachardaily.in/articles/india/srm-school-of-law-hosts-landmark-lecture-on-sustainability-law-and-human-rights/","SELF_CANONICAL","NO",0,"THIN_CONTENT_CRAWLED_AT_RISK","YES"
"https://thesamachardaily.in/articles/india/stable-relationship-with-india-is-in-bangladeshs-interest-sheikh-hasina/","article",200,"noindex,follow","NO","https://thesamachardaily.in/articles/india/stable-relationship-with-india-is-in-bangladeshs-interest-sheikh-hasina/","SELF_CANONICAL","YES",0,"EXCLUDED_BY_NOINDEX_LOCAL","NO"
"https://thesamachardaily.in/articles/india/stablecoins-not-a-credible-means-of-payment-at-scale-bis-chief-says/","article",200,"index,follow","YES","https://thesamachardaily.in/articles/india/stablecoins-not-a-credible-means-of-payment-at-scale-bis-chief-says/","SELF_CANONICAL","YES",0,"THIN_CONTENT_CRAWLED_AT_RISK","YES"
"https://thesamachardaily.in/articles/india/startup-news-and-updates-daily-roundup-august-28-2026/","article",200,"index,follow","YES","https://thesamachardaily.in/articles/india/startup-news-and-updates-daily-roundup-august-28-2026/","SELF_CANONICAL","YES",0,"THIN_CONTENT_CRAWLED_AT_RISK","YES"
"https://thesamachardaily.in/articles/india/student-claims-rpf-assault-at-pune-station-says-eardrum-was-perforated/","article",200,"index,follow","YES","https://thesamachardaily.in/articles/india/student-claims-rpf-assault-at-pune-station-says-eardrum-was-perforated/","SELF_CANONICAL","YES",0,"THIN_CONTENT_CRAWLED_AT_RISK","YES"
"https://thesamachardaily.in/articles/india/student-walkouts-spotlight-karnatakas-education-funding-gap-ahead-of-elections/","article",200,"index,follow","YES","https://thesamachardaily.in/articles/india/student-walkouts-spotlight-karnatakas-education-funding-gap-ahead-of-elections/","SELF_CANONICAL","YES",0,"THIN_CONTENT_CRAWLED_AT_RISK","YES"
"https://thesamachardaily.in/articles/india/stunning-comeback-by-praggnanandhaa-is-first-indian-to-win-grand-chess-tour/","article",200,"index,follow","YES","https://thesamachardaily.in/articles/india/stunning-comeback-by-praggnanandhaa-is-first-indian-to-win-grand-chess-tour/","SELF_CANONICAL","YES",0,"THIN_CONTENT_CRAWLED_AT_RISK","YES"
"https://thesamachardaily.in/articles/india/supreme-court-agrees-to-examine-plea-against-luxury-project-on-goa-hills/","article",200,"index,follow","YES","https://thesamachardaily.in/articles/india/supreme-court-agrees-to-examine-plea-against-luxury-project-on-goa-hills/","SELF_CANONICAL","NO",0,"THIN_CONTENT_CRAWLED_AT_RISK","YES"
"https://thesamachardaily.in/articles/india/supreme-court-awaits-central-government-stance-on-marital-rape-petitions-before-setti/","article",200,"index,follow","YES","https://thesamachardaily.in/articles/india/supreme-court-awaits-central-government-stance-on-marital-rape-petitions-before-setti/","SELF_CANONICAL","YES",0,"THIN_CONTENT_CRAWLED_AT_RISK","YES"
"https://thesamachardaily.in/articles/india/supreme-court-quashes-firs-against-neet-protesters-orders-compensation-for-suicide-de/","article",200,"index,follow","YES","https://thesamachardaily.in/articles/india/supreme-court-quashes-firs-against-neet-protesters-orders-compensation-for-suicide-de/","SELF_CANONICAL","YES",0,"THIN_CONTENT_CRAWLED_AT_RISK","YES"
"https://thesamachardaily.in/articles/india/supreme-court-takes-up-manav-bhanot-vs-nhai-dispute-over-debt-resolution/","article",200,"index,follow","YES","https://thesamachardaily.in/articles/india/supreme-court-takes-up-manav-bhanot-vs-nhai-dispute-over-debt-resolution/","SELF_CANONICAL","NO",0,"THIN_CONTENT_CRAWLED_AT_RISK","YES"
"https://thesamachardaily.in/articles/india/surat-mayor-faces-death-threat-new-commissioner-appointed-3000-join-fit-india-ride/","article",200,"index,follow","YES","https://thesamachardaily.in/articles/india/surat-mayor-faces-death-threat-new-commissioner-appointed-3000-join-fit-india-ride/","SELF_CANONICAL","NO",0,"THIN_CONTENT_CRAWLED_AT_RISK","YES"
"https://thesamachardaily.in/articles/india/surat-trader-allegedly-stolen-of-gold-worth-rs-195-cr-and-aed-128-lakh-at-mumbai-airp/","article",200,"index,follow","YES","https://thesamachardaily.in/articles/india/surat-trader-allegedly-stolen-of-gold-worth-rs-195-cr-and-aed-128-lakh-at-mumbai-airp/","SELF_CANONICAL","NO",0,"THIN_CONTENT_CRAWLED_AT_RISK","YES"
"https://thesamachardaily.in/articles/india/swami-vivekanandas-10-timeless-quotes-presented-as-blueprint-for-inner-strength/","article",200,"index,follow","YES","https://thesamachardaily.in/articles/india/swami-vivekanandas-10-timeless-quotes-presented-as-blueprint-for-inner-strength/","SELF_CANONICAL","YES",0,"THIN_CONTENT_CRAWLED_AT_RISK","YES"
"https://thesamachardaily.in/articles/india/tamil-nadu-assembly-live-telecast-draws-record-online-viewership/","article",200,"index,follow","YES","https://thesamachardaily.in/articles/india/tamil-nadu-assembly-live-telecast-draws-record-online-viewership/","SELF_CANONICAL","YES",0,"THIN_CONTENT_CRAWLED_AT_RISK","YES"
"https://thesamachardaily.in/articles/india/tamil-nadu-assembly-reopens-cm-vijay-to-counter-opposition-on-police-fire-grants/","article",200,"index,follow","YES","https://thesamachardaily.in/articles/india/tamil-nadu-assembly-reopens-cm-vijay-to-counter-opposition-on-police-fire-grants/","SELF_CANONICAL","YES",0,"THIN_CONTENT_CRAWLED_AT_RISK","YES"
"https://thesamachardaily.in/articles/india/tamil-nadu-cm-vijay-wishes-janmashtami-urges-world-of-love-and-virtue-pm-modi-echoes/","article",200,"index,follow","YES","https://thesamachardaily.in/articles/india/tamil-nadu-cm-vijay-wishes-janmashtami-urges-world-of-love-and-virtue-pm-modi-echoes/","SELF_CANONICAL","YES",0,"THIN_CONTENT_CRAWLED_AT_RISK","YES"
"https://thesamachardaily.in/articles/india/tamil-nadu-food-festival-launches-at-novotel-vijayawada-showcasing-regional-cuisine/","article",200,"index,follow","YES","https://thesamachardaily.in/articles/india/tamil-nadu-food-festival-launches-at-novotel-vijayawada-showcasing-regional-cuisine/","SELF_CANONICAL","YES",0,"THIN_CONTENT_CRAWLED_AT_RISK","YES"
"https://thesamachardaily.in/articles/india/tea-board-of-india-launches-consumer-awareness-drive-at-chennais-anna-nagar-tower-par/","article",200,"index,follow","YES","https://thesamachardaily.in/articles/india/tea-board-of-india-launches-consumer-awareness-drive-at-chennais-anna-nagar-tower-par/","SELF_CANONICAL","YES",0,"THIN_CONTENT_CRAWLED_AT_RISK","YES"
"https://thesamachardaily.in/articles/india/tejashwi-yadav-urges-bihar-cm-to-install-lifesize-statues-of-three-late-leaders/","article",200,"index,follow","YES","https://thesamachardaily.in/articles/india/tejashwi-yadav-urges-bihar-cm-to-install-lifesize-statues-of-three-late-leaders/","SELF_CANONICAL","NO",0,"THIN_CONTENT_CRAWLED_AT_RISK","YES"
"https://thesamachardaily.in/articles/india/telangana-assembly-session-looms-as-brs-bjp-alliance-readies-to-corner-treasury-bench/","article",200,"index,follow","YES","https://thesamachardaily.in/articles/india/telangana-assembly-session-looms-as-brs-bjp-alliance-readies-to-corner-treasury-bench/","SELF_CANONICAL","YES",0,"THIN_CONTENT_CRAWLED_AT_RISK","YES"
"https://thesamachardaily.in/articles/india/telangana-polytechnic-jac-opposes-merger-of-polytechnics-with-young-india-skills-univ/","article",200,"index,follow","YES","https://thesamachardaily.in/articles/india/telangana-polytechnic-jac-opposes-merger-of-polytechnics-with-young-india-skills-univ/","SELF_CANONICAL","YES",0,"THIN_CONTENT_CRAWLED_AT_RISK","YES"
"https://thesamachardaily.in/articles/india/telugu-states-lag-behind-as-six-others-secure-foreign-university-campus-plans/","article",200,"index,follow","YES","https://thesamachardaily.in/articles/india/telugu-states-lag-behind-as-six-others-secure-foreign-university-campus-plans/","SELF_CANONICAL","YES",0,"THIN_CONTENT_CRAWLED_AT_RISK","YES"
"https://thesamachardaily.in/articles/india/the-durgas-we-worship-the-yashodhas-we-abandon/","article",200,"index,follow","YES","https://thesamachardaily.in/articles/india/the-durgas-we-worship-the-yashodhas-we-abandon/","SELF_CANONICAL","YES",0,"THIN_CONTENT_CRAWLED_AT_RISK","YES"
"https://thesamachardaily.in/articles/india/the-hindu-launches-made-of-chennai-treasure-hunt-to-spotlight-hidden-city-gems/","article",200,"index,follow","YES","https://thesamachardaily.in/articles/india/the-hindu-launches-made-of-chennai-treasure-hunt-to-spotlight-hidden-city-gems/","SELF_CANONICAL","YES",0,"THIN_CONTENT_CRAWLED_AT_RISK","YES"
"https://thesamachardaily.in/articles/india/thirty-eight-rescued-after-boat-breaks-down-off-mumbais-gateway-of-india/","article",200,"index,follow","YES","https://thesamachardaily.in/articles/india/thirty-eight-rescued-after-boat-breaks-down-off-mumbais-gateway-of-india/","SELF_CANONICAL","YES",0,"THIN_CONTENT_CRAWLED_AT_RISK","YES"
"https://thesamachardaily.in/articles/india/three-indian-shares-clear-grahamstyle-5test-trade-below-10-earnings/","article",200,"index,follow","YES","https://thesamachardaily.in/articles/india/three-indian-shares-clear-grahamstyle-5test-trade-below-10-earnings/","SELF_CANONICAL","YES",0,"THIN_CONTENT_CRAWLED_AT_RISK","YES"
"https://thesamachardaily.in/articles/india/tn-cm-vijay-announces-rs-1200-crore-secretariat-shift-out-of-fort-st-george/","article",200,"index,follow","YES","https://thesamachardaily.in/articles/india/tn-cm-vijay-announces-rs-1200-crore-secretariat-shift-out-of-fort-st-george/","SELF_CANONICAL","YES",0,"THIN_CONTENT_CRAWLED_AT_RISK","YES"
"https://thesamachardaily.in/articles/india/toxic-box-office-collection-day-3-live-updates-yash-film-eyes-rs-30-cr-day-4-after-ea/","article",200,"index,follow","YES","https://thesamachardaily.in/articles/india/toxic-box-office-collection-day-3-live-updates-yash-film-eyes-rs-30-cr-day-4-after-ea/","SELF_CANONICAL","YES",0,"THIN_CONTENT_CRAWLED_AT_RISK","YES"
"https://thesamachardaily.in/articles/india/tvk-announces-candidates-for-madurantakam-and-dharapuram-bypolls-in-tamil-nadu/","article",200,"index,follow","YES","https://thesamachardaily.in/articles/india/tvk-announces-candidates-for-madurantakam-and-dharapuram-bypolls-in-tamil-nadu/","SELF_CANONICAL","YES",0,"THIN_CONTENT_CRAWLED_AT_RISK","YES"
"https://thesamachardaily.in/articles/india/two-arrested-for-siphoning-diesel-from-parked-vehicles-on-mangalurubengaluru-highway/","article",200,"index,follow","YES","https://thesamachardaily.in/articles/india/two-arrested-for-siphoning-diesel-from-parked-vehicles-on-mangalurubengaluru-highway/","SELF_CANONICAL","YES",0,"THIN_CONTENT_CRAWLED_AT_RISK","YES"
"https://thesamachardaily.in/articles/india/two-hapur-men-killed-when-car-rams-canter-on-delhi-meerut-expressway/","article",200,"index,follow","YES","https://thesamachardaily.in/articles/india/two-hapur-men-killed-when-car-rams-canter-on-delhi-meerut-expressway/","SELF_CANONICAL","NO",0,"THIN_CONTENT_CRAWLED_AT_RISK","YES"
"https://thesamachardaily.in/articles/india/unidentified-gunmen-fire-at-three-homes-damage-vehicles-in-delhis-nand-nagri/","article",200,"noindex,follow","NO","https://thesamachardaily.in/articles/india/unidentified-gunmen-fire-at-three-homes-damage-vehicles-in-delhis-nand-nagri/","SELF_CANONICAL","NO",0,"EXCLUDED_BY_NOINDEX_LOCAL","NO"
"https://thesamachardaily.in/articles/india/untouchability-allegations-prompt-criminal-case-against-raichur-eatery-owner/","article",200,"index,follow","YES","https://thesamachardaily.in/articles/india/untouchability-allegations-prompt-criminal-case-against-raichur-eatery-owner/","SELF_CANONICAL","NO",0,"THIN_CONTENT_CRAWLED_AT_RISK","YES"
"https://thesamachardaily.in/articles/india/up-native-held-with-cannabis-infused-toffees-near-coimbatore/","article",200,"index,follow","YES","https://thesamachardaily.in/articles/india/up-native-held-with-cannabis-infused-toffees-near-coimbatore/","SELF_CANONICAL","YES",0,"THIN_CONTENT_CRAWLED_AT_RISK","YES"
"https://thesamachardaily.in/articles/india/us-ambassador-gor-meets-indias-first-iss-astronaut-shubhanshu-shukla-touts-space-ties/","article",200,"index,follow","YES","https://thesamachardaily.in/articles/india/us-ambassador-gor-meets-indias-first-iss-astronaut-shubhanshu-shukla-touts-space-ties/","SELF_CANONICAL","NO",0,"THIN_CONTENT_CRAWLED_AT_RISK","YES"
"https://thesamachardaily.in/articles/india/us-ambassador-sergio-gor-urges-expanded-business-ties-in-bengaluru/","article",200,"index,follow","YES","https://thesamachardaily.in/articles/india/us-ambassador-sergio-gor-urges-expanded-business-ties-in-bengaluru/","SELF_CANONICAL","YES",0,"THIN_CONTENT_CRAWLED_AT_RISK","YES"
"https://thesamachardaily.in/articles/india/uttar-pradesh-cabinet-approves-transfer-of-26-hectares-for-nsg-centre-in-ayodhya/","article",200,"index,follow","YES","https://thesamachardaily.in/articles/india/uttar-pradesh-cabinet-approves-transfer-of-26-hectares-for-nsg-centre-in-ayodhya/","SELF_CANONICAL","NO",0,"THIN_CONTENT_CRAWLED_AT_RISK","YES"
"https://thesamachardaily.in/articles/india/veteran-actress-nagma-says-sanjay-dutts-marathi-comment-need-not-spark-freespeech-deb/","article",200,"index,follow","YES","https://thesamachardaily.in/articles/india/veteran-actress-nagma-says-sanjay-dutts-marathi-comment-need-not-spark-freespeech-deb/","SELF_CANONICAL","NO",0,"THIN_CONTENT_CRAWLED_AT_RISK","YES"
"https://thesamachardaily.in/articles/india/vice-president-radhakrishnan-urges-educational-institutions-to-become-global-research/","article",200,"index,follow","YES","https://thesamachardaily.in/articles/india/vice-president-radhakrishnan-urges-educational-institutions-to-become-global-research/","SELF_CANONICAL","YES",0,"THIN_CONTENT_CRAWLED_AT_RISK","YES"
"https://thesamachardaily.in/articles/india/video--kashmirs-apple-orchards-the-pesticide-risk-next-door/","article",200,"index,follow","YES","https://thesamachardaily.in/articles/india/video--kashmirs-apple-orchards-the-pesticide-risk-next-door/","SELF_CANONICAL","YES",0,"THIN_CONTENT_CRAWLED_AT_RISK","YES"
"https://thesamachardaily.in/articles/india/vimal-elaichi-case-ajay-devgn-tiger-shroff-respond-to-fda-notice-srk-reply-awaited/","article",200,"index,follow","YES","https://thesamachardaily.in/articles/india/vimal-elaichi-case-ajay-devgn-tiger-shroff-respond-to-fda-notice-srk-reply-awaited/","SELF_CANONICAL","YES",0,"THIN_CONTENT_CRAWLED_AT_RISK","YES"
"https://thesamachardaily.in/articles/india/viral-video-shows-luxury-cars-number-plate-vanish-on-punemumbai-expressway/","article",200,"noindex,follow","NO","https://thesamachardaily.in/articles/india/viral-video-shows-luxury-cars-number-plate-vanish-on-punemumbai-expressway/","SELF_CANONICAL","NO",0,"EXCLUDED_BY_NOINDEX_LOCAL","NO"
"https://thesamachardaily.in/articles/india/vivo-india-launches-its-new-vivo-buds-earbuds-with-long-battery-and-noisecancellation/","article",200,"index,follow","YES","https://thesamachardaily.in/articles/india/vivo-india-launches-its-new-vivo-buds-earbuds-with-long-battery-and-noisecancellation/","SELF_CANONICAL","YES",0,"THIN_CONTENT_CRAWLED_AT_RISK","YES"
"https://thesamachardaily.in/articles/india/vp-cp-radhakrishnan-to-attend-upasi-trf-centenary-conference-in-tamil-nadu/","article",200,"index,follow","YES","https://thesamachardaily.in/articles/india/vp-cp-radhakrishnan-to-attend-upasi-trf-centenary-conference-in-tamil-nadu/","SELF_CANONICAL","NO",0,"THIN_CONTENT_CRAWLED_AT_RISK","YES"
"https://thesamachardaily.in/articles/india/water-storage-slumps-across-indias-reservoirs-south-sees-sharp-fall/","article",200,"index,follow","YES","https://thesamachardaily.in/articles/india/water-storage-slumps-across-indias-reservoirs-south-sees-sharp-fall/","SELF_CANONICAL","YES",0,"THIN_CONTENT_CRAWLED_AT_RISK","YES"
"https://thesamachardaily.in/articles/india/we-need-to-pay-attention-to-what-boys-see-and-learn-as-they-grow-up-at-home-actress-r/","article",200,"index,follow","YES","https://thesamachardaily.in/articles/india/we-need-to-pay-attention-to-what-boys-see-and-learn-as-they-grow-up-at-home-actress-r/","SELF_CANONICAL","NO",0,"THIN_CONTENT_CRAWLED_AT_RISK","YES"
"https://thesamachardaily.in/articles/india/were-nepals-deadly-floods-man-made-how-climate-change-may-have-turned-glacier-co/","article",200,"index,follow","YES","https://thesamachardaily.in/articles/india/were-nepals-deadly-floods-man-made-how-climate-change-may-have-turned-glacier-co/","SELF_CANONICAL","YES",0,"THIN_CONTENT_CRAWLED_AT_RISK","YES"
"https://thesamachardaily.in/articles/india/west-bengal-bypolls-left-announces-nandigram-rejinagar-candidates-as-tmc-splits/","article",200,"index,follow","YES","https://thesamachardaily.in/articles/india/west-bengal-bypolls-left-announces-nandigram-rejinagar-candidates-as-tmc-splits/","SELF_CANONICAL","NO",0,"THIN_CONTENT_CRAWLED_AT_RISK","YES"
"https://thesamachardaily.in/articles/india/west-bengal-fire-officials-issue-notice-to-abhishek-banerjees-office-over-safety-laps/","article",200,"index,follow","YES","https://thesamachardaily.in/articles/india/west-bengal-fire-officials-issue-notice-to-abhishek-banerjees-office-over-safety-laps/","SELF_CANONICAL","YES",0,"THIN_CONTENT_CRAWLED_AT_RISK","YES"
"https://thesamachardaily.in/articles/india/west-bengal-ssc-reconfigures-merit-list-for-12445-teacher-posts-following-quota-revis/","article",200,"index,follow","YES","https://thesamachardaily.in/articles/india/west-bengal-ssc-reconfigures-merit-list-for-12445-teacher-posts-following-quota-revis/","SELF_CANONICAL","YES",0,"THIN_CONTENT_CRAWLED_AT_RISK","YES"
"https://thesamachardaily.in/articles/india/why-akali-dal-chief-sukhbir-badals-jibe-at-amritpal-signals-impending-fight-for-punja/","article",200,"index,follow","YES","https://thesamachardaily.in/articles/india/why-akali-dal-chief-sukhbir-badals-jibe-at-amritpal-signals-impending-fight-for-punja/","SELF_CANONICAL","YES",0,"THIN_CONTENT_CRAWLED_AT_RISK","YES"
"https://thesamachardaily.in/articles/india/why-was-vaibhav-sooryavanshi-not-selected-in-india-u-19-squad-bcci-rule-is-the-reason/","article",200,"index,follow","YES","https://thesamachardaily.in/articles/india/why-was-vaibhav-sooryavanshi-not-selected-in-india-u-19-squad-bcci-rule-is-the-reason/","SELF_CANONICAL","YES",0,"THIN_CONTENT_CRAWLED_AT_RISK","YES"
"https://thesamachardaily.in/articles/india/wore-camouflage-uniforms-manipur-ambush-survivor-recalls-details-of-attackers/","article",200,"index,follow","YES","https://thesamachardaily.in/articles/india/wore-camouflage-uniforms-manipur-ambush-survivor-recalls-details-of-attackers/","SELF_CANONICAL","YES",0,"THIN_CONTENT_CRAWLED_AT_RISK","YES"
"https://thesamachardaily.in/articles/india/workshop-at-ooty-explores-space-science-human-biology/","article",200,"index,follow","YES","https://thesamachardaily.in/articles/india/workshop-at-ooty-explores-space-science-human-biology/","SELF_CANONICAL","YES",0,"THIN_CONTENT_CRAWLED_AT_RISK","YES"
"https://thesamachardaily.in/articles/india/wrestleractor-saurav-gurjar-arrested-at-mumbai-airport-on-sexual-exploitation-charges/","article",200,"index,follow","YES","https://thesamachardaily.in/articles/india/wrestleractor-saurav-gurjar-arrested-at-mumbai-airport-on-sexual-exploitation-charges/","SELF_CANONICAL","NO",0,"THIN_CONTENT_CRAWLED_AT_RISK","YES"
"https://thesamachardaily.in/articles/india/wwe-smackdown-free-live-streaming-online-august-28-get-wrestling-weekly-episode-live/","article",200,"index,follow","YES","https://thesamachardaily.in/articles/india/wwe-smackdown-free-live-streaming-online-august-28-get-wrestling-weekly-episode-live/","SELF_CANONICAL","YES",0,"THIN_CONTENT_CRAWLED_AT_RISK","YES"
"https://thesamachardaily.in/articles/india/yangi-uzbekistan-monument-reflects-aspirations-of-uzbek-people-pm-modi/","article",200,"index,follow","YES","https://thesamachardaily.in/articles/india/yangi-uzbekistan-monument-reflects-aspirations-of-uzbek-people-pm-modi/","SELF_CANONICAL","YES",0,"THIN_CONTENT_CRAWLED_AT_RISK","YES"
"https://thesamachardaily.in/articles/india/ysrcp-chief-jagan-mohan-reddy-announces-statewide-padayatra-for-sepoct-2027/","article",200,"index,follow","YES","https://thesamachardaily.in/articles/india/ysrcp-chief-jagan-mohan-reddy-announces-statewide-padayatra-for-sepoct-2027/","SELF_CANONICAL","YES",0,"THIN_CONTENT_CRAWLED_AT_RISK","YES"
"https://thesamachardaily.in/articles/sports/1979-beetles-tribute-team-wins-21st-annual-parker-youth-golf-tournament/","article",200,"index,follow","YES","https://thesamachardaily.in/articles/sports/1979-beetles-tribute-team-wins-21st-annual-parker-youth-golf-tournament/","SELF_CANONICAL","NO",0,"THIN_CONTENT_CRAWLED_AT_RISK","YES"
"https://thesamachardaily.in/articles/sports/911-as-generational-line-author-sees-it-as-memory-for-millennials-history-for-gen-z/","article",200,"index,follow","YES","https://thesamachardaily.in/articles/sports/911-as-generational-line-author-sees-it-as-memory-for-millennials-history-for-gen-z/","SELF_CANONICAL","YES",0,"THIN_CONTENT_CRAWLED_AT_RISK","YES"
"https://thesamachardaily.in/articles/sports/abhishek-sharmas-82-off-32-fuels-indias-7-wicket-win-over-afghanistan-in-1st-t20i/","article",200,"index,follow","YES","https://thesamachardaily.in/articles/sports/abhishek-sharmas-82-off-32-fuels-indias-7-wicket-win-over-afghanistan-in-1st-t20i/","SELF_CANONICAL","YES",0,"THIN_CONTENT_CRAWLED_AT_RISK","YES"
"https://thesamachardaily.in/articles/sports/ac-milan-get-english-opponents-sunderland-bournemouth-in-europa-league-draw/","article",200,"index,follow","YES","https://thesamachardaily.in/articles/sports/ac-milan-get-english-opponents-sunderland-bournemouth-in-europa-league-draw/","SELF_CANONICAL","YES",0,"THIN_CONTENT_CRAWLED_AT_RISK","YES"
"https://thesamachardaily.in/articles/sports/ac-milan-make-enquiry-for-40-million-rated-barcelona-defender-facing-complicated/","article",200,"index,follow","YES","https://thesamachardaily.in/articles/sports/ac-milan-make-enquiry-for-40-million-rated-barcelona-defender-facing-complicated/","SELF_CANONICAL","NO",0,"THIN_CONTENT_CRAWLED_AT_RISK","YES"
"https://thesamachardaily.in/articles/sports/alex-neil-urges-millwall-to-build-on-newcastle-display-ahead-of-vital-week/","article",200,"index,follow","YES","https://thesamachardaily.in/articles/sports/alex-neil-urges-millwall-to-build-on-newcastle-display-ahead-of-vital-week/","SELF_CANONICAL","YES",0,"THIN_CONTENT_CRAWLED_AT_RISK","YES"
"https://thesamachardaily.in/articles/sports/amad-diallo-and-estvo-lead-high-profile-football-transfer-rumour-mill/","article",200,"index,follow","YES","https://thesamachardaily.in/articles/sports/amad-diallo-and-estvo-lead-high-profile-football-transfer-rumour-mill/","SELF_CANONICAL","YES",0,"THIN_CONTENT_CRAWLED_AT_RISK","YES"
"https://thesamachardaily.in/articles/sports/anaheim-ducks-waive-veteran-chris-kreider-to-shed-65-million-cap-hit/","article",200,"index,follow","YES","https://thesamachardaily.in/articles/sports/anaheim-ducks-waive-veteran-chris-kreider-to-shed-65-million-cap-hit/","SELF_CANONICAL","NO",0,"THIN_CONTENT_CRAWLED_AT_RISK","YES"
"https://thesamachardaily.in/articles/sports/angel-reese-excited-to-link-up-with-breanna-stewart-as-team-usa-tips-world-cup-campai/","article",200,"index,follow","YES","https://thesamachardaily.in/articles/sports/angel-reese-excited-to-link-up-with-breanna-stewart-as-team-usa-tips-world-cup-campai/","SELF_CANONICAL","YES",0,"THIN_CONTENT_CRAWLED_AT_RISK","YES"
"https://thesamachardaily.in/articles/sports/arkansas-opens-season-with-decisive-win-over-north-alabama-silverfield-dearmon-addres/","article",200,"index,follow","YES","https://thesamachardaily.in/articles/sports/arkansas-opens-season-with-decisive-win-over-north-alabama-silverfield-dearmon-addres/","SELF_CANONICAL","YES",0,"THIN_CONTENT_CRAWLED_AT_RISK","YES"
"https://thesamachardaily.in/articles/sports/arsenal-double-bill-looms-arteta-previews-chelsea-clash-as-slegers-braces-for-wsl-ope/","article",200,"index,follow","YES","https://thesamachardaily.in/articles/sports/arsenal-double-bill-looms-arteta-previews-chelsea-clash-as-slegers-braces-for-wsl-ope/","SELF_CANONICAL","NO",0,"THIN_CONTENT_CRAWLED_AT_RISK","YES"
"https://thesamachardaily.in/articles/sports/arsenal-edge-chelsea-2-1-at-the-emirates-as-arteta-outmanoeuvres-xabi-alonso/","article",200,"index,follow","YES","https://thesamachardaily.in/articles/sports/arsenal-edge-chelsea-2-1-at-the-emirates-as-arteta-outmanoeuvres-xabi-alonso/","SELF_CANONICAL","YES",0,"THIN_CONTENT_CRAWLED_AT_RISK","YES"
"https://thesamachardaily.in/articles/sports/arteta-hints-at-jurrien-timber-return-for-arsenals-chelsea-clash/","article",200,"index,follow","YES","https://thesamachardaily.in/articles/sports/arteta-hints-at-jurrien-timber-return-for-arsenals-chelsea-clash/","SELF_CANONICAL","YES",0,"THIN_CONTENT_CRAWLED_AT_RISK","YES"
"https://thesamachardaily.in/articles/sports/asakura-ko-prop-tops-ufc-shanghai-weekend-lock/","article",200,"index,follow","YES","https://thesamachardaily.in/articles/sports/asakura-ko-prop-tops-ufc-shanghai-weekend-lock/","SELF_CANONICAL","YES",0,"THIN_CONTENT_CRAWLED_AT_RISK","YES"
"https://thesamachardaily.in/articles/sports/ashish-shelar-elected-president-of-esports-games-federation-amid-push-for-indias/","article",200,"index,follow","YES","https://thesamachardaily.in/articles/sports/ashish-shelar-elected-president-of-esports-games-federation-amid-push-for-indias/","SELF_CANONICAL","NO",0,"THIN_CONTENT_CRAWLED_AT_RISK","YES"
"https://thesamachardaily.in/articles/sports/asian-games-bound-runner-abhishek-pal-fails-dope-test-faces-suspension/","article",200,"index,follow","YES","https://thesamachardaily.in/articles/sports/asian-games-bound-runner-abhishek-pal-fails-dope-test-faces-suspension/","SELF_CANONICAL","YES",0,"THIN_CONTENT_CRAWLED_AT_RISK","YES"
"https://thesamachardaily.in/articles/sports/atlanta-hawks-waive-former-lottery-pick-devin-carter-roster-still-over-limit/","article",200,"index,follow","YES","https://thesamachardaily.in/articles/sports/atlanta-hawks-waive-former-lottery-pick-devin-carter-roster-still-over-limit/","SELF_CANONICAL","YES",0,"THIN_CONTENT_CRAWLED_AT_RISK","YES"
"https://thesamachardaily.in/articles/sports/bbc-scraps-womens-football-show-pivots-to-youtube-coverage-fronted-by-alex-scott/","article",200,"index,follow","YES","https://thesamachardaily.in/articles/sports/bbc-scraps-womens-football-show-pivots-to-youtube-coverage-fronted-by-alex-scott/","SELF_CANONICAL","YES",0,"THIN_CONTENT_CRAWLED_AT_RISK","YES"
"https://thesamachardaily.in/articles/sports/bcci-chiefs-present-fielding-medal-to-nandni-sharma-as-india-clinches-eighth-asia-cup/","article",200,"index,follow","YES","https://thesamachardaily.in/articles/sports/bcci-chiefs-present-fielding-medal-to-nandni-sharma-as-india-clinches-eighth-asia-cup/","SELF_CANONICAL","YES",0,"THIN_CONTENT_CRAWLED_AT_RISK","YES"
"https://thesamachardaily.in/articles/sports/ben-shelton-and-trinity-rodman-lean-on-each-other-as-they-chase-us-open-glory/","article",200,"index,follow","YES","https://thesamachardaily.in/articles/sports/ben-shelton-and-trinity-rodman-lean-on-each-other-as-they-chase-us-open-glory/","SELF_CANONICAL","NO",0,"THIN_CONTENT_CRAWLED_AT_RISK","YES"
"https://thesamachardaily.in/articles/sports/ben-shelton-books-us-open-final-eyes-first-us-mens-title-in-23-years/","article",200,"index,follow","YES","https://thesamachardaily.in/articles/sports/ben-shelton-books-us-open-final-eyes-first-us-mens-title-in-23-years/","SELF_CANONICAL","YES",0,"THIN_CONTENT_CRAWLED_AT_RISK","YES"
"https://thesamachardaily.in/articles/sports/bengals-shift-focus-to-adversity-ahead-of-season-opener-vs-buccaneers/","article",200,"index,follow","YES","https://thesamachardaily.in/articles/sports/bengals-shift-focus-to-adversity-ahead-of-season-opener-vs-buccaneers/","SELF_CANONICAL","YES",0,"THIN_CONTENT_CRAWLED_AT_RISK","YES"
"https://thesamachardaily.in/articles/sports/bivol-eyes-december-wbo-mandatory-vs-smith-eyes-2027-blockbuster/","article",200,"index,follow","YES","https://thesamachardaily.in/articles/sports/bivol-eyes-december-wbo-mandatory-vs-smith-eyes-2027-blockbuster/","SELF_CANONICAL","YES",0,"THIN_CONTENT_CRAWLED_AT_RISK","YES"
"https://thesamachardaily.in/articles/sports/brics-international-football-alliance-opens-india-chapter-to-boost-unity-through-spor/","article",200,"index,follow","YES","https://thesamachardaily.in/articles/sports/brics-international-football-alliance-opens-india-chapter-to-boost-unity-through-spor/","SELF_CANONICAL","NO",0,"THIN_CONTENT_CRAWLED_AT_RISK","YES"
"https://thesamachardaily.in/articles/sports/bristol-city-defeat-preston-north-end-3-1-in-sky-bet-championship-action/","article",200,"index,follow","YES","https://thesamachardaily.in/articles/sports/bristol-city-defeat-preston-north-end-3-1-in-sky-bet-championship-action/","SELF_CANONICAL","YES",0,"THIN_CONTENT_CRAWLED_AT_RISK","YES"
"https://thesamachardaily.in/articles/sports/brosmer-returns-to-vikings-via-practice-squad-after-waiver-clearance/","article",200,"index,follow","YES","https://thesamachardaily.in/articles/sports/brosmer-returns-to-vikings-via-practice-squad-after-waiver-clearance/","SELF_CANONICAL","YES",0,"THIN_CONTENT_CRAWLED_AT_RISK","YES"
"https://thesamachardaily.in/articles/sports/bucy-nets-six-as-allegany-thumps-hampshire-10-0/","article",200,"index,follow","YES","https://thesamachardaily.in/articles/sports/bucy-nets-six-as-allegany-thumps-hampshire-10-0/","SELF_CANONICAL","NO",0,"THIN_CONTENT_CRAWLED_AT_RISK","YES"
"https://thesamachardaily.in/articles/sports/bulldogs-fall-at-stillwater-in-lucas-debut/","article",200,"index,follow","YES","https://thesamachardaily.in/articles/sports/bulldogs-fall-at-stillwater-in-lucas-debut/","SELF_CANONICAL","YES",0,"THIN_CONTENT_CRAWLED_AT_RISK","YES"
"https://thesamachardaily.in/articles/sports/cal-quantrill-shuts-down-rays-in-seven-inning-gem-for-texas-rangers/","article",200,"index,follow","YES","https://thesamachardaily.in/articles/sports/cal-quantrill-shuts-down-rays-in-seven-inning-gem-for-texas-rangers/","SELF_CANONICAL","YES",0,"THIN_CONTENT_CRAWLED_AT_RISK","YES"
"https://thesamachardaily.in/articles/sports/cale-makars-landmark-deal-reshapes-future-options-for-auston-matthews-and-maple-leafs/","article",200,"index,follow","YES","https://thesamachardaily.in/articles/sports/cale-makars-landmark-deal-reshapes-future-options-for-auston-matthews-and-maple-leafs/","SELF_CANONICAL","YES",0,"THIN_CONTENT_CRAWLED_AT_RISK","YES"
"https://thesamachardaily.in/articles/sports/cbnc-previews-2026-nfl-season-with-power-rankings-draft-picks-and-award-outlook/","article",200,"index,follow","YES","https://thesamachardaily.in/articles/sports/cbnc-previews-2026-nfl-season-with-power-rankings-draft-picks-and-award-outlook/","SELF_CANONICAL","YES",0,"THIN_CONTENT_CRAWLED_AT_RISK","YES"
"https://thesamachardaily.in/articles/sports/central-alabama-football-voting-opens-for-week-3-player-of-the-week-honors/","article",200,"index,follow","YES","https://thesamachardaily.in/articles/sports/central-alabama-football-voting-opens-for-week-3-player-of-the-week-honors/","SELF_CANONICAL","YES",0,"THIN_CONTENT_CRAWLED_AT_RISK","YES"
"https://thesamachardaily.in/articles/sports/chelsea-eye-monaco-midfielder-lamine-camara-as-enzo-fernandez-replacement/","article",200,"index,follow","YES","https://thesamachardaily.in/articles/sports/chelsea-eye-monaco-midfielder-lamine-camara-as-enzo-fernandez-replacement/","SELF_CANONICAL","YES",0,"THIN_CONTENT_CRAWLED_AT_RISK","YES"
"https://thesamachardaily.in/articles/sports/chelsea-poised-to-table-100m-bid-for-real-madrid-midfielder-says-xabi-alonso/","article",200,"index,follow","YES","https://thesamachardaily.in/articles/sports/chelsea-poised-to-table-100m-bid-for-real-madrid-midfielder-says-xabi-alonso/","SELF_CANONICAL","NO",0,"THIN_CONTENT_CRAWLED_AT_RISK","YES"
"https://thesamachardaily.in/articles/sports/chelsea-ready-to-sell-enzo-fernandez-to-manchester-city-for-right-price-report/","article",200,"index,follow","YES","https://thesamachardaily.in/articles/sports/chelsea-ready-to-sell-enzo-fernandez-to-manchester-city-for-right-price-report/","SELF_CANONICAL","YES",0,"THIN_CONTENT_CRAWLED_AT_RISK","YES"
"https://thesamachardaily.in/articles/sports/chelsea-turnaround-back-to-back-wins-end-artetas-dominance/","article",200,"index,follow","YES","https://thesamachardaily.in/articles/sports/chelsea-turnaround-back-to-back-wins-end-artetas-dominance/","SELF_CANONICAL","YES",0,"THIN_CONTENT_CRAWLED_AT_RISK","YES"
"https://thesamachardaily.in/articles/sports/chiefs-top-broncos-as-mahomes-walker-kelce-nix-and-waddle-shine/","article",200,"index,follow","YES","https://thesamachardaily.in/articles/sports/chiefs-top-broncos-as-mahomes-walker-kelce-nix-and-waddle-shine/","SELF_CANONICAL","YES",0,"THIN_CONTENT_CRAWLED_AT_RISK","YES"
"https://thesamachardaily.in/articles/sports/clay-panthers-defeat-new-boston-glenwood-tigers-3-2-in-soc-i-showdown/","article",200,"index,follow","YES","https://thesamachardaily.in/articles/sports/clay-panthers-defeat-new-boston-glenwood-tigers-3-2-in-soc-i-showdown/","SELF_CANONICAL","NO",0,"THIN_CONTENT_CRAWLED_AT_RISK","YES"
"https://thesamachardaily.in/articles/sports/cole-palmer-pulls-out-of-england-squad-with-minor-muscle-injury-ahead-of-nations-leag/","article",200,"index,follow","YES","https://thesamachardaily.in/articles/sports/cole-palmer-pulls-out-of-england-squad-with-minor-muscle-injury-ahead-of-nations-leag/","SELF_CANONICAL","NO",0,"THIN_CONTENT_CRAWLED_AT_RISK","YES"
"https://thesamachardaily.in/articles/sports/cole-palmer-sparks-chelsea-comeback-to-beat-leeds-5-3-in-carabao-cup-thriller/","article",200,"index,follow","YES","https://thesamachardaily.in/articles/sports/cole-palmer-sparks-chelsea-comeback-to-beat-leeds-5-3-in-carabao-cup-thriller/","SELF_CANONICAL","YES",0,"THIN_CONTENT_CRAWLED_AT_RISK","YES"
"https://thesamachardaily.in/articles/sports/college-football-week-2-elite-pedigree-meets-desperation-in-crucial-slate/","article",200,"index,follow","YES","https://thesamachardaily.in/articles/sports/college-football-week-2-elite-pedigree-meets-desperation-in-crucial-slate/","SELF_CANONICAL","YES",0,"THIN_CONTENT_CRAWLED_AT_RISK","YES"
"https://thesamachardaily.in/articles/sports/commanders-finish-preseason-with-blowout-loss-to-ravens/","article",200,"index,follow","YES","https://thesamachardaily.in/articles/sports/commanders-finish-preseason-with-blowout-loss-to-ravens/","SELF_CANONICAL","YES",0,"THIN_CONTENT_CRAWLED_AT_RISK","YES"
"https://thesamachardaily.in/articles/sports/congress-leader-salman-khurshid-comments-on-indias-refusal-to-accept-asia-cup-trophy/","article",200,"index,follow","YES","https://thesamachardaily.in/articles/sports/congress-leader-salman-khurshid-comments-on-indias-refusal-to-accept-asia-cup-trophy/","SELF_CANONICAL","YES",0,"THIN_CONTENT_CRAWLED_AT_RISK","YES"
"https://thesamachardaily.in/articles/sports/ddca-unveils-upgraded-led-perimeter-displays-at-arun-jaitley-stadium-for-india-afghan/","article",200,"index,follow","YES","https://thesamachardaily.in/articles/sports/ddca-unveils-upgraded-led-perimeter-displays-at-arun-jaitley-stadium-for-india-afghan/","SELF_CANONICAL","YES",0,"THIN_CONTENT_CRAWLED_AT_RISK","YES"
"https://thesamachardaily.in/articles/sports/decades-in-sports-how-colin-kaepernick-taking-a-knee-in-2016-revived-athlete-activism/","article",200,"index,follow","YES","https://thesamachardaily.in/articles/sports/decades-in-sports-how-colin-kaepernick-taking-a-knee-in-2016-revived-athlete-activism/","SELF_CANONICAL","YES",0,"THIN_CONTENT_CRAWLED_AT_RISK","YES"
"https://thesamachardaily.in/articles/sports/delhi-capitals-plan-coaching-overhaul-with-chaminda-vaas-and-sourav-ganguly/","article",200,"index,follow","YES","https://thesamachardaily.in/articles/sports/delhi-capitals-plan-coaching-overhaul-with-chaminda-vaas-and-sourav-ganguly/","SELF_CANONICAL","YES",0,"THIN_CONTENT_CRAWLED_AT_RISK","YES"
"https://thesamachardaily.in/articles/sports/derbyshires-aneurin-donald-to-make-england-t20-debut-at-rose-bowl-against-sri-lanka/","article",200,"index,follow","YES","https://thesamachardaily.in/articles/sports/derbyshires-aneurin-donald-to-make-england-t20-debut-at-rose-bowl-against-sri-lanka/","SELF_CANONICAL","YES",0,"THIN_CONTENT_CRAWLED_AT_RISK","YES"
"https://thesamachardaily.in/articles/sports/diana-edulji-urges-harmanpreet-kaur-to-pass-captaincy-to-smriti-mandhana/","article",200,"index,follow","YES","https://thesamachardaily.in/articles/sports/diana-edulji-urges-harmanpreet-kaur-to-pass-captaincy-to-smriti-mandhana/","SELF_CANONICAL","NO",0,"THIN_CONTENT_CRAWLED_AT_RISK","YES"
"https://thesamachardaily.in/articles/sports/dodgers-prospect-josue-de-paula-belts-416-foot-homer-for-first-mlb-hit/","article",200,"index,follow","YES","https://thesamachardaily.in/articles/sports/dodgers-prospect-josue-de-paula-belts-416-foot-homer-for-first-mlb-hit/","SELF_CANONICAL","YES",0,"THIN_CONTENT_CRAWLED_AT_RISK","YES"
"https://thesamachardaily.in/articles/sports/eci-assigns-new-symbols-to-mamata-banerjee-and-arup-roy-tmc-factions-ahead-of-oct-6-b/","article",200,"index,follow","YES","https://thesamachardaily.in/articles/sports/eci-assigns-new-symbols-to-mamata-banerjee-and-arup-roy-tmc-factions-ahead-of-oct-6-b/","SELF_CANONICAL","YES",0,"THIN_CONTENT_CRAWLED_AT_RISK","YES"
"https://thesamachardaily.in/articles/sports/edinburgh-castle-rockers-face-belfast-wolves-in-etpl-2026-final-at-dublin/","article",200,"index,follow","YES","https://thesamachardaily.in/articles/sports/edinburgh-castle-rockers-face-belfast-wolves-in-etpl-2026-final-at-dublin/","SELF_CANONICAL","YES",0,"THIN_CONTENT_CRAWLED_AT_RISK","YES"
"https://thesamachardaily.in/articles/sports/ex-buffalo-bill-ray-bentley-brings-super-bowl-experience-to-winnacunnet-football/","article",200,"index,follow","YES","https://thesamachardaily.in/articles/sports/ex-buffalo-bill-ray-bentley-brings-super-bowl-experience-to-winnacunnet-football/","SELF_CANONICAL","YES",0,"THIN_CONTENT_CRAWLED_AT_RISK","YES"
"https://thesamachardaily.in/articles/sports/farmers-almanac-issues-202627-winter-outlook-massachusetts-forecast-awaited/","article",200,"index,follow","YES","https://thesamachardaily.in/articles/sports/farmers-almanac-issues-202627-winter-outlook-massachusetts-forecast-awaited/","SELF_CANONICAL","YES",0,"THIN_CONTENT_CRAWLED_AT_RISK","YES"
"https://thesamachardaily.in/articles/sports/flix-bautista-vows-orioles-comeback-after-2025-shoulder-surgery/","article",200,"index,follow","YES","https://thesamachardaily.in/articles/sports/flix-bautista-vows-orioles-comeback-after-2025-shoulder-surgery/","SELF_CANONICAL","YES",0,"THIN_CONTENT_CRAWLED_AT_RISK","YES"
"https://thesamachardaily.in/articles/sports/former-nfl-defensive-back-alphonso-smith-jr-dies-at-40-after-distressing-post/","article",200,"index,follow","YES","https://thesamachardaily.in/articles/sports/former-nfl-defensive-back-alphonso-smith-jr-dies-at-40-after-distressing-post/","SELF_CANONICAL","YES",0,"THIN_CONTENT_CRAWLED_AT_RISK","YES"
"https://thesamachardaily.in/articles/sports/former-tcu-horned-frog-josh-hoover-impresses-at-indiana-spring-practice/","article",200,"index,follow","YES","https://thesamachardaily.in/articles/sports/former-tcu-horned-frog-josh-hoover-impresses-at-indiana-spring-practice/","SELF_CANONICAL","YES",0,"THIN_CONTENT_CRAWLED_AT_RISK","YES"
"https://thesamachardaily.in/articles/sports/four-sweepstakes-slots-recommended-ahead-of-nfl-week-1/","article",200,"index,follow","YES","https://thesamachardaily.in/articles/sports/four-sweepstakes-slots-recommended-ahead-of-nfl-week-1/","SELF_CANONICAL","YES",0,"THIN_CONTENT_CRAWLED_AT_RISK","YES"
"https://thesamachardaily.in/articles/sports/freeman-praises-notre-dame-after-27-10-win-over-michigan-state/","article",200,"index,follow","YES","https://thesamachardaily.in/articles/sports/freeman-praises-notre-dame-after-27-10-win-over-michigan-state/","SELF_CANONICAL","YES",0,"THIN_CONTENT_CRAWLED_AT_RISK","YES"
"https://thesamachardaily.in/articles/sports/fulham-edge-west-ham-3-2-in-carabao-cup-london-derby-oscar-bobb-clinches-win/","article",200,"index,follow","YES","https://thesamachardaily.in/articles/sports/fulham-edge-west-ham-3-2-in-carabao-cup-london-derby-oscar-bobb-clinches-win/","SELF_CANONICAL","YES",0,"THIN_CONTENT_CRAWLED_AT_RISK","YES"
"https://thesamachardaily.in/articles/sports/gabriel-jesus-close-to-leaving-arsenal-for-barcelona-in-86m-deal/","article",200,"index,follow","YES","https://thesamachardaily.in/articles/sports/gabriel-jesus-close-to-leaving-arsenal-for-barcelona-in-86m-deal/","SELF_CANONICAL","YES",0,"THIN_CONTENT_CRAWLED_AT_RISK","YES"
"https://thesamachardaily.in/articles/sports/galo-fa-defeats-guarulhos-rhynos-27-14-to-keep-brasileiro-hopes-alive/","article",200,"index,follow","YES","https://thesamachardaily.in/articles/sports/galo-fa-defeats-guarulhos-rhynos-27-14-to-keep-brasileiro-hopes-alive/","SELF_CANONICAL","NO",0,"THIN_CONTENT_CRAWLED_AT_RISK","YES"
"https://thesamachardaily.in/articles/sports/gautam-gambhir-praises-indias-mental-toughness-gives-special-shoutout-to-sonal-d/","article",200,"index,follow","YES","https://thesamachardaily.in/articles/sports/gautam-gambhir-praises-indias-mental-toughness-gives-special-shoutout-to-sonal-d/","SELF_CANONICAL","YES",0,"THIN_CONTENT_CRAWLED_AT_RISK","YES"
"https://thesamachardaily.in/articles/sports/graham-alexander-accepts-fan-boos-demands-focus-ahead-of-mansfield-test/","article",200,"index,follow","YES","https://thesamachardaily.in/articles/sports/graham-alexander-accepts-fan-boos-demands-focus-ahead-of-mansfield-test/","SELF_CANONICAL","YES",0,"THIN_CONTENT_CRAWLED_AT_RISK","YES"
"https://thesamachardaily.in/articles/sports/graham-alexander-praises-bobby-pointon-as-merit-system-earns-bradford-city-star-third/","article",200,"index,follow","YES","https://thesamachardaily.in/articles/sports/graham-alexander-praises-bobby-pointon-as-merit-system-earns-bradford-city-star-third/","SELF_CANONICAL","YES",0,"THIN_CONTENT_CRAWLED_AT_RISK","YES"
"https://thesamachardaily.in/articles/sports/greg-cote-unveils-week-1-nfl-picks-continuing-miami-heralds-friday-page-legacy/","article",200,"index,follow","YES","https://thesamachardaily.in/articles/sports/greg-cote-unveils-week-1-nfl-picks-continuing-miami-heralds-friday-page-legacy/","SELF_CANONICAL","YES",0,"THIN_CONTENT_CRAWLED_AT_RISK","YES"
"https://thesamachardaily.in/articles/sports/hamilton-slams-barrier-in-practice-defies-team-orders-to-stop/","article",200,"index,follow","YES","https://thesamachardaily.in/articles/sports/hamilton-slams-barrier-in-practice-defies-team-orders-to-stop/","SELF_CANONICAL","YES",0,"THIN_CONTENT_CRAWLED_AT_RISK","YES"
"https://thesamachardaily.in/articles/sports/harbaughs-grueling-camp-readies-giants-for-rams-showdown-after-dallas-win/","article",200,"index,follow","YES","https://thesamachardaily.in/articles/sports/harbaughs-grueling-camp-readies-giants-for-rams-showdown-after-dallas-win/","SELF_CANONICAL","YES",0,"THIN_CONTENT_CRAWLED_AT_RISK","YES"
"https://thesamachardaily.in/articles/sports/hibernian-aberdeen-under-fire-as-fans-demand-answers-ahead-of-cup-quarter-finals/","article",200,"index,follow","YES","https://thesamachardaily.in/articles/sports/hibernian-aberdeen-under-fire-as-fans-demand-answers-ahead-of-cup-quarter-finals/","SELF_CANONICAL","YES",0,"THIN_CONTENT_CRAWLED_AT_RISK","YES"
"https://thesamachardaily.in/articles/sports/hornets-split-pool-play-at-greater-kansas-city-softball-invitational-with-one-whammy/","article",200,"index,follow","YES","https://thesamachardaily.in/articles/sports/hornets-split-pool-play-at-greater-kansas-city-softball-invitational-with-one-whammy/","SELF_CANONICAL","YES",0,"THIN_CONTENT_CRAWLED_AT_RISK","YES"
"https://thesamachardaily.in/articles/sports/hull-city-midfielder-sorba-thomas-flips-160k-land-rover-escapes-injury/","article",200,"noindex,follow","NO","https://thesamachardaily.in/articles/sports/hull-city-midfielder-sorba-thomas-flips-160k-land-rover-escapes-injury/","SELF_CANONICAL","NO",0,"EXCLUDED_BY_NOINDEX_LOCAL","NO"
"https://thesamachardaily.in/articles/sports/hyderabad-cricket-associations-new-moves-spark-hope-for-womens-cricket/","article",200,"index,follow","YES","https://thesamachardaily.in/articles/sports/hyderabad-cricket-associations-new-moves-spark-hope-for-womens-cricket/","SELF_CANONICAL","YES",0,"THIN_CONTENT_CRAWLED_AT_RISK","YES"
"https://thesamachardaily.in/articles/sports/i-am-the-king-deep-dasgupta-reveals-how-sourav-ganguly-transformed-team-indias-mindse/","article",200,"index,follow","YES","https://thesamachardaily.in/articles/sports/i-am-the-king-deep-dasgupta-reveals-how-sourav-ganguly-transformed-team-indias-mindse/","SELF_CANONICAL","NO",0,"THIN_CONTENT_CRAWLED_AT_RISK","YES"
"https://thesamachardaily.in/articles/sports/i-really-feel-sorry-for-him-ashwin-hits-out-at-team-indias-handling-of-kuldeep-y/","article",200,"index,follow","YES","https://thesamachardaily.in/articles/sports/i-really-feel-sorry-for-him-ashwin-hits-out-at-team-indias-handling-of-kuldeep-y/","SELF_CANONICAL","YES",0,"THIN_CONTENT_CRAWLED_AT_RISK","YES"
"https://thesamachardaily.in/articles/sports/inaugural-fat-marmot-week-crowns-first-winner-ahead-of-winter-season/","article",200,"index,follow","YES","https://thesamachardaily.in/articles/sports/inaugural-fat-marmot-week-crowns-first-winner-ahead-of-winter-season/","SELF_CANONICAL","NO",0,"THIN_CONTENT_CRAWLED_AT_RISK","YES"
"https://thesamachardaily.in/articles/sports/india-announces-30shooter-squad-for-2026-asian-games-in-nagoya/","article",200,"index,follow","YES","https://thesamachardaily.in/articles/sports/india-announces-30shooter-squad-for-2026-asian-games-in-nagoya/","SELF_CANONICAL","YES",0,"THIN_CONTENT_CRAWLED_AT_RISK","YES"
"https://thesamachardaily.in/articles/sports/india-clinches-asia-cup-as-pcb-chief-skips-trophy-handover/","article",200,"index,follow","YES","https://thesamachardaily.in/articles/sports/india-clinches-asia-cup-as-pcb-chief-skips-trophy-handover/","SELF_CANONICAL","YES",0,"THIN_CONTENT_CRAWLED_AT_RISK","YES"
"https://thesamachardaily.in/articles/sports/india-to-host-west-indies-for-5th-t20i-at-bengaluru-on-oct-17-2026/","article",200,"index,follow","YES","https://thesamachardaily.in/articles/sports/india-to-host-west-indies-for-5th-t20i-at-bengaluru-on-oct-17-2026/","SELF_CANONICAL","YES",0,"THIN_CONTENT_CRAWLED_AT_RISK","YES"
"https://thesamachardaily.in/articles/sports/india-u17-women-to-play-two-friendlies-against-philippines-in-goa/","article",200,"index,follow","YES","https://thesamachardaily.in/articles/sports/india-u17-women-to-play-two-friendlies-against-philippines-in-goa/","SELF_CANONICAL","YES",0,"THIN_CONTENT_CRAWLED_AT_RISK","YES"
"https://thesamachardaily.in/articles/sports/india-women-choose-to-bat-first-in-asian-games-semifinal-vs-bangladesh/","article",200,"index,follow","YES","https://thesamachardaily.in/articles/sports/india-women-choose-to-bat-first-in-asian-games-semifinal-vs-bangladesh/","SELF_CANONICAL","YES",0,"THIN_CONTENT_CRAWLED_AT_RISK","YES"
"https://thesamachardaily.in/articles/sports/indiana-football-2026-prediction-can-curt-cignetti-deliver-more-magic/","article",200,"index,follow","YES","https://thesamachardaily.in/articles/sports/indiana-football-2026-prediction-can-curt-cignetti-deliver-more-magic/","SELF_CANONICAL","YES",0,"THIN_CONTENT_CRAWLED_AT_RISK","YES"
"https://thesamachardaily.in/articles/sports/indiana-state-aims-for-second-straight-win-against-valparaiso-at-memorial-stadium/","article",200,"index,follow","YES","https://thesamachardaily.in/articles/sports/indiana-state-aims-for-second-straight-win-against-valparaiso-at-memorial-stadium/","SELF_CANONICAL","YES",0,"THIN_CONTENT_CRAWLED_AT_RISK","YES"
"https://thesamachardaily.in/articles/sports/inter-miamis-nu-stadium-to-host-2027-womens-champions-cup-semi-finals-and-final/","article",200,"index,follow","YES","https://thesamachardaily.in/articles/sports/inter-miamis-nu-stadium-to-host-2027-womens-champions-cup-semi-finals-and-final/","SELF_CANONICAL","YES",0,"THIN_CONTENT_CRAWLED_AT_RISK","YES"
"https://thesamachardaily.in/articles/sports/iowa-high-school-football-cedar-rapids-xavier-prepares-for-western-dubuque/","article",200,"index,follow","YES","https://thesamachardaily.in/articles/sports/iowa-high-school-football-cedar-rapids-xavier-prepares-for-western-dubuque/","SELF_CANONICAL","YES",0,"THIN_CONTENT_CRAWLED_AT_RISK","YES"
"https://thesamachardaily.in/articles/sports/iowa-meets-michigan-in-football-showdown-on-sept-26-2026/","article",200,"index,follow","YES","https://thesamachardaily.in/articles/sports/iowa-meets-michigan-in-football-showdown-on-sept-26-2026/","SELF_CANONICAL","YES",0,"THIN_CONTENT_CRAWLED_AT_RISK","YES"
"https://thesamachardaily.in/articles/sports/jamie-carragher-likens-arsenals-mikel-arteta-to-sir-alex-ferguson-after-referee-rant/","article",200,"index,follow","YES","https://thesamachardaily.in/articles/sports/jamie-carragher-likens-arsenals-mikel-arteta-to-sir-alex-ferguson-after-referee-rant/","SELF_CANONICAL","YES",0,"THIN_CONTENT_CRAWLED_AT_RISK","YES"
"https://thesamachardaily.in/articles/sports/jayden-danns-out-for-liverpooltottenham-carabao-cup-three-others-in-contention/","article",200,"index,follow","YES","https://thesamachardaily.in/articles/sports/jayden-danns-out-for-liverpooltottenham-carabao-cup-three-others-in-contention/","SELF_CANONICAL","YES",0,"THIN_CONTENT_CRAWLED_AT_RISK","YES"
"https://thesamachardaily.in/articles/sports/jets-name-six-captains-as-garrett-wilson-reacts-to-being-left-off-list/","article",200,"index,follow","YES","https://thesamachardaily.in/articles/sports/jets-name-six-captains-as-garrett-wilson-reacts-to-being-left-off-list/","SELF_CANONICAL","YES",0,"THIN_CONTENT_CRAWLED_AT_RISK","YES"
"https://thesamachardaily.in/articles/sports/joe-root-eclipses-tendulkars-test-fifty-record-in-englands-win-over-pakistan/","article",200,"index,follow","YES","https://thesamachardaily.in/articles/sports/joe-root-eclipses-tendulkars-test-fifty-record-in-englands-win-over-pakistan/","SELF_CANONICAL","YES",0,"THIN_CONTENT_CRAWLED_AT_RISK","YES"
"https://thesamachardaily.in/articles/sports/josh-jacobs-court-appearance-moved-from-november-17-to-september-10/","article",200,"index,follow","YES","https://thesamachardaily.in/articles/sports/josh-jacobs-court-appearance-moved-from-november-17-to-september-10/","SELF_CANONICAL","YES",0,"THIN_CONTENT_CRAWLED_AT_RISK","YES"
"https://thesamachardaily.in/articles/sports/julian-taylor-detroit-cass-tech-star-lights-it-up-on-offense-and-defense/","article",200,"noindex,follow","NO","https://thesamachardaily.in/articles/sports/julian-taylor-detroit-cass-tech-star-lights-it-up-on-offense-and-defense/","SELF_CANONICAL","YES",0,"EXCLUDED_BY_NOINDEX_LOCAL","NO"
"https://thesamachardaily.in/articles/sports/juventus-reverse-course-offer-contract-renewal-to-nico-gonzalez-after-summer-exit-pus/","article",200,"index,follow","YES","https://thesamachardaily.in/articles/sports/juventus-reverse-course-offer-contract-renewal-to-nico-gonzalez-after-summer-exit-pus/","SELF_CANONICAL","YES",0,"THIN_CONTENT_CRAWLED_AT_RISK","YES"
"https://thesamachardaily.in/articles/sports/kevin-mccarthy-clinches-second-westmoreland-county-supersenior-golf-title/","article",200,"noindex,follow","NO","https://thesamachardaily.in/articles/sports/kevin-mccarthy-clinches-second-westmoreland-county-supersenior-golf-title/","SELF_CANONICAL","NO",0,"EXCLUDED_BY_NOINDEX_LOCAL","NO"
"https://thesamachardaily.in/articles/sports/knicks-target-konchar-and-eubanks-to-shore-up-frontcourt-depth-ahead-of-camp/","article",200,"index,follow","YES","https://thesamachardaily.in/articles/sports/knicks-target-konchar-and-eubanks-to-shore-up-frontcourt-depth-ahead-of-camp/","SELF_CANONICAL","YES",0,"THIN_CONTENT_CRAWLED_AT_RISK","YES"
"https://thesamachardaily.in/articles/sports/kovac-lauds-veerman-nwaneri-as-dortmund-rally-from-twogoal-deficit/","article",200,"index,follow","YES","https://thesamachardaily.in/articles/sports/kovac-lauds-veerman-nwaneri-as-dortmund-rally-from-twogoal-deficit/","SELF_CANONICAL","YES",0,"THIN_CONTENT_CRAWLED_AT_RISK","YES"
"https://thesamachardaily.in/articles/sports/league-of-legends-patch-2618-rolls-out-kassadin-buffs-bard-nerfs-and-caps-hall-of-leg/","article",200,"index,follow","YES","https://thesamachardaily.in/articles/sports/league-of-legends-patch-2618-rolls-out-kassadin-buffs-bard-nerfs-and-caps-hall-of-leg/","SELF_CANONICAL","NO",0,"THIN_CONTENT_CRAWLED_AT_RISK","YES"
"https://thesamachardaily.in/articles/sports/lebanon-county-football-top-performers-named-after-week-1-kickoff/","article",200,"index,follow","YES","https://thesamachardaily.in/articles/sports/lebanon-county-football-top-performers-named-after-week-1-kickoff/","SELF_CANONICAL","YES",0,"THIN_CONTENT_CRAWLED_AT_RISK","YES"
"https://thesamachardaily.in/articles/sports/lenny-krieg-joins-green-bay-packers-practice-squad-ahead-of-week-1/","article",200,"index,follow","YES","https://thesamachardaily.in/articles/sports/lenny-krieg-joins-green-bay-packers-practice-squad-ahead-of-week-1/","SELF_CANONICAL","YES",0,"THIN_CONTENT_CRAWLED_AT_RISK","YES"
"https://thesamachardaily.in/articles/sports/lewandowski-says-real-madrid-look-stronger-under-mourinho-loyalty-to-barcelona-unchan/","article",200,"index,follow","YES","https://thesamachardaily.in/articles/sports/lewandowski-says-real-madrid-look-stronger-under-mourinho-loyalty-to-barcelona-unchan/","SELF_CANONICAL","YES",0,"THIN_CONTENT_CRAWLED_AT_RISK","YES"
"https://thesamachardaily.in/articles/sports/lightning-halts-clemson-unc-football-clash-at-home-stadium-due-to-lightning/","article",200,"index,follow","YES","https://thesamachardaily.in/articles/sports/lightning-halts-clemson-unc-football-clash-at-home-stadium-due-to-lightning/","SELF_CANONICAL","YES",0,"THIN_CONTENT_CRAWLED_AT_RISK","YES"
"https://thesamachardaily.in/articles/sports/lionel-messi-turns-the-clock-back-with-4-goals-as-inter-miami-run-riot-in-7-1-victory/","article",200,"index,follow","YES","https://thesamachardaily.in/articles/sports/lionel-messi-turns-the-clock-back-with-4-goals-as-inter-miami-run-riot-in-7-1-victory/","SELF_CANONICAL","YES",0,"THIN_CONTENT_CRAWLED_AT_RISK","YES"
"https://thesamachardaily.in/articles/sports/lisa-baum-lights-up-arsenal-debut-with-early-goal-after-record-transfer/","article",200,"index,follow","YES","https://thesamachardaily.in/articles/sports/lisa-baum-lights-up-arsenal-debut-with-early-goal-after-record-transfer/","SELF_CANONICAL","YES",0,"THIN_CONTENT_CRAWLED_AT_RISK","YES"
"https://thesamachardaily.in/articles/sports/liverpool-basketball-appoints-veteran-nba-coach-roy-rogers-as-first-head-coach/","article",200,"index,follow","YES","https://thesamachardaily.in/articles/sports/liverpool-basketball-appoints-veteran-nba-coach-roy-rogers-as-first-head-coach/","SELF_CANONICAL","YES",0,"THIN_CONTENT_CRAWLED_AT_RISK","YES"
"https://thesamachardaily.in/articles/sports/liverpool-prospect-kieran-morrison-praised-for-hardwork-ethic-in-early-sheffield-wedn/","article",200,"index,follow","YES","https://thesamachardaily.in/articles/sports/liverpool-prospect-kieran-morrison-praised-for-hardwork-ethic-in-early-sheffield-wedn/","SELF_CANONICAL","YES",0,"THIN_CONTENT_CRAWLED_AT_RISK","YES"
"https://thesamachardaily.in/articles/sports/logano-clinches-bristol-win-as-hocevars-third-place-sparks-pit-fight-with-blaney/","article",200,"index,follow","YES","https://thesamachardaily.in/articles/sports/logano-clinches-bristol-win-as-hocevars-third-place-sparks-pit-fight-with-blaney/","SELF_CANONICAL","YES",0,"THIN_CONTENT_CRAWLED_AT_RISK","YES"
"https://thesamachardaily.in/articles/sports/ludhiana-lions-salil-arora-says-sherepunjab-t20-league-a-key-pathway-to-ipl-contracts/","article",200,"index,follow","YES","https://thesamachardaily.in/articles/sports/ludhiana-lions-salil-arora-says-sherepunjab-t20-league-a-key-pathway-to-ipl-contracts/","SELF_CANONICAL","YES",0,"THIN_CONTENT_CRAWLED_AT_RISK","YES"
"https://thesamachardaily.in/articles/sports/luke-murray-recruits-uconn-alums-and-dan-hurley-protg-to-boston-college-staff/","article",200,"index,follow","YES","https://thesamachardaily.in/articles/sports/luke-murray-recruits-uconn-alums-and-dan-hurley-protg-to-boston-college-staff/","SELF_CANONICAL","YES",0,"THIN_CONTENT_CRAWLED_AT_RISK","YES"
"https://thesamachardaily.in/articles/sports/maddie-geritz-returns-to-hilltop-as-assistant-coach-for-womens-basketball/","article",200,"index,follow","YES","https://thesamachardaily.in/articles/sports/maddie-geritz-returns-to-hilltop-as-assistant-coach-for-womens-basketball/","SELF_CANONICAL","NO",0,"THIN_CONTENT_CRAWLED_AT_RISK","YES"
"https://thesamachardaily.in/articles/sports/man-united-cite-dowman-rooney-claims-in-jj-gabriels-transfer-request/","article",200,"index,follow","YES","https://thesamachardaily.in/articles/sports/man-united-cite-dowman-rooney-claims-in-jj-gabriels-transfer-request/","SELF_CANONICAL","YES",0,"THIN_CONTENT_CRAWLED_AT_RISK","YES"
"https://thesamachardaily.in/articles/sports/man-united-contact-bundesliga-giants-over-86m-midfield-swoop-in-january/","article",200,"index,follow","YES","https://thesamachardaily.in/articles/sports/man-united-contact-bundesliga-giants-over-86m-midfield-swoop-in-january/","SELF_CANONICAL","YES",0,"THIN_CONTENT_CRAWLED_AT_RISK","YES"
"https://thesamachardaily.in/articles/sports/man-utd-squad-overhaul-leaves-four-survivors-ahead-of-champions-league-opener-against/","article",200,"index,follow","YES","https://thesamachardaily.in/articles/sports/man-utd-squad-overhaul-leaves-four-survivors-ahead-of-champions-league-opener-against/","SELF_CANONICAL","YES",0,"THIN_CONTENT_CRAWLED_AT_RISK","YES"
"https://thesamachardaily.in/articles/sports/manchester-city-in-talks-to-sign-liverpools-cody-gakpo-report/","article",200,"index,follow","YES","https://thesamachardaily.in/articles/sports/manchester-city-in-talks-to-sign-liverpools-cody-gakpo-report/","SELF_CANONICAL","YES",0,"THIN_CONTENT_CRAWLED_AT_RISK","YES"
"https://thesamachardaily.in/articles/sports/maresca-cites-past-derby-offside-dispute-as-pro-ref-apologises-for-haaland-goal/","article",200,"index,follow","YES","https://thesamachardaily.in/articles/sports/maresca-cites-past-derby-offside-dispute-as-pro-ref-apologises-for-haaland-goal/","SELF_CANONICAL","NO",0,"THIN_CONTENT_CRAWLED_AT_RISK","YES"
"https://thesamachardaily.in/articles/sports/marlins-eager-to-take-advantage-of-schedule-in-opener-vs-nationals/","article",200,"index,follow","YES","https://thesamachardaily.in/articles/sports/marlins-eager-to-take-advantage-of-schedule-in-opener-vs-nationals/","SELF_CANONICAL","YES",0,"THIN_CONTENT_CRAWLED_AT_RISK","YES"
"https://thesamachardaily.in/articles/sports/marquette-tops-inaugural-area-boys-soccer-power-rankings/","article",200,"index,follow","YES","https://thesamachardaily.in/articles/sports/marquette-tops-inaugural-area-boys-soccer-power-rankings/","SELF_CANONICAL","YES",0,"THIN_CONTENT_CRAWLED_AT_RISK","YES"
"https://thesamachardaily.in/articles/sports/mayo-tops-se-minnesota-soccer-rankings-after-late-win-over-john-marshall/","article",200,"index,follow","YES","https://thesamachardaily.in/articles/sports/mayo-tops-se-minnesota-soccer-rankings-after-late-win-over-john-marshall/","SELF_CANONICAL","NO",0,"THIN_CONTENT_CRAWLED_AT_RISK","YES"
"https://thesamachardaily.in/articles/sports/mcac-crossover-norse-secure-single-win-in-four-matches-during-tournament-run/","article",200,"index,follow","YES","https://thesamachardaily.in/articles/sports/mcac-crossover-norse-secure-single-win-in-four-matches-during-tournament-run/","SELF_CANONICAL","YES",0,"THIN_CONTENT_CRAWLED_AT_RISK","YES"
"https://thesamachardaily.in/articles/sports/mets-edge-marlins-15-14-in-thriller-guided-by-lindor-and-morel/","article",200,"index,follow","YES","https://thesamachardaily.in/articles/sports/mets-edge-marlins-15-14-in-thriller-guided-by-lindor-and-morel/","SELF_CANONICAL","NO",0,"THIN_CONTENT_CRAWLED_AT_RISK","YES"
"https://thesamachardaily.in/articles/sports/minnesota-united-transfer-window-graded-failing-after-only-three-signings/","article",200,"index,follow","YES","https://thesamachardaily.in/articles/sports/minnesota-united-transfer-window-graded-failing-after-only-three-signings/","SELF_CANONICAL","YES",0,"THIN_CONTENT_CRAWLED_AT_RISK","YES"
"https://thesamachardaily.in/articles/sports/mizutani-why-is-vikings-quarterback-jj-mccarthy-so-polarizing/","article",200,"index,follow","YES","https://thesamachardaily.in/articles/sports/mizutani-why-is-vikings-quarterback-jj-mccarthy-so-polarizing/","SELF_CANONICAL","YES",0,"THIN_CONTENT_CRAWLED_AT_RISK","YES"
"https://thesamachardaily.in/articles/sports/mlb-round-up-dodgers-edge-cardinals-in-thriller-rangers-cruise-as-blue-jays-astros-re/","article",200,"index,follow","YES","https://thesamachardaily.in/articles/sports/mlb-round-up-dodgers-edge-cardinals-in-thriller-rangers-cruise-as-blue-jays-astros-re/","SELF_CANONICAL","YES",0,"THIN_CONTENT_CRAWLED_AT_RISK","YES"
"https://thesamachardaily.in/articles/sports/mma-mania-publishes-sunday-open-thread-on-september-6-2026-edition/","article",200,"index,follow","YES","https://thesamachardaily.in/articles/sports/mma-mania-publishes-sunday-open-thread-on-september-6-2026-edition/","SELF_CANONICAL","YES",0,"THIN_CONTENT_CRAWLED_AT_RISK","YES"
"https://thesamachardaily.in/articles/sports/mourinho-at-a-loss-to-explain-real-madrids-shock-1-0-defeat-at-real-betis/","article",200,"index,follow","YES","https://thesamachardaily.in/articles/sports/mourinho-at-a-loss-to-explain-real-madrids-shock-1-0-defeat-at-real-betis/","SELF_CANONICAL","YES",0,"THIN_CONTENT_CRAWLED_AT_RISK","YES"
"https://thesamachardaily.in/articles/sports/mourinho-lauds-f1-passion-at-madring-circuit-ahead-of-spanish-grand-prix/","article",200,"index,follow","YES","https://thesamachardaily.in/articles/sports/mourinho-lauds-f1-passion-at-madring-circuit-ahead-of-spanish-grand-prix/","SELF_CANONICAL","YES",0,"THIN_CONTENT_CRAWLED_AT_RISK","YES"
"https://thesamachardaily.in/articles/sports/ms-dhoni-backs-hemang-badani-for-csk-head-coach-role-after-fleming-exit/","article",200,"index,follow","YES","https://thesamachardaily.in/articles/sports/ms-dhoni-backs-hemang-badani-for-csk-head-coach-role-after-fleming-exit/","SELF_CANONICAL","YES",0,"THIN_CONTENT_CRAWLED_AT_RISK","YES"
"https://thesamachardaily.in/articles/sports/namibia-stun-south-africa-by-18-runs-in-tri-nation-t20i-opener/","article",200,"index,follow","YES","https://thesamachardaily.in/articles/sports/namibia-stun-south-africa-by-18-runs-in-tri-nation-t20i-opener/","SELF_CANONICAL","NO",0,"THIN_CONTENT_CRAWLED_AT_RISK","YES"
"https://thesamachardaily.in/articles/sports/nba-summer-league-stars-coin-champions-arent-made-in-a-lab-quote-on-authenticity/","article",200,"index,follow","YES","https://thesamachardaily.in/articles/sports/nba-summer-league-stars-coin-champions-arent-made-in-a-lab-quote-on-authenticity/","SELF_CANONICAL","NO",0,"THIN_CONTENT_CRAWLED_AT_RISK","YES"
"https://thesamachardaily.in/articles/sports/nebraska-athletics-pitches-conventioncenter-move-beside-memorial-stadium-to-gov-pille/","article",200,"index,follow","YES","https://thesamachardaily.in/articles/sports/nebraska-athletics-pitches-conventioncenter-move-beside-memorial-stadium-to-gov-pille/","SELF_CANONICAL","YES",0,"THIN_CONTENT_CRAWLED_AT_RISK","YES"
"https://thesamachardaily.in/articles/sports/newcastle-sets-asking-price-for-lewis-hall-as-united-eye-deadline-deal/","article",200,"index,follow","YES","https://thesamachardaily.in/articles/sports/newcastle-sets-asking-price-for-lewis-hall-as-united-eye-deadline-deal/","SELF_CANONICAL","YES",0,"THIN_CONTENT_CRAWLED_AT_RISK","YES"
"https://thesamachardaily.in/articles/sports/nfl-week-1-2026-viewership-drops-13-despite-schedule-changes/","article",200,"index,follow","YES","https://thesamachardaily.in/articles/sports/nfl-week-1-2026-viewership-drops-13-despite-schedule-changes/","SELF_CANONICAL","YES",0,"THIN_CONTENT_CRAWLED_AT_RISK","YES"
"https://thesamachardaily.in/articles/sports/nico-oreilly-and-phil-foden-nominated-for-premier-league-moment-of-the-match-award/","article",200,"index,follow","YES","https://thesamachardaily.in/articles/sports/nico-oreilly-and-phil-foden-nominated-for-premier-league-moment-of-the-match-award/","SELF_CANONICAL","YES",0,"THIN_CONTENT_CRAWLED_AT_RISK","YES"
"https://thesamachardaily.in/articles/sports/no-9-ole-miss-battles-no-24-louisville-in-nashville-top-25-season-opener/","article",200,"index,follow","YES","https://thesamachardaily.in/articles/sports/no-9-ole-miss-battles-no-24-louisville-in-nashville-top-25-season-opener/","SELF_CANONICAL","YES",0,"THIN_CONTENT_CRAWLED_AT_RISK","YES"
"https://thesamachardaily.in/articles/sports/norris-on-pole-as-hamiltons-brake-failure-ends-his-spanish-gp-run/","article",200,"index,follow","YES","https://thesamachardaily.in/articles/sports/norris-on-pole-as-hamiltons-brake-failure-ends-his-spanish-gp-run/","SELF_CANONICAL","YES",0,"THIN_CONTENT_CRAWLED_AT_RISK","YES"
"https://thesamachardaily.in/articles/sports/oklahoma-state-appoints-seven-captains-for-2026-most-hail-from-north-texas/","article",200,"index,follow","YES","https://thesamachardaily.in/articles/sports/oklahoma-state-appoints-seven-captains-for-2026-most-hail-from-north-texas/","SELF_CANONICAL","YES",0,"THIN_CONTENT_CRAWLED_AT_RISK","YES"
"https://thesamachardaily.in/articles/sports/ole-miss-rolls-past-charlotte-41-9-in-a-comfortable-dominant-win/","article",200,"index,follow","YES","https://thesamachardaily.in/articles/sports/ole-miss-rolls-past-charlotte-41-9-in-a-comfortable-dominant-win/","SELF_CANONICAL","YES",0,"THIN_CONTENT_CRAWLED_AT_RISK","YES"
"https://thesamachardaily.in/articles/sports/olid-blasts-manchester-united-womens-not-ourselves-display-in-london-city-loss/","article",200,"index,follow","YES","https://thesamachardaily.in/articles/sports/olid-blasts-manchester-united-womens-not-ourselves-display-in-london-city-loss/","SELF_CANONICAL","YES",0,"THIN_CONTENT_CRAWLED_AT_RISK","YES"
"https://thesamachardaily.in/articles/sports/osaka-outlasts-mertens-in-late-night-us-open-thriller-admits-i-was-playing-terribly/","article",200,"index,follow","YES","https://thesamachardaily.in/articles/sports/osaka-outlasts-mertens-in-late-night-us-open-thriller-admits-i-was-playing-terribly/","SELF_CANONICAL","YES",0,"THIN_CONTENT_CRAWLED_AT_RISK","YES"
"https://thesamachardaily.in/articles/sports/pat-cummins-supports-former-international-captains-joint-plea-for-ex-pakistan-pm/","article",200,"index,follow","YES","https://thesamachardaily.in/articles/sports/pat-cummins-supports-former-international-captains-joint-plea-for-ex-pakistan-pm/","SELF_CANONICAL","YES",0,"THIN_CONTENT_CRAWLED_AT_RISK","YES"
"https://thesamachardaily.in/articles/sports/pcb-wanted-pakistan-cricket-team-to-boycott-test-series-with-england-over-broadc/","article",200,"index,follow","YES","https://thesamachardaily.in/articles/sports/pcb-wanted-pakistan-cricket-team-to-boycott-test-series-with-england-over-broadc/","SELF_CANONICAL","YES",0,"THIN_CONTENT_CRAWLED_AT_RISK","YES"
"https://thesamachardaily.in/articles/sports/pelicans-sign-guard-markquis-nowell-to-exhibit10-deal-set-for-gleague-squad/","article",200,"index,follow","YES","https://thesamachardaily.in/articles/sports/pelicans-sign-guard-markquis-nowell-to-exhibit10-deal-set-for-gleague-squad/","SELF_CANONICAL","NO",0,"THIN_CONTENT_CRAWLED_AT_RISK","YES"
"https://thesamachardaily.in/articles/sports/pete-crow-armstrong-etches-name-in-cubs-history-with-rare-40-hr-season/","article",200,"index,follow","YES","https://thesamachardaily.in/articles/sports/pete-crow-armstrong-etches-name-in-cubs-history-with-rare-40-hr-season/","SELF_CANONICAL","YES",0,"THIN_CONTENT_CRAWLED_AT_RISK","YES"
"https://thesamachardaily.in/articles/sports/peterborough-united-expected-to-sign-a-ball-playing-ball-winning-aston-villa-centre-b/","article",200,"index,follow","YES","https://thesamachardaily.in/articles/sports/peterborough-united-expected-to-sign-a-ball-playing-ball-winning-aston-villa-centre-b/","SELF_CANONICAL","YES",0,"THIN_CONTENT_CRAWLED_AT_RISK","YES"
"https://thesamachardaily.in/articles/sports/praggnanandhaa-creates-history-becomes-first-indian-to-win-grand-chess-tour/","article",200,"index,follow","YES","https://thesamachardaily.in/articles/sports/praggnanandhaa-creates-history-becomes-first-indian-to-win-grand-chess-tour/","SELF_CANONICAL","YES",0,"THIN_CONTENT_CRAWLED_AT_RISK","YES"
"https://thesamachardaily.in/articles/sports/prep-boys-soccer-hurricane-proving-itself-in-pursuit-of-another-title-run/","article",200,"noindex,follow","NO","https://thesamachardaily.in/articles/sports/prep-boys-soccer-hurricane-proving-itself-in-pursuit-of-another-title-run/","SELF_CANONICAL","YES",0,"EXCLUDED_BY_NOINDEX_LOCAL","NO"
"https://thesamachardaily.in/articles/sports/prep-football-roundup-raetz-gets-his-100th-northview-victory-mclawyer-scores-5-tds-as/","article",200,"noindex,follow","NO","https://thesamachardaily.in/articles/sports/prep-football-roundup-raetz-gets-his-100th-northview-victory-mclawyer-scores-5-tds-as/","SELF_CANONICAL","YES",0,"EXCLUDED_BY_NOINDEX_LOCAL","NO"
"https://thesamachardaily.in/articles/sports/preston-north-end-advancing-in-talks-to-re-sign-former-club-captain/","article",200,"index,follow","YES","https://thesamachardaily.in/articles/sports/preston-north-end-advancing-in-talks-to-re-sign-former-club-captain/","SELF_CANONICAL","YES",0,"THIN_CONTENT_CRAWLED_AT_RISK","YES"
"https://thesamachardaily.in/articles/sports/protesters-ejected-from-irish-open-seventh-green-as-trump-arrives/","article",200,"index,follow","YES","https://thesamachardaily.in/articles/sports/protesters-ejected-from-irish-open-seventh-green-as-trump-arrives/","SELF_CANONICAL","YES",0,"THIN_CONTENT_CRAWLED_AT_RISK","YES"
"https://thesamachardaily.in/articles/sports/rams-expect-nacua-and-jackson-to-face-49ers-in-melbourne-despite-off-field-issues/","article",200,"index,follow","YES","https://thesamachardaily.in/articles/sports/rams-expect-nacua-and-jackson-to-face-49ers-in-melbourne-despite-off-field-issues/","SELF_CANONICAL","YES",0,"THIN_CONTENT_CRAWLED_AT_RISK","YES"
"https://thesamachardaily.in/articles/sports/rangers-champion-greg-stewart-slams-celtics-title-claim-joins-derek-mcinnes-express-t/","article",200,"index,follow","YES","https://thesamachardaily.in/articles/sports/rangers-champion-greg-stewart-slams-celtics-title-claim-joins-derek-mcinnes-express-t/","SELF_CANONICAL","YES",0,"THIN_CONTENT_CRAWLED_AT_RISK","YES"
"https://thesamachardaily.in/articles/sports/rangers-near-return-of-key-bullpen-arm-as-peyton-gray-shows-full-velocity/","article",200,"index,follow","YES","https://thesamachardaily.in/articles/sports/rangers-near-return-of-key-bullpen-arm-as-peyton-gray-shows-full-velocity/","SELF_CANONICAL","YES",0,"THIN_CONTENT_CRAWLED_AT_RISK","YES"
"https://thesamachardaily.in/articles/sports/rangers-seal-loan-deal-for-winger-bouanani-to-complete-14-player-summer-overhaul/","article",200,"index,follow","YES","https://thesamachardaily.in/articles/sports/rangers-seal-loan-deal-for-winger-bouanani-to-complete-14-player-summer-overhaul/","SELF_CANONICAL","YES",0,"THIN_CONTENT_CRAWLED_AT_RISK","YES"
"https://thesamachardaily.in/articles/sports/rb-leipzig-chief-confirms-christopher-nkunku-rejected-late-manchester-united-transfer/","article",200,"index,follow","YES","https://thesamachardaily.in/articles/sports/rb-leipzig-chief-confirms-christopher-nkunku-rejected-late-manchester-united-transfer/","SELF_CANONICAL","YES",0,"THIN_CONTENT_CRAWLED_AT_RISK","YES"
"https://thesamachardaily.in/articles/sports/riq-woolen-blanks-four-targets-in-dominant-eagles-debut-performance/","article",200,"index,follow","YES","https://thesamachardaily.in/articles/sports/riq-woolen-blanks-four-targets-in-dominant-eagles-debut-performance/","SELF_CANONICAL","YES",0,"THIN_CONTENT_CRAWLED_AT_RISK","YES"
"https://thesamachardaily.in/articles/sports/roadsters-pitching-stifles-coast-series-tied-in-playoff-showdown/","article",200,"index,follow","YES","https://thesamachardaily.in/articles/sports/roadsters-pitching-stifles-coast-series-tied-in-playoff-showdown/","SELF_CANONICAL","NO",0,"THIN_CONTENT_CRAWLED_AT_RISK","YES"
"https://thesamachardaily.in/articles/sports/robinson-tongue-boost-englands-lead-with-standout-performances-in-pakistan-tests/","article",200,"index,follow","YES","https://thesamachardaily.in/articles/sports/robinson-tongue-boost-englands-lead-with-standout-performances-in-pakistan-tests/","SELF_CANONICAL","YES",0,"THIN_CONTENT_CRAWLED_AT_RISK","YES"
"https://thesamachardaily.in/articles/sports/rockport-high-golf-team-shows-strong-start-in-fall-season-preview/","article",200,"index,follow","YES","https://thesamachardaily.in/articles/sports/rockport-high-golf-team-shows-strong-start-in-fall-season-preview/","SELF_CANONICAL","YES",0,"THIN_CONTENT_CRAWLED_AT_RISK","YES"
"https://thesamachardaily.in/articles/sports/rohit-sharma-dons-noncommittal-tee-ahead-of-sony-liv-gameshow-debut-fans-read-it-as-j/","article",200,"index,follow","YES","https://thesamachardaily.in/articles/sports/rohit-sharma-dons-noncommittal-tee-ahead-of-sony-liv-gameshow-debut-fans-read-it-as-j/","SELF_CANONICAL","NO",0,"THIN_CONTENT_CRAWLED_AT_RISK","YES"
"https://thesamachardaily.in/articles/sports/rohit-sharmas-world-cup-prospects-in-focus-as-selectors-convene-for-west-indies-odis/","article",200,"index,follow","YES","https://thesamachardaily.in/articles/sports/rohit-sharmas-world-cup-prospects-in-focus-as-selectors-convene-for-west-indies-odis/","SELF_CANONICAL","YES",0,"THIN_CONTENT_CRAWLED_AT_RISK","YES"
"https://thesamachardaily.in/articles/sports/ronnie-osullivans-private-texts-surface-after-english-open-pullout/","article",200,"noindex,follow","NO","https://thesamachardaily.in/articles/sports/ronnie-osullivans-private-texts-surface-after-english-open-pullout/","SELF_CANONICAL","YES",0,"EXCLUDED_BY_NOINDEX_LOCAL","NO"
"https://thesamachardaily.in/articles/sports/royals-hand-red-sox-third-consecutive-defeat-as-seth-lugo-records-first-career-win/","article",200,"noindex,follow","NO","https://thesamachardaily.in/articles/sports/royals-hand-red-sox-third-consecutive-defeat-as-seth-lugo-records-first-career-win/","SELF_CANONICAL","NO",0,"EXCLUDED_BY_NOINDEX_LOCAL","NO"
"https://thesamachardaily.in/articles/sports/rumesh-tharanga-pathirage-becomes-first-sri-lankan-to-win-diamond-league-javelin-titl/","article",200,"index,follow","YES","https://thesamachardaily.in/articles/sports/rumesh-tharanga-pathirage-becomes-first-sri-lankan-to-win-diamond-league-javelin-titl/","SELF_CANONICAL","YES",0,"THIN_CONTENT_CRAWLED_AT_RISK","YES"
"https://thesamachardaily.in/articles/sports/russell-tops-final-practice-at-italian-gp-as-hamilton-verstappen-feud-reignites/","article",200,"index,follow","YES","https://thesamachardaily.in/articles/sports/russell-tops-final-practice-at-italian-gp-as-hamilton-verstappen-feud-reignites/","SELF_CANONICAL","YES",0,"THIN_CONTENT_CRAWLED_AT_RISK","YES"
"https://thesamachardaily.in/articles/sports/sa-vs-aus-kagiso-rabada-injury-update-south-africa-pacer-likely-to-miss-entire-austra/","article",200,"index,follow","YES","https://thesamachardaily.in/articles/sports/sa-vs-aus-kagiso-rabada-injury-update-south-africa-pacer-likely-to-miss-entire-austra/","SELF_CANONICAL","YES",0,"THIN_CONTENT_CRAWLED_AT_RISK","YES"
"https://thesamachardaily.in/articles/sports/saka-strikes-as-arsenal-edge-past-aston-villa-to-extend-premier-league-run/","article",200,"index,follow","YES","https://thesamachardaily.in/articles/sports/saka-strikes-as-arsenal-edge-past-aston-villa-to-extend-premier-league-run/","SELF_CANONICAL","YES",0,"THIN_CONTENT_CRAWLED_AT_RISK","YES"
"https://thesamachardaily.in/articles/sports/samson-sharma-blaze-as-india-chase-down-160-to-seal-2-0-lead-over-afghanistan/","article",200,"index,follow","YES","https://thesamachardaily.in/articles/sports/samson-sharma-blaze-as-india-chase-down-160-to-seal-2-0-lead-over-afghanistan/","SELF_CANONICAL","YES",0,"THIN_CONTENT_CRAWLED_AT_RISK","YES"
"https://thesamachardaily.in/articles/sports/sandeep-patil-says-rohit-sharma-virat-kohlis-inclusion-poses-no-issue-for-2027-world/","article",200,"index,follow","YES","https://thesamachardaily.in/articles/sports/sandeep-patil-says-rohit-sharma-virat-kohlis-inclusion-poses-no-issue-for-2027-world/","SELF_CANONICAL","YES",0,"THIN_CONTENT_CRAWLED_AT_RISK","YES"
"https://thesamachardaily.in/articles/sports/sankara-nethralaya-detroit-chapter-5k-walk/","article",200,"index,follow","YES","https://thesamachardaily.in/articles/sports/sankara-nethralaya-detroit-chapter-5k-walk/","SELF_CANONICAL","NO",0,"THIN_CONTENT_CRAWLED_AT_RISK","YES"
"https://thesamachardaily.in/articles/sports/seckinger-returns-from-bye-week-to-host-unbeaten-villa-rica/","article",200,"index,follow","YES","https://thesamachardaily.in/articles/sports/seckinger-returns-from-bye-week-to-host-unbeaten-villa-rica/","SELF_CANONICAL","YES",0,"THIN_CONTENT_CRAWLED_AT_RISK","YES"
"https://thesamachardaily.in/articles/sports/second-division-county-cricket-michael-vaughan-tears-into-pakistans-batting-horror-at/","article",200,"index,follow","YES","https://thesamachardaily.in/articles/sports/second-division-county-cricket-michael-vaughan-tears-into-pakistans-batting-horror-at/","SELF_CANONICAL","YES",0,"THIN_CONTENT_CRAWLED_AT_RISK","YES"
"https://thesamachardaily.in/articles/sports/section-15a-football-outlook-can-any-team-halt-mayos-dominance-this-fall/","article",200,"index,follow","YES","https://thesamachardaily.in/articles/sports/section-15a-football-outlook-can-any-team-halt-mayos-dominance-this-fall/","SELF_CANONICAL","YES",0,"THIN_CONTENT_CRAWLED_AT_RISK","YES"
"https://thesamachardaily.in/articles/sports/senior-kellen-burger-to-start-at-quarterback-for-youthful-mayo-football-team/","article",200,"index,follow","YES","https://thesamachardaily.in/articles/sports/senior-kellen-burger-to-start-at-quarterback-for-youthful-mayo-football-team/","SELF_CANONICAL","NO",0,"THIN_CONTENT_CRAWLED_AT_RISK","YES"
"https://thesamachardaily.in/articles/sports/sharks-bet-big-on-nurse-and-trouba-to-repair-nhls-worst-western-defense/","article",200,"index,follow","YES","https://thesamachardaily.in/articles/sports/sharks-bet-big-on-nurse-and-trouba-to-repair-nhls-worst-western-defense/","SELF_CANONICAL","YES",0,"THIN_CONTENT_CRAWLED_AT_RISK","YES"
"https://thesamachardaily.in/articles/sports/sid-meiers-civilization-7-goes-free-on-steam-as-firaxis-marks-35th-anniversary/","article",200,"index,follow","YES","https://thesamachardaily.in/articles/sports/sid-meiers-civilization-7-goes-free-on-steam-as-firaxis-marks-35th-anniversary/","SELF_CANONICAL","YES",0,"THIN_CONTENT_CRAWLED_AT_RISK","YES"
"https://thesamachardaily.in/articles/sports/skyland-conference-names-boys-soccer-players-of-the-week-for-sept-15/","article",200,"index,follow","YES","https://thesamachardaily.in/articles/sports/skyland-conference-names-boys-soccer-players-of-the-week-for-sept-15/","SELF_CANONICAL","NO",0,"THIN_CONTENT_CRAWLED_AT_RISK","YES"
"https://thesamachardaily.in/articles/sports/south-webster-jeeps-hold-minford-falcons-to-0-0-draw-in-soc-iii-showdown/","article",200,"index,follow","YES","https://thesamachardaily.in/articles/sports/south-webster-jeeps-hold-minford-falcons-to-0-0-draw-in-soc-iii-showdown/","SELF_CANONICAL","YES",0,"THIN_CONTENT_CRAWLED_AT_RISK","YES"
"https://thesamachardaily.in/articles/sports/sri-lanka-names-athapaththuled-15player-womens-squad-for-2026-asian-games/","article",200,"index,follow","YES","https://thesamachardaily.in/articles/sports/sri-lanka-names-athapaththuled-15player-womens-squad-for-2026-asian-games/","SELF_CANONICAL","YES",0,"THIN_CONTENT_CRAWLED_AT_RISK","YES"
"https://thesamachardaily.in/articles/sports/state-college-football-secures-crucial-road-win-over-commonwealth-rival-bishop-mcdevi/","article",200,"index,follow","YES","https://thesamachardaily.in/articles/sports/state-college-football-secures-crucial-road-win-over-commonwealth-rival-bishop-mcdevi/","SELF_CANONICAL","YES",0,"THIN_CONTENT_CRAWLED_AT_RISK","YES"
"https://thesamachardaily.in/articles/sports/stephen-a-smith-reveals-rich-pauls-insult-reaction-to-lebron-ranked-2/","article",200,"index,follow","YES","https://thesamachardaily.in/articles/sports/stephen-a-smith-reveals-rich-pauls-insult-reaction-to-lebron-ranked-2/","SELF_CANONICAL","YES",0,"THIN_CONTENT_CRAWLED_AT_RISK","YES"
"https://thesamachardaily.in/articles/sports/suraj-meenas-grit-earns-runnerup-in-grueling-122km-ladakh-ultra/","article",200,"noindex,follow","NO","https://thesamachardaily.in/articles/sports/suraj-meenas-grit-earns-runnerup-in-grueling-122km-ladakh-ultra/","SELF_CANONICAL","NO",0,"EXCLUDED_BY_NOINDEX_LOCAL","NO"
"https://thesamachardaily.in/articles/sports/tampa-bay-rays-face-texas-rangers-in-game-142-as-mlb-postseason-race-intensifies/","article",200,"index,follow","YES","https://thesamachardaily.in/articles/sports/tampa-bay-rays-face-texas-rangers-in-game-142-as-mlb-postseason-race-intensifies/","SELF_CANONICAL","YES",0,"THIN_CONTENT_CRAWLED_AT_RISK","YES"
"https://thesamachardaily.in/articles/sports/the-butcher-hospitalised-after-collapsing-at-indie-wrestling-anniversary-show/","article",200,"index,follow","YES","https://thesamachardaily.in/articles/sports/the-butcher-hospitalised-after-collapsing-at-indie-wrestling-anniversary-show/","SELF_CANONICAL","YES",0,"THIN_CONTENT_CRAWLED_AT_RISK","YES"
"https://thesamachardaily.in/articles/sports/thompson-twins-become-nbas-highestpaid-brothers-with-363-million-extensions/","article",200,"index,follow","YES","https://thesamachardaily.in/articles/sports/thompson-twins-become-nbas-highestpaid-brothers-with-363-million-extensions/","SELF_CANONICAL","YES",0,"THIN_CONTENT_CRAWLED_AT_RISK","YES"
"https://thesamachardaily.in/articles/sports/tottenham-hotspur-set-to-face-aston-villa-in-saturday-premier-league-clash-preview/","article",200,"index,follow","YES","https://thesamachardaily.in/articles/sports/tottenham-hotspur-set-to-face-aston-villa-in-saturday-premier-league-clash-preview/","SELF_CANONICAL","YES",0,"THIN_CONTENT_CRAWLED_AT_RISK","YES"
"https://thesamachardaily.in/articles/sports/tsitsipas-ex-girlfriend-slams-osakas-us-open-attire-as-opponent-distraction/","article",200,"index,follow","YES","https://thesamachardaily.in/articles/sports/tsitsipas-ex-girlfriend-slams-osakas-us-open-attire-as-opponent-distraction/","SELF_CANONICAL","YES",0,"THIN_CONTENT_CRAWLED_AT_RISK","YES"
"https://thesamachardaily.in/articles/sports/turnovers-seal-34-7-owatonna-victory-over-century/","article",200,"index,follow","YES","https://thesamachardaily.in/articles/sports/turnovers-seal-34-7-owatonna-victory-over-century/","SELF_CANONICAL","NO",0,"THIN_CONTENT_CRAWLED_AT_RISK","YES"
"https://thesamachardaily.in/articles/sports/two-day-sport-expo-india-2026-opens-in-hitex-hyderabad-features-50-exhibitors/","article",200,"index,follow","YES","https://thesamachardaily.in/articles/sports/two-day-sport-expo-india-2026-opens-in-hitex-hyderabad-features-50-exhibitors/","SELF_CANONICAL","YES",0,"THIN_CONTENT_CRAWLED_AT_RISK","YES"
"https://thesamachardaily.in/articles/sports/ucl-league-phase-fixtures-psg-vs-barcelona-2026-man-united-vs-bayern-munich-real/","article",200,"index,follow","YES","https://thesamachardaily.in/articles/sports/ucl-league-phase-fixtures-psg-vs-barcelona-2026-man-united-vs-bayern-munich-real/","SELF_CANONICAL","YES",0,"THIN_CONTENT_CRAWLED_AT_RISK","YES"
"https://thesamachardaily.in/articles/sports/und-rallies-late-scores-three-q4-tds-to-beat-portland-state-47-23/","article",200,"index,follow","YES","https://thesamachardaily.in/articles/sports/und-rallies-late-scores-three-q4-tds-to-beat-portland-state-47-23/","SELF_CANONICAL","YES",0,"THIN_CONTENT_CRAWLED_AT_RISK","YES"
"https://thesamachardaily.in/articles/sports/us-open-champion-urges-alcaraz-sinner-to-sustain-dominance-as-grand-slam-reign-falter/","article",200,"index,follow","YES","https://thesamachardaily.in/articles/sports/us-open-champion-urges-alcaraz-sinner-to-sustain-dominance-as-grand-slam-reign-falter/","SELF_CANONICAL","YES",0,"THIN_CONTENT_CRAWLED_AT_RISK","YES"
"https://thesamachardaily.in/articles/sports/us-open-final-rybakina-outlines-strategy-to-counter-sabalenka-at-arthur-ashe-stadium/","article",200,"index,follow","YES","https://thesamachardaily.in/articles/sports/us-open-final-rybakina-outlines-strategy-to-counter-sabalenka-at-arthur-ashe-stadium/","SELF_CANONICAL","YES",0,"THIN_CONTENT_CRAWLED_AT_RISK","YES"
"https://thesamachardaily.in/articles/sports/us-open-rybakina-beats-sabalenka-for-title-and-world-no-1-spot/","article",200,"index,follow","YES","https://thesamachardaily.in/articles/sports/us-open-rybakina-beats-sabalenka-for-title-and-world-no-1-spot/","SELF_CANONICAL","YES",0,"THIN_CONTENT_CRAWLED_AT_RISK","YES"
"https://thesamachardaily.in/articles/sports/us-womens-basketball-team-races-to-gel-in-berlin-ahead-of-world-cup/","article",200,"index,follow","YES","https://thesamachardaily.in/articles/sports/us-womens-basketball-team-races-to-gel-in-berlin-ahead-of-world-cup/","SELF_CANONICAL","YES",0,"THIN_CONTENT_CRAWLED_AT_RISK","YES"
"https://thesamachardaily.in/articles/sports/usain-bolt-gets-engaged-to-longtime-partner-kasi-bennett-on-his-40th-birthday/","article",200,"index,follow","YES","https://thesamachardaily.in/articles/sports/usain-bolt-gets-engaged-to-longtime-partner-kasi-bennett-on-his-40th-birthday/","SELF_CANONICAL","YES",0,"THIN_CONTENT_CRAWLED_AT_RISK","YES"
"https://thesamachardaily.in/articles/sports/vanderbilt-snatches-win-with-lastsecond-td-after-nc-state-fumble-on-intentional-safet/","article",200,"index,follow","YES","https://thesamachardaily.in/articles/sports/vanderbilt-snatches-win-with-lastsecond-td-after-nc-state-fumble-on-intentional-safet/","SELF_CANONICAL","YES",0,"THIN_CONTENT_CRAWLED_AT_RISK","YES"
"https://thesamachardaily.in/articles/sports/vikings-sign-free-agent-kyle-van-noy-to-bolster-edge-rush-defense/","article",200,"index,follow","YES","https://thesamachardaily.in/articles/sports/vikings-sign-free-agent-kyle-van-noy-to-bolster-edge-rush-defense/","SELF_CANONICAL","YES",0,"THIN_CONTENT_CRAWLED_AT_RISK","YES"
"https://thesamachardaily.in/articles/sports/vikings-weigh-jj-mccarthys-future-after-naming-kyler-murray-starter/","article",200,"index,follow","YES","https://thesamachardaily.in/articles/sports/vikings-weigh-jj-mccarthys-future-after-naming-kyler-murray-starter/","SELF_CANONICAL","YES",0,"THIN_CONTENT_CRAWLED_AT_RISK","YES"
"https://thesamachardaily.in/articles/sports/volleyball-johnson-creek-sweeps-cambria-friesland-to-begin-season/","article",200,"noindex,follow","NO","https://thesamachardaily.in/articles/sports/volleyball-johnson-creek-sweeps-cambria-friesland-to-begin-season/","SELF_CANONICAL","YES",0,"EXCLUDED_BY_NOINDEX_LOCAL","NO"
"https://thesamachardaily.in/articles/sports/warriors-drop-major-preseason-announcement-as-steph-curry-extension-looms/","article",200,"index,follow","YES","https://thesamachardaily.in/articles/sports/warriors-drop-major-preseason-announcement-as-steph-curry-extension-looms/","SELF_CANONICAL","YES",0,"THIN_CONTENT_CRAWLED_AT_RISK","YES"
"https://thesamachardaily.in/articles/sports/west-frankfort-vs-chester-tops-friday-slate-in-southern-illinois-football/","article",200,"index,follow","YES","https://thesamachardaily.in/articles/sports/west-frankfort-vs-chester-tops-friday-slate-in-southern-illinois-football/","SELF_CANONICAL","YES",0,"THIN_CONTENT_CRAWLED_AT_RISK","YES"
"https://thesamachardaily.in/articles/sports/westchester-country-day-rallies-past-caldwell-2-1-claims-top-ncisaa-2a-spot/","article",200,"index,follow","YES","https://thesamachardaily.in/articles/sports/westchester-country-day-rallies-past-caldwell-2-1-claims-top-ncisaa-2a-spot/","SELF_CANONICAL","NO",0,"THIN_CONTENT_CRAWLED_AT_RISK","YES"
"https://thesamachardaily.in/articles/sports/wisconsin-badgers-face-no-4-notre-dame-in-blockbuster-lambeau-field-opener/","article",200,"index,follow","YES","https://thesamachardaily.in/articles/sports/wisconsin-badgers-face-no-4-notre-dame-in-blockbuster-lambeau-field-opener/","SELF_CANONICAL","YES",0,"THIN_CONTENT_CRAWLED_AT_RISK","YES"
"https://thesamachardaily.in/articles/sports/womens-asia-cup-2026-can-india-reclaim-the-crown-from-sri-lanka/","article",200,"index,follow","YES","https://thesamachardaily.in/articles/sports/womens-asia-cup-2026-can-india-reclaim-the-crown-from-sri-lanka/","SELF_CANONICAL","YES",0,"THIN_CONTENT_CRAWLED_AT_RISK","YES"
"https://thesamachardaily.in/articles/sports/wrexham-transfer-spree-sparks-row-as-wilder-accuses-club-of-blanket-bombing/","article",200,"index,follow","YES","https://thesamachardaily.in/articles/sports/wrexham-transfer-spree-sparks-row-as-wilder-accuses-club-of-blanket-bombing/","SELF_CANONICAL","NO",0,"THIN_CONTENT_CRAWLED_AT_RISK","YES"
"https://thesamachardaily.in/articles/sports/yankees-nip-rival-red-sox-1-0-in-series-opener-behind-goldschmidt-bellinger-and-schli/","article",200,"index,follow","YES","https://thesamachardaily.in/articles/sports/yankees-nip-rival-red-sox-1-0-in-series-opener-behind-goldschmidt-bellinger-and-schli/","SELF_CANONICAL","YES",0,"THIN_CONTENT_CRAWLED_AT_RISK","YES"
"https://thesamachardaily.in/articles/sports/yannick-cahuzac-steps-in-as-interim-lens-manager-amid-postsage-transition/","article",200,"index,follow","YES","https://thesamachardaily.in/articles/sports/yannick-cahuzac-steps-in-as-interim-lens-manager-amid-postsage-transition/","SELF_CANONICAL","YES",0,"THIN_CONTENT_CRAWLED_AT_RISK","YES"
"https://thesamachardaily.in/articles/sports/zverev-advances-to-us-open-final-eyes-sheltontiafoe-winner/","article",200,"index,follow","YES","https://thesamachardaily.in/articles/sports/zverev-advances-to-us-open-final-eyes-sheltontiafoe-winner/","SELF_CANONICAL","YES",0,"THIN_CONTENT_CRAWLED_AT_RISK","YES"
"https://thesamachardaily.in/articles/sports/zverevs-alcaraz-comment-sparks-buzz-ahead-of-us-open-final/","article",200,"index,follow","YES","https://thesamachardaily.in/articles/sports/zverevs-alcaraz-comment-sparks-buzz-ahead-of-us-open-final/","SELF_CANONICAL","YES",0,"THIN_CONTENT_CRAWLED_AT_RISK","YES"
"https://thesamachardaily.in/articles/tech/10-lesserknown-ai-tools-that-streamline-business-creative-and-development-tasks/","article",200,"index,follow","YES","https://thesamachardaily.in/articles/tech/10-lesserknown-ai-tools-that-streamline-business-creative-and-development-tasks/","SELF_CANONICAL","YES",0,"THIN_CONTENT_CRAWLED_AT_RISK","YES"
"https://thesamachardaily.in/articles/tech/700-delegates-convene-at-fourth-chinaasean-ai-forum-in-nanning/","article",200,"index,follow","YES","https://thesamachardaily.in/articles/tech/700-delegates-convene-at-fourth-chinaasean-ai-forum-in-nanning/","SELF_CANONICAL","NO",0,"THIN_CONTENT_CRAWLED_AT_RISK","YES"
"https://thesamachardaily.in/articles/tech/adobe-names-anil-chakravarthy-ceo-to-lead-ai-creative-frontier/","article",200,"index,follow","YES","https://thesamachardaily.in/articles/tech/adobe-names-anil-chakravarthy-ceo-to-lead-ai-creative-frontier/","SELF_CANONICAL","YES",0,"THIN_CONTENT_CRAWLED_AT_RISK","YES"
"https://thesamachardaily.in/articles/tech/aheesa-launches-vihaani-indias-first-indigenous-broadband-chip-at-semicon-india-2026/","article",200,"index,follow","YES","https://thesamachardaily.in/articles/tech/aheesa-launches-vihaani-indias-first-indigenous-broadband-chip-at-semicon-india-2026/","SELF_CANONICAL","NO",0,"THIN_CONTENT_CRAWLED_AT_RISK","YES"
"https://thesamachardaily.in/articles/tech/ai-growth-fuels-sp-500-as-investors-target-value-in-magnificent-seven-stocks/","article",200,"index,follow","YES","https://thesamachardaily.in/articles/tech/ai-growth-fuels-sp-500-as-investors-target-value-in-magnificent-seven-stocks/","SELF_CANONICAL","YES",0,"THIN_CONTENT_CRAWLED_AT_RISK","YES"
"https://thesamachardaily.in/articles/tech/ai-may-not-steal-jobs-but-its-quietly-removing-the-first-rung-of-indias-career-ladder/","article",200,"index,follow","YES","https://thesamachardaily.in/articles/tech/ai-may-not-steal-jobs-but-its-quietly-removing-the-first-rung-of-indias-career-ladder/","SELF_CANONICAL","YES",0,"THIN_CONTENT_CRAWLED_AT_RISK","YES"
"https://thesamachardaily.in/articles/tech/ai-nova-tab-set-for-india-launch-via-flipkart-reveals-orange-option-and-flat-rear-des/","article",200,"index,follow","YES","https://thesamachardaily.in/articles/tech/ai-nova-tab-set-for-india-launch-via-flipkart-reveals-orange-option-and-flat-rear-des/","SELF_CANONICAL","YES",0,"THIN_CONTENT_CRAWLED_AT_RISK","YES"
"https://thesamachardaily.in/articles/tech/ai-photo-prompts-empower-personalized-ganesh-chaturthi-images-and-invitations/","article",200,"index,follow","YES","https://thesamachardaily.in/articles/tech/ai-photo-prompts-empower-personalized-ganesh-chaturthi-images-and-invitations/","SELF_CANONICAL","YES",0,"THIN_CONTENT_CRAWLED_AT_RISK","YES"
"https://thesamachardaily.in/articles/tech/ai-researcher-andrew-tulloch-departs-meta-for-anthropic-in-15-b-deal/","article",200,"noindex,follow","NO","https://thesamachardaily.in/articles/tech/ai-researcher-andrew-tulloch-departs-meta-for-anthropic-in-15-b-deal/","SELF_CANONICAL","NO",0,"EXCLUDED_BY_NOINDEX_LOCAL","NO"
"https://thesamachardaily.in/articles/tech/ai-titans-anthropic-openai-spacexai-google-accused-of-antitrust-slowdown-deal/","article",200,"index,follow","YES","https://thesamachardaily.in/articles/tech/ai-titans-anthropic-openai-spacexai-google-accused-of-antitrust-slowdown-deal/","SELF_CANONICAL","YES",0,"THIN_CONTENT_CRAWLED_AT_RISK","YES"
"https://thesamachardaily.in/articles/tech/ai-tool-claude-code-erases-15-of-bengaluru-inscription-archive/","article",200,"index,follow","YES","https://thesamachardaily.in/articles/tech/ai-tool-claude-code-erases-15-of-bengaluru-inscription-archive/","SELF_CANONICAL","YES",0,"THIN_CONTENT_CRAWLED_AT_RISK","YES"
"https://thesamachardaily.in/articles/tech/ai-visibility-tools-clash-41-vs-23-on-key-prompts-precision-over-accuracy/","article",200,"index,follow","YES","https://thesamachardaily.in/articles/tech/ai-visibility-tools-clash-41-vs-23-on-key-prompts-precision-over-accuracy/","SELF_CANONICAL","YES",0,"THIN_CONTENT_CRAWLED_AT_RISK","YES"
"https://thesamachardaily.in/articles/tech/air-india-expands-ai-partnership-with-salesforce-to-automate-passenger-services/","article",200,"index,follow","YES","https://thesamachardaily.in/articles/tech/air-india-expands-ai-partnership-with-salesforce-to-automate-passenger-services/","SELF_CANONICAL","YES",0,"THIN_CONTENT_CRAWLED_AT_RISK","YES"
"https://thesamachardaily.in/articles/tech/air-india-terminates-phuket-delhi-pilot-after-positive-drug-test/","article",200,"index,follow","YES","https://thesamachardaily.in/articles/tech/air-india-terminates-phuket-delhi-pilot-after-positive-drug-test/","SELF_CANONICAL","YES",0,"THIN_CONTENT_CRAWLED_AT_RISK","YES"
"https://thesamachardaily.in/articles/tech/albanese-seeks-bigtech-backing-for-childonline-safety-laws-and-ai-rules-after-tim-coo/","article",200,"index,follow","YES","https://thesamachardaily.in/articles/tech/albanese-seeks-bigtech-backing-for-childonline-safety-laws-and-ai-rules-after-tim-coo/","SELF_CANONICAL","NO",0,"THIN_CONTENT_CRAWLED_AT_RISK","YES"
"https://thesamachardaily.in/articles/tech/amazon-launches-alexa-in-india-with-early-access-hindihinglish-support-and-ai-feature/","article",200,"index,follow","YES","https://thesamachardaily.in/articles/tech/amazon-launches-alexa-in-india-with-early-access-hindihinglish-support-and-ai-feature/","SELF_CANONICAL","YES",0,"THIN_CONTENT_CRAWLED_AT_RISK","YES"
"https://thesamachardaily.in/articles/tech/amazon-to-close-mechanical-turk-amid-rise-of-ai/","article",200,"index,follow","YES","https://thesamachardaily.in/articles/tech/amazon-to-close-mechanical-turk-amid-rise-of-ai/","SELF_CANONICAL","YES",0,"THIN_CONTENT_CRAWLED_AT_RISK","YES"
"https://thesamachardaily.in/articles/tech/amd-limits-solarflare-ethernet-adapter-support-and-downloads-to-paid-subscribers/","article",200,"index,follow","YES","https://thesamachardaily.in/articles/tech/amd-limits-solarflare-ethernet-adapter-support-and-downloads-to-paid-subscribers/","SELF_CANONICAL","YES",0,"THIN_CONTENT_CRAWLED_AT_RISK","YES"
"https://thesamachardaily.in/articles/tech/amds-processor-origins-where-the-chips-powering-gamers-are-made/","article",200,"index,follow","YES","https://thesamachardaily.in/articles/tech/amds-processor-origins-where-the-chips-powering-gamers-are-made/","SELF_CANONICAL","YES",0,"THIN_CONTENT_CRAWLED_AT_RISK","YES"
"https://thesamachardaily.in/articles/tech/analog-semiconductor-market-shows-selective-recovery-as-2026-assessment-highlights-in/","article",200,"index,follow","YES","https://thesamachardaily.in/articles/tech/analog-semiconductor-market-shows-selective-recovery-as-2026-assessment-highlights-in/","SELF_CANONICAL","YES",0,"THIN_CONTENT_CRAWLED_AT_RISK","YES"
"https://thesamachardaily.in/articles/tech/anker-rolls-out-20000mah-zolo-power-bank-with-55w-output-iphone-aware-charging/","article",200,"index,follow","YES","https://thesamachardaily.in/articles/tech/anker-rolls-out-20000mah-zolo-power-bank-with-55w-output-iphone-aware-charging/","SELF_CANONICAL","NO",0,"THIN_CONTENT_CRAWLED_AT_RISK","YES"
"https://thesamachardaily.in/articles/tech/anthropic-adds-coordinator-to-claude-projects-boosting-parallel-ai-work/","article",200,"index,follow","YES","https://thesamachardaily.in/articles/tech/anthropic-adds-coordinator-to-claude-projects-boosting-parallel-ai-work/","SELF_CANONICAL","YES",0,"THIN_CONTENT_CRAWLED_AT_RISK","YES"
"https://thesamachardaily.in/articles/tech/anthropic-blocks-ai-model-queries-linked-to-potential-biological-weapons-development/","article",200,"index,follow","YES","https://thesamachardaily.in/articles/tech/anthropic-blocks-ai-model-queries-linked-to-potential-biological-weapons-development/","SELF_CANONICAL","YES",0,"THIN_CONTENT_CRAWLED_AT_RISK","YES"
"https://thesamachardaily.in/articles/tech/anthropic-ceo-dario-amodei-urges-ai-industry-to-slow-development-cites-bot-swarm-thre/","article",200,"index,follow","YES","https://thesamachardaily.in/articles/tech/anthropic-ceo-dario-amodei-urges-ai-industry-to-slow-development-cites-bot-swarm-thre/","SELF_CANONICAL","YES",0,"THIN_CONTENT_CRAWLED_AT_RISK","YES"
"https://thesamachardaily.in/articles/tech/anthropic-ceo-urges-slowdown-of-ai-development-amid-rising-safety-concerns/","article",200,"index,follow","YES","https://thesamachardaily.in/articles/tech/anthropic-ceo-urges-slowdown-of-ai-development-amid-rising-safety-concerns/","SELF_CANONICAL","YES",0,"THIN_CONTENT_CRAWLED_AT_RISK","YES"
"https://thesamachardaily.in/articles/tech/anthropic-ceo-urges-slower-ai-development-openai-and-musk-echo-concerns/","article",200,"index,follow","YES","https://thesamachardaily.in/articles/tech/anthropic-ceo-urges-slower-ai-development-openai-and-musk-echo-concerns/","SELF_CANONICAL","YES",0,"THIN_CONTENT_CRAWLED_AT_RISK","YES"
"https://thesamachardaily.in/articles/tech/anthropic-ceo-warns-ai-danger-if-placed-in-wrong-hands-cites-researchers-lethal-risk/","article",200,"index,follow","YES","https://thesamachardaily.in/articles/tech/anthropic-ceo-warns-ai-danger-if-placed-in-wrong-hands-cites-researchers-lethal-risk/","SELF_CANONICAL","YES",0,"THIN_CONTENT_CRAWLED_AT_RISK","YES"
"https://thesamachardaily.in/articles/tech/anthropic-launches-claude-fable-51-and-mythos-51-for-coding-and-knowledge-tasks/","article",200,"index,follow","YES","https://thesamachardaily.in/articles/tech/anthropic-launches-claude-fable-51-and-mythos-51-for-coding-and-knowledge-tasks/","SELF_CANONICAL","YES",0,"THIN_CONTENT_CRAWLED_AT_RISK","YES"
"https://thesamachardaily.in/articles/tech/anthropic-reports-claude-ai-misused-for-weapons-cyber-espionage-and-surveillance/","article",200,"index,follow","YES","https://thesamachardaily.in/articles/tech/anthropic-reports-claude-ai-misused-for-weapons-cyber-espionage-and-surveillance/","SELF_CANONICAL","YES",0,"THIN_CONTENT_CRAWLED_AT_RISK","YES"
"https://thesamachardaily.in/articles/tech/anthropic-researcher-quits-warns-ai-industry-is-losing-human-control/","article",200,"index,follow","YES","https://thesamachardaily.in/articles/tech/anthropic-researcher-quits-warns-ai-industry-is-losing-human-control/","SELF_CANONICAL","YES",0,"THIN_CONTENT_CRAWLED_AT_RISK","YES"
"https://thesamachardaily.in/articles/tech/anthropic-researcher-resigns-warns-company-could-endanger-humanity/","article",200,"index,follow","YES","https://thesamachardaily.in/articles/tech/anthropic-researcher-resigns-warns-company-could-endanger-humanity/","SELF_CANONICAL","YES",0,"THIN_CONTENT_CRAWLED_AT_RISK","YES"
"https://thesamachardaily.in/articles/tech/aoc-intros-new-5k-gaming-monitor-with-excellent-color-coverage-and-2000-dimming-zones/","article",200,"index,follow","YES","https://thesamachardaily.in/articles/tech/aoc-intros-new-5k-gaming-monitor-with-excellent-color-coverage-and-2000-dimming-zones/","SELF_CANONICAL","YES",0,"THIN_CONTENT_CRAWLED_AT_RISK","YES"
"https://thesamachardaily.in/articles/tech/apple-discontinues-iphone-17-pro-airpods-4-and-watch-models-post-launch/","article",200,"index,follow","YES","https://thesamachardaily.in/articles/tech/apple-discontinues-iphone-17-pro-airpods-4-and-watch-models-post-launch/","SELF_CANONICAL","YES",0,"THIN_CONTENT_CRAWLED_AT_RISK","YES"
"https://thesamachardaily.in/articles/tech/apple-foldable-iphone-sparks-political-meme-war-between-congress-and-bjp/","article",200,"index,follow","YES","https://thesamachardaily.in/articles/tech/apple-foldable-iphone-sparks-political-meme-war-between-congress-and-bjp/","SELF_CANONICAL","YES",0,"THIN_CONTENT_CRAWLED_AT_RISK","YES"
"https://thesamachardaily.in/articles/tech/apple-gears-up-for-iphone-18-pro-lineup-and-first-foldable-iphone-launch-on-september/","article",200,"index,follow","YES","https://thesamachardaily.in/articles/tech/apple-gears-up-for-iphone-18-pro-lineup-and-first-foldable-iphone-launch-on-september/","SELF_CANONICAL","YES",0,"THIN_CONTENT_CRAWLED_AT_RISK","YES"
"https://thesamachardaily.in/articles/tech/apple-iphone-17-pro-max-price-falls-to-rs-74990-at-croma-adds-exchange-bonus-free-cas/","article",200,"index,follow","YES","https://thesamachardaily.in/articles/tech/apple-iphone-17-pro-max-price-falls-to-rs-74990-at-croma-adds-exchange-bonus-free-cas/","SELF_CANONICAL","YES",0,"THIN_CONTENT_CRAWLED_AT_RISK","YES"
"https://thesamachardaily.in/articles/tech/apple-iphone-duo-production-slowdown-likely-extends-consumer-wait-times/","article",200,"index,follow","YES","https://thesamachardaily.in/articles/tech/apple-iphone-duo-production-slowdown-likely-extends-consumer-wait-times/","SELF_CANONICAL","YES",0,"THIN_CONTENT_CRAWLED_AT_RISK","YES"
"https://thesamachardaily.in/articles/tech/apple-leadership-shift-cook-steps-down-ternus-named-leader/","article",200,"index,follow","YES","https://thesamachardaily.in/articles/tech/apple-leadership-shift-cook-steps-down-ternus-named-leader/","SELF_CANONICAL","YES",0,"THIN_CONTENT_CRAWLED_AT_RISK","YES"
"https://thesamachardaily.in/articles/tech/apple-moves-three-intel-macs-to-obsolete-list-ending-hardware-support/","article",200,"index,follow","YES","https://thesamachardaily.in/articles/tech/apple-moves-three-intel-macs-to-obsolete-list-ending-hardware-support/","SELF_CANONICAL","YES",0,"THIN_CONTENT_CRAWLED_AT_RISK","YES"
"https://thesamachardaily.in/articles/tech/apple-rolls-out-ios-27-with-revamped-siri-and-ai-upgrades-ahead-of-iphone-18-launch/","article",200,"index,follow","YES","https://thesamachardaily.in/articles/tech/apple-rolls-out-ios-27-with-revamped-siri-and-ai-upgrades-ahead-of-iphone-18-launch/","SELF_CANONICAL","YES",0,"THIN_CONTENT_CRAWLED_AT_RISK","YES"
"https://thesamachardaily.in/articles/tech/apple-rolls-out-iphone-duo-foldable-and-iphone-18-pro-max-prices-revealed/","article",200,"index,follow","YES","https://thesamachardaily.in/articles/tech/apple-rolls-out-iphone-duo-foldable-and-iphone-18-pro-max-prices-revealed/","SELF_CANONICAL","YES",0,"THIN_CONTENT_CRAWLED_AT_RISK","YES"
"https://thesamachardaily.in/articles/tech/apple-slips-nostalgic-dogcow-easter-egg-into-ios-27-steps-to-uncover-it/","article",200,"index,follow","YES","https://thesamachardaily.in/articles/tech/apple-slips-nostalgic-dogcow-easter-egg-into-ios-27-steps-to-uncover-it/","SELF_CANONICAL","NO",0,"THIN_CONTENT_CRAWLED_AT_RISK","YES"
"https://thesamachardaily.in/articles/tech/apple-to-unveil-iphone-18-pro-pro-max-and-first-foldable-iphone-ultra-at-tonights-sur/","article",200,"index,follow","YES","https://thesamachardaily.in/articles/tech/apple-to-unveil-iphone-18-pro-pro-max-and-first-foldable-iphone-ultra-at-tonights-sur/","SELF_CANONICAL","YES",0,"THIN_CONTENT_CRAWLED_AT_RISK","YES"
"https://thesamachardaily.in/articles/tech/apple-unveils-first-foldable-iphone-duo-targets-october-launch-amid-pro-lineup-reveal/","article",200,"index,follow","YES","https://thesamachardaily.in/articles/tech/apple-unveils-first-foldable-iphone-duo-targets-october-launch-amid-pro-lineup-reveal/","SELF_CANONICAL","NO",0,"THIN_CONTENT_CRAWLED_AT_RISK","YES"
"https://thesamachardaily.in/articles/tech/apple-unveils-first-foldable-iphone-iphone-18-pro-and-apple-watch-12-at-2026-event/","article",200,"index,follow","YES","https://thesamachardaily.in/articles/tech/apple-unveils-first-foldable-iphone-iphone-18-pro-and-apple-watch-12-at-2026-event/","SELF_CANONICAL","YES",0,"THIN_CONTENT_CRAWLED_AT_RISK","YES"
"https://thesamachardaily.in/articles/tech/apple-unveils-iphone-duo-foldable-pricing-starts-at-1999/","article",200,"index,follow","YES","https://thesamachardaily.in/articles/tech/apple-unveils-iphone-duo-foldable-pricing-starts-at-1999/","SELF_CANONICAL","YES",0,"THIN_CONTENT_CRAWLED_AT_RISK","YES"
"https://thesamachardaily.in/articles/tech/apple-unveils-mac-mini-and-mac-studio-with-m6-chip-doubles-down-on-on-device-ai/","article",200,"index,follow","YES","https://thesamachardaily.in/articles/tech/apple-unveils-mac-mini-and-mac-studio-with-m6-chip-doubles-down-on-on-device-ai/","SELF_CANONICAL","YES",0,"THIN_CONTENT_CRAWLED_AT_RISK","YES"
"https://thesamachardaily.in/articles/tech/apples-first-foldable-iphone-duo-set-for-tonights-launch-with-leaked-color-lineup-and/","article",200,"index,follow","YES","https://thesamachardaily.in/articles/tech/apples-first-foldable-iphone-duo-set-for-tonights-launch-with-leaked-color-lineup-and/","SELF_CANONICAL","YES",0,"THIN_CONTENT_CRAWLED_AT_RISK","YES"
"https://thesamachardaily.in/articles/tech/apples-ios-27-embeds-private-frameworks-enabling-thirdparty-ai-to-replace-siri/","article",200,"index,follow","YES","https://thesamachardaily.in/articles/tech/apples-ios-27-embeds-private-frameworks-enabling-thirdparty-ai-to-replace-siri/","SELF_CANONICAL","YES",0,"THIN_CONTENT_CRAWLED_AT_RISK","YES"
"https://thesamachardaily.in/articles/tech/apples-iphone-duo-naming-sparks-backlash-from-surface-duo-supporters/","article",200,"index,follow","YES","https://thesamachardaily.in/articles/tech/apples-iphone-duo-naming-sparks-backlash-from-surface-duo-supporters/","SELF_CANONICAL","YES",0,"THIN_CONTENT_CRAWLED_AT_RISK","YES"
"https://thesamachardaily.in/articles/tech/asus-proart-p14-with-nvidia-rtx-spark-to-start-at-24gb-unified-memory-but-nvme-option/","article",200,"index,follow","YES","https://thesamachardaily.in/articles/tech/asus-proart-p14-with-nvidia-rtx-spark-to-start-at-24gb-unified-memory-but-nvme-option/","SELF_CANONICAL","YES",0,"THIN_CONTENT_CRAWLED_AT_RISK","YES"
"https://thesamachardaily.in/articles/tech/baku-boulevard-hosts-classic-car-exhibition-photo/","article",200,"index,follow","YES","https://thesamachardaily.in/articles/tech/baku-boulevard-hosts-classic-car-exhibition-photo/","SELF_CANONICAL","YES",0,"THIN_CONTENT_CRAWLED_AT_RISK","YES"
"https://thesamachardaily.in/articles/tech/bengaluru-to-host-seven-day-ai-festival-in-march-2027/","article",200,"index,follow","YES","https://thesamachardaily.in/articles/tech/bengaluru-to-host-seven-day-ai-festival-in-march-2027/","SELF_CANONICAL","YES",0,"THIN_CONTENT_CRAWLED_AT_RISK","YES"
"https://thesamachardaily.in/articles/tech/beyond-data-scientists-indias-overlooked-ai-engineering-shortfall/","article",200,"index,follow","YES","https://thesamachardaily.in/articles/tech/beyond-data-scientists-indias-overlooked-ai-engineering-shortfall/","SELF_CANONICAL","YES",0,"THIN_CONTENT_CRAWLED_AT_RISK","YES"
"https://thesamachardaily.in/articles/tech/bihar-deled-first-merit-list-2026-check-cut-offs-admission-schedule-and-slide-up/","article",200,"index,follow","YES","https://thesamachardaily.in/articles/tech/bihar-deled-first-merit-list-2026-check-cut-offs-admission-schedule-and-slide-up/","SELF_CANONICAL","YES",0,"THIN_CONTENT_CRAWLED_AT_RISK","YES"
"https://thesamachardaily.in/articles/tech/billionaire-ai-makers-urge-us-to-provide-real-leadership-as-technology-threatens-worl/","article",200,"index,follow","YES","https://thesamachardaily.in/articles/tech/billionaire-ai-makers-urge-us-to-provide-real-leadership-as-technology-threatens-worl/","SELF_CANONICAL","YES",0,"THIN_CONTENT_CRAWLED_AT_RISK","YES"
"https://thesamachardaily.in/articles/tech/bloombergs-gurman-says-iphone-duo-is-just-the-start-most-iphones-could-fold-in-a-deca/","article",200,"index,follow","YES","https://thesamachardaily.in/articles/tech/bloombergs-gurman-says-iphone-duo-is-just-the-start-most-iphones-could-fold-in-a-deca/","SELF_CANONICAL","NO",0,"THIN_CONTENT_CRAWLED_AT_RISK","YES"
"https://thesamachardaily.in/articles/tech/bougie-health-startups-offering-full-body-diagnostic-scans-for-rich-people-while-the/","article",200,"index,follow","YES","https://thesamachardaily.in/articles/tech/bougie-health-startups-offering-full-body-diagnostic-scans-for-rich-people-while-the/","SELF_CANONICAL","YES",0,"THIN_CONTENT_CRAWLED_AT_RISK","YES"
"https://thesamachardaily.in/articles/tech/british-ai-smallcaps-gain-attention-as-consumer-confidence-softens/","article",200,"index,follow","YES","https://thesamachardaily.in/articles/tech/british-ai-smallcaps-gain-attention-as-consumer-confidence-softens/","SELF_CANONICAL","YES",0,"THIN_CONTENT_CRAWLED_AT_RISK","YES"
"https://thesamachardaily.in/articles/tech/broadcom-supermicro-unite-vmware-ai-factory-with-hardware-management-for-enterprise-a/","article",200,"index,follow","YES","https://thesamachardaily.in/articles/tech/broadcom-supermicro-unite-vmware-ai-factory-with-hardware-management-for-enterprise-a/","SELF_CANONICAL","YES",0,"THIN_CONTENT_CRAWLED_AT_RISK","YES"
"https://thesamachardaily.in/articles/tech/california-gov-newsom-signs-bills-to-protect-kids-from-social-media-ai-chatbot-harms/","article",200,"index,follow","YES","https://thesamachardaily.in/articles/tech/california-gov-newsom-signs-bills-to-protect-kids-from-social-media-ai-chatbot-harms/","SELF_CANONICAL","YES",0,"THIN_CONTENT_CRAWLED_AT_RISK","YES"
"https://thesamachardaily.in/articles/tech/can-ai-make-dysfunctional-governments-more-effective/","article",200,"index,follow","YES","https://thesamachardaily.in/articles/tech/can-ai-make-dysfunctional-governments-more-effective/","SELF_CANONICAL","YES",0,"THIN_CONTENT_CRAWLED_AT_RISK","YES"
"https://thesamachardaily.in/articles/tech/carter-efe-slams-vdms-china-trip-to-source-iphone-18-warns-of-trader-disruption/","article",200,"index,follow","YES","https://thesamachardaily.in/articles/tech/carter-efe-slams-vdms-china-trip-to-source-iphone-18-warns-of-trader-disruption/","SELF_CANONICAL","NO",0,"THIN_CONTENT_CRAWLED_AT_RISK","YES"
"https://thesamachardaily.in/articles/tech/cathie-wood-shifts-287-million-from-alphabet-to-meta-as-ai-focus-intensifies/","article",200,"index,follow","YES","https://thesamachardaily.in/articles/tech/cathie-wood-shifts-287-million-from-alphabet-to-meta-as-ai-focus-intensifies/","SELF_CANONICAL","YES",0,"THIN_CONTENT_CRAWLED_AT_RISK","YES"
"https://thesamachardaily.in/articles/tech/chennai-cyber-crime-wing-warns-against-pirated-streaming-apps-amid-malware-data-theft/","article",200,"index,follow","YES","https://thesamachardaily.in/articles/tech/chennai-cyber-crime-wing-warns-against-pirated-streaming-apps-amid-malware-data-theft/","SELF_CANONICAL","NO",0,"THIN_CONTENT_CRAWLED_AT_RISK","YES"
"https://thesamachardaily.in/articles/tech/chinas-sugon-unveils-first-64-thread-laptop-toppling-intel-and-amd-mobile-limits/","article",200,"index,follow","YES","https://thesamachardaily.in/articles/tech/chinas-sugon-unveils-first-64-thread-laptop-toppling-intel-and-amd-mobile-limits/","SELF_CANONICAL","YES",0,"THIN_CONTENT_CRAWLED_AT_RISK","YES"
"https://thesamachardaily.in/articles/tech/ciso-playbook-securing-vector-databases-as-enterprise-ai-adoption-accelerates/","article",200,"index,follow","YES","https://thesamachardaily.in/articles/tech/ciso-playbook-securing-vector-databases-as-enterprise-ai-adoption-accelerates/","SELF_CANONICAL","YES",0,"THIN_CONTENT_CRAWLED_AT_RISK","YES"
"https://thesamachardaily.in/articles/tech/comprint-founder-pankaj-sancheti-sets-fourstep-blueprint-for-ai-investment-evaluation/","article",200,"index,follow","YES","https://thesamachardaily.in/articles/tech/comprint-founder-pankaj-sancheti-sets-fourstep-blueprint-for-ai-investment-evaluation/","SELF_CANONICAL","NO",0,"THIN_CONTENT_CRAWLED_AT_RISK","YES"
"https://thesamachardaily.in/articles/tech/crowdstrike-debuts-falcon-iq-with-50-ai-agents-expands-to-google-cloud-and-snowflake/","article",200,"index,follow","YES","https://thesamachardaily.in/articles/tech/crowdstrike-debuts-falcon-iq-with-50-ai-agents-expands-to-google-cloud-and-snowflake/","SELF_CANONICAL","NO",0,"THIN_CONTENT_CRAWLED_AT_RISK","YES"
"https://thesamachardaily.in/articles/tech/cxmt-to-launch-the-first-lpddr6-memory/","article",200,"index,follow","YES","https://thesamachardaily.in/articles/tech/cxmt-to-launch-the-first-lpddr6-memory/","SELF_CANONICAL","NO",0,"THIN_CONTENT_CRAWLED_AT_RISK","YES"
"https://thesamachardaily.in/articles/tech/cyber-insurance-fine-print-leaves-firms-exposed-after-outages-report/","article",200,"index,follow","YES","https://thesamachardaily.in/articles/tech/cyber-insurance-fine-print-leaves-firms-exposed-after-outages-report/","SELF_CANONICAL","YES",0,"THIN_CONTENT_CRAWLED_AT_RISK","YES"
"https://thesamachardaily.in/articles/tech/cybersecurity-stocks-rally-as-threats-mount-crowdstrike-palo-alto-sentinelone-surge/","article",200,"index,follow","YES","https://thesamachardaily.in/articles/tech/cybersecurity-stocks-rally-as-threats-mount-crowdstrike-palo-alto-sentinelone-surge/","SELF_CANONICAL","YES",0,"THIN_CONTENT_CRAWLED_AT_RISK","YES"
"https://thesamachardaily.in/articles/tech/cyble-and-uae-cyber-security-council-ink-mou-to-boost-national-threat-intelligence/","article",200,"index,follow","YES","https://thesamachardaily.in/articles/tech/cyble-and-uae-cyber-security-council-ink-mou-to-boost-national-threat-intelligence/","SELF_CANONICAL","NO",0,"THIN_CONTENT_CRAWLED_AT_RISK","YES"
"https://thesamachardaily.in/articles/tech/databricks-unveils-adaptive-instructed-retriever-to-sharpen-ai-data-search/","article",200,"index,follow","YES","https://thesamachardaily.in/articles/tech/databricks-unveils-adaptive-instructed-retriever-to-sharpen-ai-data-search/","SELF_CANONICAL","NO",0,"THIN_CONTENT_CRAWLED_AT_RISK","YES"
"https://thesamachardaily.in/articles/tech/detection-blind-spots-non-standard-file-formats-in-malicious-email-campaigns-kas/","article",200,"index,follow","YES","https://thesamachardaily.in/articles/tech/detection-blind-spots-non-standard-file-formats-in-malicious-email-campaigns-kas/","SELF_CANONICAL","NO",0,"THIN_CONTENT_CRAWLED_AT_RISK","YES"
"https://thesamachardaily.in/articles/tech/dot-warns-imei-tampering-now-carries-3-year-jail-term-and-50-lakh-fine/","article",200,"index,follow","YES","https://thesamachardaily.in/articles/tech/dot-warns-imei-tampering-now-carries-3-year-jail-term-and-50-lakh-fine/","SELF_CANONICAL","YES",0,"THIN_CONTENT_CRAWLED_AT_RISK","YES"
"https://thesamachardaily.in/articles/tech/dxc-engineering-teams-with-loxo-to-scale-level4-autonomous-delivery-vehicles/","article",200,"index,follow","YES","https://thesamachardaily.in/articles/tech/dxc-engineering-teams-with-loxo-to-scale-level4-autonomous-delivery-vehicles/","SELF_CANONICAL","NO",0,"THIN_CONTENT_CRAWLED_AT_RISK","YES"
"https://thesamachardaily.in/articles/tech/east-coast-ai-data-center-in-new-jersey-accused-of-running-unpermitted-generators/","article",200,"index,follow","YES","https://thesamachardaily.in/articles/tech/east-coast-ai-data-center-in-new-jersey-accused-of-running-unpermitted-generators/","SELF_CANONICAL","YES",0,"THIN_CONTENT_CRAWLED_AT_RISK","YES"
"https://thesamachardaily.in/articles/tech/edifier-k200-brings-portable-karaoke-to-your-living-room/","article",200,"index,follow","YES","https://thesamachardaily.in/articles/tech/edifier-k200-brings-portable-karaoke-to-your-living-room/","SELF_CANONICAL","NO",0,"THIN_CONTENT_CRAWLED_AT_RISK","YES"
"https://thesamachardaily.in/articles/tech/esda-to-host-day-long-ai-design-session-at-semicon-west/","article",200,"index,follow","YES","https://thesamachardaily.in/articles/tech/esda-to-host-day-long-ai-design-session-at-semicon-west/","SELF_CANONICAL","NO",0,"THIN_CONTENT_CRAWLED_AT_RISK","YES"
"https://thesamachardaily.in/articles/tech/f1-sim-racing-indigenous-technologies-draw-crowds-at-txg-expo/","article",200,"index,follow","YES","https://thesamachardaily.in/articles/tech/f1-sim-racing-indigenous-technologies-draw-crowds-at-txg-expo/","SELF_CANONICAL","YES",0,"THIN_CONTENT_CRAWLED_AT_RISK","YES"
"https://thesamachardaily.in/articles/tech/fall-smash-hits-or-hitting-stop-button/","article",200,"index,follow","YES","https://thesamachardaily.in/articles/tech/fall-smash-hits-or-hitting-stop-button/","SELF_CANONICAL","YES",0,"THIN_CONTENT_CRAWLED_AT_RISK","YES"
"https://thesamachardaily.in/articles/tech/federal-rapid-response-grant-funds-u-of-i-drought-planning-tools-for-irrigators/","article",200,"index,follow","YES","https://thesamachardaily.in/articles/tech/federal-rapid-response-grant-funds-u-of-i-drought-planning-tools-for-irrigators/","SELF_CANONICAL","NO",0,"THIN_CONTENT_CRAWLED_AT_RISK","YES"
"https://thesamachardaily.in/articles/tech/five-common-android-auto-mistakes-are-undermining-the-in-car-experience/","article",200,"index,follow","YES","https://thesamachardaily.in/articles/tech/five-common-android-auto-mistakes-are-undermining-the-in-car-experience/","SELF_CANONICAL","YES",0,"THIN_CONTENT_CRAWLED_AT_RISK","YES"
"https://thesamachardaily.in/articles/tech/galaxy-z-fold-8-camera-setup-shows-how-samsung-reworked-the-fold---techrepublic/","article",200,"index,follow","YES","https://thesamachardaily.in/articles/tech/galaxy-z-fold-8-camera-setup-shows-how-samsung-reworked-the-fold---techrepublic/","SELF_CANONICAL","YES",0,"THIN_CONTENT_CRAWLED_AT_RISK","YES"
"https://thesamachardaily.in/articles/tech/ganesh-chaturthi-tech-deals-reliance-digitals-picks-across-laptops-phones-watches/","article",200,"noindex,follow","NO","https://thesamachardaily.in/articles/tech/ganesh-chaturthi-tech-deals-reliance-digitals-picks-across-laptops-phones-watches/","SELF_CANONICAL","YES",0,"EXCLUDED_BY_NOINDEX_LOCAL","NO"
"https://thesamachardaily.in/articles/tech/georgia-police-issue-warning-to-parents-over-viral-cat-in-the-hat-ai-trend/","article",200,"index,follow","YES","https://thesamachardaily.in/articles/tech/georgia-police-issue-warning-to-parents-over-viral-cat-in-the-hat-ai-trend/","SELF_CANONICAL","YES",0,"THIN_CONTENT_CRAWLED_AT_RISK","YES"
"https://thesamachardaily.in/articles/tech/global-ai-and-digital-commerce-trends-set-to-lift-monetisation-profitability-for-indi/","article",200,"index,follow","YES","https://thesamachardaily.in/articles/tech/global-ai-and-digital-commerce-trends-set-to-lift-monetisation-profitability-for-indi/","SELF_CANONICAL","YES",0,"THIN_CONTENT_CRAWLED_AT_RISK","YES"
"https://thesamachardaily.in/articles/tech/google-aligns-with-openai-anthropic-meta-in-public-ai-hack-disclosures/","article",200,"index,follow","YES","https://thesamachardaily.in/articles/tech/google-aligns-with-openai-anthropic-meta-in-public-ai-hack-disclosures/","SELF_CANONICAL","YES",0,"THIN_CONTENT_CRAWLED_AT_RISK","YES"
"https://thesamachardaily.in/articles/tech/google-commits-over-15-b-to-finnish-ai-infrastructure-amid-global-energy-competition/","article",200,"index,follow","YES","https://thesamachardaily.in/articles/tech/google-commits-over-15-b-to-finnish-ai-infrastructure-amid-global-energy-competition/","SELF_CANONICAL","YES",0,"THIN_CONTENT_CRAWLED_AT_RISK","YES"
"https://thesamachardaily.in/articles/tech/google-integrates-google-pics-smart-ai-image-editing-into-docs-and-slides/","article",200,"index,follow","YES","https://thesamachardaily.in/articles/tech/google-integrates-google-pics-smart-ai-image-editing-into-docs-and-slides/","SELF_CANONICAL","YES",0,"THIN_CONTENT_CRAWLED_AT_RISK","YES"
"https://thesamachardaily.in/articles/tech/google-rolls-out-gemini-38-flash-pricing-set-at-075-per-million-input-tokens/","article",200,"index,follow","YES","https://thesamachardaily.in/articles/tech/google-rolls-out-gemini-38-flash-pricing-set-at-075-per-million-input-tokens/","SELF_CANONICAL","YES",0,"THIN_CONTENT_CRAWLED_AT_RISK","YES"
"https://thesamachardaily.in/articles/tech/google-says-android-auto-speedometer-vanishes-because-its-a-paidplan-feature/","article",200,"index,follow","YES","https://thesamachardaily.in/articles/tech/google-says-android-auto-speedometer-vanishes-because-its-a-paidplan-feature/","SELF_CANONICAL","YES",0,"THIN_CONTENT_CRAWLED_AT_RISK","YES"
"https://thesamachardaily.in/articles/tech/gpt-6-astra-beats-fable-51-in-visual-design-securing-70-of-votes/","article",200,"index,follow","YES","https://thesamachardaily.in/articles/tech/gpt-6-astra-beats-fable-51-in-visual-design-securing-70-of-votes/","SELF_CANONICAL","NO",0,"THIN_CONTENT_CRAWLED_AT_RISK","YES"
"https://thesamachardaily.in/articles/tech/gsmarena-lists-display-sizes-resolutions-for-next-years-pro-iphones/","article",200,"index,follow","YES","https://thesamachardaily.in/articles/tech/gsmarena-lists-display-sizes-resolutions-for-next-years-pro-iphones/","SELF_CANONICAL","YES",0,"THIN_CONTENT_CRAWLED_AT_RISK","YES"
"https://thesamachardaily.in/articles/tech/harmony-to-sunset-its-layer1-chain-shifts-tokens-to-ethereum-for-ai-video-remix-econo/","article",200,"index,follow","YES","https://thesamachardaily.in/articles/tech/harmony-to-sunset-its-layer1-chain-shifts-tokens-to-ethereum-for-ai-video-remix-econo/","SELF_CANONICAL","YES",0,"THIN_CONTENT_CRAWLED_AT_RISK","YES"
"https://thesamachardaily.in/articles/tech/horror-has-a-new-home-house-of-horror-haunted-carnival-marks-25-years-at-tropical-par/","article",200,"index,follow","YES","https://thesamachardaily.in/articles/tech/horror-has-a-new-home-house-of-horror-haunted-carnival-marks-25-years-at-tropical-par/","SELF_CANONICAL","YES",0,"THIN_CONTENT_CRAWLED_AT_RISK","YES"
"https://thesamachardaily.in/articles/tech/ideagen-retains-verdantix-green-quadrant-leader-status-in-2026-ehs-software-report/","article",200,"index,follow","YES","https://thesamachardaily.in/articles/tech/ideagen-retains-verdantix-green-quadrant-leader-status-in-2026-ehs-software-report/","SELF_CANONICAL","NO",0,"THIN_CONTENT_CRAWLED_AT_RISK","YES"
"https://thesamachardaily.in/articles/tech/iflytek-launches-ainote-2-ultra-thin-tablet-with-paperlike-writing-and-realtime-ai/","article",200,"index,follow","YES","https://thesamachardaily.in/articles/tech/iflytek-launches-ainote-2-ultra-thin-tablet-with-paperlike-writing-and-realtime-ai/","SELF_CANONICAL","YES",0,"THIN_CONTENT_CRAWLED_AT_RISK","YES"
"https://thesamachardaily.in/articles/tech/india-deploys-ai-across-government-raises-debate-over-authority-limits/","article",200,"index,follow","YES","https://thesamachardaily.in/articles/tech/india-deploys-ai-across-government-raises-debate-over-authority-limits/","SELF_CANONICAL","YES",0,"THIN_CONTENT_CRAWLED_AT_RISK","YES"
"https://thesamachardaily.in/articles/tech/india-must-avoid-low-cost-model-to-secure-global-ai-leadership-experts-warn/","article",200,"index,follow","YES","https://thesamachardaily.in/articles/tech/india-must-avoid-low-cost-model-to-secure-global-ai-leadership-experts-warn/","SELF_CANONICAL","YES",0,"THIN_CONTENT_CRAWLED_AT_RISK","YES"
"https://thesamachardaily.in/articles/tech/india-to-assist-sri-lanka-in-creating-army-ai-laboratory-says-defence-minister/","article",200,"index,follow","YES","https://thesamachardaily.in/articles/tech/india-to-assist-sri-lanka-in-creating-army-ai-laboratory-says-defence-minister/","SELF_CANONICAL","NO",0,"THIN_CONTENT_CRAWLED_AT_RISK","YES"
"https://thesamachardaily.in/articles/tech/indian-startup-detectifai-develops-live-call-detection-system-to-fight-ai-voice-/","article",200,"noindex,follow","NO","https://thesamachardaily.in/articles/tech/indian-startup-detectifai-develops-live-call-detection-system-to-fight-ai-voice-/","SELF_CANONICAL","YES",0,"EXCLUDED_BY_NOINDEX_LOCAL","NO"
"https://thesamachardaily.in/articles/tech/indias-ai-education-drive-aims-for-speed-yet-risks-passive-learning/","article",200,"index,follow","YES","https://thesamachardaily.in/articles/tech/indias-ai-education-drive-aims-for-speed-yet-risks-passive-learning/","SELF_CANONICAL","YES",0,"THIN_CONTENT_CRAWLED_AT_RISK","YES"
"https://thesamachardaily.in/articles/tech/indias-lr-ashm-family-could-reach-3500-km-as-drdo-develops-extended-range-hypersonic/","article",200,"index,follow","YES","https://thesamachardaily.in/articles/tech/indias-lr-ashm-family-could-reach-3500-km-as-drdo-develops-extended-range-hypersonic/","SELF_CANONICAL","YES",0,"THIN_CONTENT_CRAWLED_AT_RISK","YES"
"https://thesamachardaily.in/articles/tech/indias-semiconductor-drive-shifts-to-execution-says-ashwini-vaishnaw/","article",200,"index,follow","YES","https://thesamachardaily.in/articles/tech/indias-semiconductor-drive-shifts-to-execution-says-ashwini-vaishnaw/","SELF_CANONICAL","YES",0,"THIN_CONTENT_CRAWLED_AT_RISK","YES"
"https://thesamachardaily.in/articles/tech/industrial-ai-aims-to-empower-operators-not-replace-them/","article",200,"noindex,follow","NO","https://thesamachardaily.in/articles/tech/industrial-ai-aims-to-empower-operators-not-replace-them/","SELF_CANONICAL","YES",0,"EXCLUDED_BY_NOINDEX_LOCAL","NO"
"https://thesamachardaily.in/articles/tech/industrys-missed-piece-realtime-user-feedback-to-tackle-ai-drift/","article",200,"noindex,follow","NO","https://thesamachardaily.in/articles/tech/industrys-missed-piece-realtime-user-feedback-to-tackle-ai-drift/","SELF_CANONICAL","YES",0,"EXCLUDED_BY_NOINDEX_LOCAL","NO"
"https://thesamachardaily.in/articles/tech/inside-the-birth-of-androids-green-robot-design-choice-and-iconic-rise/","article",200,"index,follow","YES","https://thesamachardaily.in/articles/tech/inside-the-birth-of-androids-green-robot-design-choice-and-iconic-rise/","SELF_CANONICAL","YES",0,"THIN_CONTENT_CRAWLED_AT_RISK","YES"
"https://thesamachardaily.in/articles/tech/instagram-replaces-ai-creator-label-with-aigenerated-profile-tag-curbs-undisclosed-bo/","article",200,"index,follow","YES","https://thesamachardaily.in/articles/tech/instagram-replaces-ai-creator-label-with-aigenerated-profile-tag-curbs-undisclosed-bo/","SELF_CANONICAL","YES",0,"THIN_CONTENT_CRAWLED_AT_RISK","YES"
"https://thesamachardaily.in/articles/tech/iphone-18-pro-foldable-iphone-ultra-and-more-apple-products-expected-next-month-/","article",200,"index,follow","YES","https://thesamachardaily.in/articles/tech/iphone-18-pro-foldable-iphone-ultra-and-more-apple-products-expected-next-month-/","SELF_CANONICAL","YES",0,"THIN_CONTENT_CRAWLED_AT_RISK","YES"
"https://thesamachardaily.in/articles/tech/iphone-duos-dualcamera-design-trades-tradition-for-thinness-not-flaw/","article",200,"index,follow","YES","https://thesamachardaily.in/articles/tech/iphone-duos-dualcamera-design-trades-tradition-for-thinness-not-flaw/","SELF_CANONICAL","YES",0,"THIN_CONTENT_CRAWLED_AT_RISK","YES"
"https://thesamachardaily.in/articles/tech/is-the-best-way-to-watch-a-movie-on-a-pair-of-sunglasses/","article",200,"index,follow","YES","https://thesamachardaily.in/articles/tech/is-the-best-way-to-watch-a-movie-on-a-pair-of-sunglasses/","SELF_CANONICAL","YES",0,"THIN_CONTENT_CRAWLED_AT_RISK","YES"
"https://thesamachardaily.in/articles/tech/jio-platforms-ipo-gets-sebi-nod/","article",200,"index,follow","YES","https://thesamachardaily.in/articles/tech/jio-platforms-ipo-gets-sebi-nod/","SELF_CANONICAL","YES",0,"THIN_CONTENT_CRAWLED_AT_RISK","YES"
"https://thesamachardaily.in/articles/tech/jpmorgan-executive-reveals-key-metric-ai-projects-must-prove-to-secure-funding/","article",200,"index,follow","YES","https://thesamachardaily.in/articles/tech/jpmorgan-executive-reveals-key-metric-ai-projects-must-prove-to-secure-funding/","SELF_CANONICAL","YES",0,"THIN_CONTENT_CRAWLED_AT_RISK","YES"
"https://thesamachardaily.in/articles/tech/judge-rodriguez-weighs-in-on-artificial-intelligence-uses-in-the-judiciary/","article",200,"index,follow","YES","https://thesamachardaily.in/articles/tech/judge-rodriguez-weighs-in-on-artificial-intelligence-uses-in-the-judiciary/","SELF_CANONICAL","YES",0,"THIN_CONTENT_CRAWLED_AT_RISK","YES"
"https://thesamachardaily.in/articles/tech/jumpfactor-says-security-mandates-spur-it-modernization-for-small-and-midsize-vendors/","article",200,"noindex,follow","NO","https://thesamachardaily.in/articles/tech/jumpfactor-says-security-mandates-spur-it-modernization-for-small-and-midsize-vendors/","SELF_CANONICAL","NO",0,"EXCLUDED_BY_NOINDEX_LOCAL","NO"
"https://thesamachardaily.in/articles/tech/juul-gets-ok-to-sell-updated-vaping-device-with-age-gating-technology/","article",200,"index,follow","YES","https://thesamachardaily.in/articles/tech/juul-gets-ok-to-sell-updated-vaping-device-with-age-gating-technology/","SELF_CANONICAL","YES",0,"THIN_CONTENT_CRAWLED_AT_RISK","YES"
"https://thesamachardaily.in/articles/tech/kalamazoo-considers-data-center-moratorium-amid-rapid-ai-expansion/","article",200,"index,follow","YES","https://thesamachardaily.in/articles/tech/kalamazoo-considers-data-center-moratorium-amid-rapid-ai-expansion/","SELF_CANONICAL","YES",0,"THIN_CONTENT_CRAWLED_AT_RISK","YES"
"https://thesamachardaily.in/articles/tech/klh-aziznagar-campus-partners-with-dsci-to-boost-cybersecurity-education-and-skills/","article",200,"index,follow","YES","https://thesamachardaily.in/articles/tech/klh-aziznagar-campus-partners-with-dsci-to-boost-cybersecurity-education-and-skills/","SELF_CANONICAL","NO",0,"THIN_CONTENT_CRAWLED_AT_RISK","YES"
"https://thesamachardaily.in/articles/tech/krafton-commits-250-million-to-india-targeting-ai-robotics-and-deep-tech/","article",200,"index,follow","YES","https://thesamachardaily.in/articles/tech/krafton-commits-250-million-to-india-targeting-ai-robotics-and-deep-tech/","SELF_CANONICAL","YES",0,"THIN_CONTENT_CRAWLED_AT_RISK","YES"
"https://thesamachardaily.in/articles/tech/lava-unveils-virat-curve-5g-smartphone-at-19999-launch-price/","article",200,"index,follow","YES","https://thesamachardaily.in/articles/tech/lava-unveils-virat-curve-5g-smartphone-at-19999-launch-price/","SELF_CANONICAL","YES",0,"THIN_CONTENT_CRAWLED_AT_RISK","YES"
"https://thesamachardaily.in/articles/tech/lenovo-acer-debut-nvidia-rtx-spark-systems-at-ifa-2026-ahead-of-october-launch/","article",200,"index,follow","YES","https://thesamachardaily.in/articles/tech/lenovo-acer-debut-nvidia-rtx-spark-systems-at-ifa-2026-ahead-of-october-launch/","SELF_CANONICAL","YES",0,"THIN_CONTENT_CRAWLED_AT_RISK","YES"
"https://thesamachardaily.in/articles/tech/lenovo-yoga-pro-9i-2026-pairs-12gb-rtx-5070-with-1500-nit-oled-display/","article",200,"index,follow","YES","https://thesamachardaily.in/articles/tech/lenovo-yoga-pro-9i-2026-pairs-12gb-rtx-5070-with-1500-nit-oled-display/","SELF_CANONICAL","YES",0,"THIN_CONTENT_CRAWLED_AT_RISK","YES"
"https://thesamachardaily.in/articles/tech/long-queues-mark-first-day-sale-of-iphone-18-series-across-india/","article",200,"index,follow","YES","https://thesamachardaily.in/articles/tech/long-queues-mark-first-day-sale-of-iphone-18-series-across-india/","SELF_CANONICAL","YES",0,"THIN_CONTENT_CRAWLED_AT_RISK","YES"
"https://thesamachardaily.in/articles/tech/major-ai-outage-hits-chatgpt-gemini-and-claude-as-astra-rumors-swirl/","article",200,"index,follow","YES","https://thesamachardaily.in/articles/tech/major-ai-outage-hits-chatgpt-gemini-and-claude-as-astra-rumors-swirl/","SELF_CANONICAL","YES",0,"THIN_CONTENT_CRAWLED_AT_RISK","YES"
"https://thesamachardaily.in/articles/tech/mediatek-unveils-dimensity-9600-pro-a-2nm-flagship-chip-powering-oppo-find-x10-pro-ma/","article",200,"index,follow","YES","https://thesamachardaily.in/articles/tech/mediatek-unveils-dimensity-9600-pro-a-2nm-flagship-chip-powering-oppo-find-x10-pro-ma/","SELF_CANONICAL","YES",0,"THIN_CONTENT_CRAWLED_AT_RISK","YES"
"https://thesamachardaily.in/articles/tech/meta-ai-chief-wang-mocks-google-as-muse-spark-13-outscores-gemini/","article",200,"index,follow","YES","https://thesamachardaily.in/articles/tech/meta-ai-chief-wang-mocks-google-as-muse-spark-13-outscores-gemini/","SELF_CANONICAL","YES",0,"THIN_CONTENT_CRAWLED_AT_RISK","YES"
"https://thesamachardaily.in/articles/tech/metas-18-billion-settlement-why-it-could-change-social-media-rules-for-kids-worl/","article",200,"index,follow","YES","https://thesamachardaily.in/articles/tech/metas-18-billion-settlement-why-it-could-change-social-media-rules-for-kids-worl/","SELF_CANONICAL","NO",0,"THIN_CONTENT_CRAWLED_AT_RISK","YES"
"https://thesamachardaily.in/articles/tech/metas-ai-training-disclosures-prompt-judicial-skepticism/","article",200,"index,follow","YES","https://thesamachardaily.in/articles/tech/metas-ai-training-disclosures-prompt-judicial-skepticism/","SELF_CANONICAL","NO",0,"THIN_CONTENT_CRAWLED_AT_RISK","YES"
"https://thesamachardaily.in/articles/tech/microsoft-ai-chief-flags-anthropics-claude-training-as-threat-to-human-control/","article",200,"index,follow","YES","https://thesamachardaily.in/articles/tech/microsoft-ai-chief-flags-anthropics-claude-training-as-threat-to-human-control/","SELF_CANONICAL","NO",0,"THIN_CONTENT_CRAWLED_AT_RISK","YES"
"https://thesamachardaily.in/articles/tech/milrem-robotics-seals-strategic-defense-tech-deals-with-polands-pgz-group-at-mspo/","article",200,"index,follow","YES","https://thesamachardaily.in/articles/tech/milrem-robotics-seals-strategic-defense-tech-deals-with-polands-pgz-group-at-mspo/","SELF_CANONICAL","NO",0,"THIN_CONTENT_CRAWLED_AT_RISK","YES"
"https://thesamachardaily.in/articles/tech/mitsubishi-electric-to-deploy-ai-talent-platform-for-150000-staff-by-fy2029/","article",200,"index,follow","YES","https://thesamachardaily.in/articles/tech/mitsubishi-electric-to-deploy-ai-talent-platform-for-150000-staff-by-fy2029/","SELF_CANONICAL","NO",0,"THIN_CONTENT_CRAWLED_AT_RISK","YES"
"https://thesamachardaily.in/articles/tech/mivi-one-5g-set-for-india-launch-on-sept-24-with-snapdragon-chipset-and-gemini-ai/","article",200,"index,follow","YES","https://thesamachardaily.in/articles/tech/mivi-one-5g-set-for-india-launch-on-sept-24-with-snapdragon-chipset-and-gemini-ai/","SELF_CANONICAL","YES",0,"THIN_CONTENT_CRAWLED_AT_RISK","YES"
"https://thesamachardaily.in/articles/tech/music-features-prominently-in-grand-theft-auto-vi-extended-look---music-ally/","article",200,"index,follow","YES","https://thesamachardaily.in/articles/tech/music-features-prominently-in-grand-theft-auto-vi-extended-look---music-ally/","SELF_CANONICAL","YES",0,"THIN_CONTENT_CRAWLED_AT_RISK","YES"
"https://thesamachardaily.in/articles/tech/nasa-administrator-conducts-flypast-over-cape-canaveral-launchpad-on-eve-of-launch-of/","article",200,"index,follow","YES","https://thesamachardaily.in/articles/tech/nasa-administrator-conducts-flypast-over-cape-canaveral-launchpad-on-eve-of-launch-of/","SELF_CANONICAL","YES",0,"THIN_CONTENT_CRAWLED_AT_RISK","YES"
"https://thesamachardaily.in/articles/tech/nasa-engineers-chip-gamble-fuels-billionunit-smartphone-camera-boom/","article",200,"index,follow","YES","https://thesamachardaily.in/articles/tech/nasa-engineers-chip-gamble-fuels-billionunit-smartphone-camera-boom/","SELF_CANONICAL","YES",0,"THIN_CONTENT_CRAWLED_AT_RISK","YES"
"https://thesamachardaily.in/articles/tech/nasa-ibm-unveil-opensource-ai-model-to-map-moons-ice-craters-and-volcanoes/","article",200,"noindex,follow","NO","https://thesamachardaily.in/articles/tech/nasa-ibm-unveil-opensource-ai-model-to-map-moons-ice-craters-and-volcanoes/","SELF_CANONICAL","NO",0,"EXCLUDED_BY_NOINDEX_LOCAL","NO"
"https://thesamachardaily.in/articles/tech/nvidia-acquires-hugging-face-for-13-billion-in-massive-open-source-ai-push/","article",200,"index,follow","YES","https://thesamachardaily.in/articles/tech/nvidia-acquires-hugging-face-for-13-billion-in-massive-open-source-ai-push/","SELF_CANONICAL","YES",0,"THIN_CONTENT_CRAWLED_AT_RISK","YES"
"https://thesamachardaily.in/articles/tech/nvidia-in-funding-talks-for-anthropics-potentially-massive-ipo/","article",200,"index,follow","YES","https://thesamachardaily.in/articles/tech/nvidia-in-funding-talks-for-anthropics-potentially-massive-ipo/","SELF_CANONICAL","YES",0,"THIN_CONTENT_CRAWLED_AT_RISK","YES"
"https://thesamachardaily.in/articles/tech/openai-chief-scientist-warns-of-unchecked-ai-urges-extreme-caution-as-technology-race/","article",200,"index,follow","YES","https://thesamachardaily.in/articles/tech/openai-chief-scientist-warns-of-unchecked-ai-urges-extreme-caution-as-technology-race/","SELF_CANONICAL","YES",0,"THIN_CONTENT_CRAWLED_AT_RISK","YES"
"https://thesamachardaily.in/articles/tech/openai-claims-gpt-6-astra-surpasses-anthropic-dubbing-it-worlds-most-intelligent-mode/","article",200,"index,follow","YES","https://thesamachardaily.in/articles/tech/openai-claims-gpt-6-astra-surpasses-anthropic-dubbing-it-worlds-most-intelligent-mode/","SELF_CANONICAL","YES",0,"THIN_CONTENT_CRAWLED_AT_RISK","YES"
"https://thesamachardaily.in/articles/tech/openai-declares-agi-era-at-gpt-6-astra-briefing-anthropics-fable-51-posts-big-science/","article",200,"index,follow","YES","https://thesamachardaily.in/articles/tech/openai-declares-agi-era-at-gpt-6-astra-briefing-anthropics-fable-51-posts-big-science/","SELF_CANONICAL","YES",0,"THIN_CONTENT_CRAWLED_AT_RISK","YES"
"https://thesamachardaily.in/articles/tech/openai-embeds-chatgpt-in-microsoft-word-enabling-ai-drafting-and-editing/","article",200,"index,follow","YES","https://thesamachardaily.in/articles/tech/openai-embeds-chatgpt-in-microsoft-word-enabling-ai-drafting-and-editing/","SELF_CANONICAL","YES",0,"THIN_CONTENT_CRAWLED_AT_RISK","YES"
"https://thesamachardaily.in/articles/tech/openai-faces-mathematicians-backlash-over-ai-driven-race-to-solve-classic-problems/","article",200,"index,follow","YES","https://thesamachardaily.in/articles/tech/openai-faces-mathematicians-backlash-over-ai-driven-race-to-solve-classic-problems/","SELF_CANONICAL","YES",0,"THIN_CONTENT_CRAWLED_AT_RISK","YES"
"https://thesamachardaily.in/articles/tech/openais-astra-becomes-first-model-to-hit-critical-cybersecurity-threshold/","article",200,"index,follow","YES","https://thesamachardaily.in/articles/tech/openais-astra-becomes-first-model-to-hit-critical-cybersecurity-threshold/","SELF_CANONICAL","YES",0,"THIN_CONTENT_CRAWLED_AT_RISK","YES"
"https://thesamachardaily.in/articles/tech/openais-gpt-6-astra-generates-swarms-of-local-cpu-agents-boosting-intel-and-amd-deman/","article",200,"index,follow","YES","https://thesamachardaily.in/articles/tech/openais-gpt-6-astra-generates-swarms-of-local-cpu-agents-boosting-intel-and-amd-deman/","SELF_CANONICAL","YES",0,"THIN_CONTENT_CRAWLED_AT_RISK","YES"
"https://thesamachardaily.in/articles/tech/oppo-find-x10-pro-max-leaks-triple-200mp-cameras-groundbreaking-mobile-photograp/","article",200,"index,follow","YES","https://thesamachardaily.in/articles/tech/oppo-find-x10-pro-max-leaks-triple-200mp-cameras-groundbreaking-mobile-photograp/","SELF_CANONICAL","YES",0,"THIN_CONTENT_CRAWLED_AT_RISK","YES"
"https://thesamachardaily.in/articles/tech/oppo-find-x10-vivo-x500-oneplus-16-flagship-launch-timelines-leaked-for-india/","article",200,"index,follow","YES","https://thesamachardaily.in/articles/tech/oppo-find-x10-vivo-x500-oneplus-16-flagship-launch-timelines-leaked-for-india/","SELF_CANONICAL","YES",0,"THIN_CONTENT_CRAWLED_AT_RISK","YES"
"https://thesamachardaily.in/articles/tech/palantirs-alex-karp-hails-indias-ai-push-calls-for-sovereign-systems/","article",200,"index,follow","YES","https://thesamachardaily.in/articles/tech/palantirs-alex-karp-hails-indias-ai-push-calls-for-sovereign-systems/","SELF_CANONICAL","YES",0,"THIN_CONTENT_CRAWLED_AT_RISK","YES"
"https://thesamachardaily.in/articles/tech/palantirs-alex-karp-urges-governments-to-recall-ai-experts-from-us-warns-of-anti-sove/","article",200,"index,follow","YES","https://thesamachardaily.in/articles/tech/palantirs-alex-karp-urges-governments-to-recall-ai-experts-from-us-warns-of-anti-sove/","SELF_CANONICAL","YES",0,"THIN_CONTENT_CRAWLED_AT_RISK","YES"
"https://thesamachardaily.in/articles/tech/peladn-unveils-budget-wo5-mini-pc-in-china-with-ryzen-5-3500u-and-tripledisplay-suppo/","article",200,"index,follow","YES","https://thesamachardaily.in/articles/tech/peladn-unveils-budget-wo5-mini-pc-in-china-with-ryzen-5-3500u-and-tripledisplay-suppo/","SELF_CANONICAL","NO",0,"THIN_CONTENT_CRAWLED_AT_RISK","YES"
"https://thesamachardaily.in/articles/tech/perplexity-unveils-open-source-tool-numbat-to-track-rogue-ai-agents/","article",200,"index,follow","YES","https://thesamachardaily.in/articles/tech/perplexity-unveils-open-source-tool-numbat-to-track-rogue-ai-agents/","SELF_CANONICAL","YES",0,"THIN_CONTENT_CRAWLED_AT_RISK","YES"
"https://thesamachardaily.in/articles/tech/pitaka-launches-iphone-18-edge-and-guard-cases-with-aramid-fiber-protection/","article",200,"index,follow","YES","https://thesamachardaily.in/articles/tech/pitaka-launches-iphone-18-edge-and-guard-cases-with-aramid-fiber-protection/","SELF_CANONICAL","NO",0,"THIN_CONTENT_CRAWLED_AT_RISK","YES"
"https://thesamachardaily.in/articles/tech/poco-x8-power-5g-launching-in-india-on-september-4-10000mah-battery-and-specs-co/","article",200,"index,follow","YES","https://thesamachardaily.in/articles/tech/poco-x8-power-5g-launching-in-india-on-september-4-10000mah-battery-and-specs-co/","SELF_CANONICAL","YES",0,"THIN_CONTENT_CRAWLED_AT_RISK","YES"
"https://thesamachardaily.in/articles/tech/qualcomm-redesigns-snapdragon-line-to-enable-ondevice-ai-agents-not-just-faster-ai/","article",200,"index,follow","YES","https://thesamachardaily.in/articles/tech/qualcomm-redesigns-snapdragon-line-to-enable-ondevice-ai-agents-not-just-faster-ai/","SELF_CANONICAL","YES",0,"THIN_CONTENT_CRAWLED_AT_RISK","YES"
"https://thesamachardaily.in/articles/tech/quordle-hints-today-monday-august-31-clues-and-answers/","article",200,"index,follow","YES","https://thesamachardaily.in/articles/tech/quordle-hints-today-monday-august-31-clues-and-answers/","SELF_CANONICAL","YES",0,"THIN_CONTENT_CRAWLED_AT_RISK","YES"
"https://thesamachardaily.in/articles/tech/rainbow-six-tactics-is-xcom-with-agents-and-permadeath-gamescom-2026/","article",200,"index,follow","YES","https://thesamachardaily.in/articles/tech/rainbow-six-tactics-is-xcom-with-agents-and-permadeath-gamescom-2026/","SELF_CANONICAL","YES",0,"THIN_CONTENT_CRAWLED_AT_RISK","YES"
"https://thesamachardaily.in/articles/tech/rayneo-io-smart-glasses-set-to-launch-sept-4-blending-ai-with-everyday-functionality/","article",200,"index,follow","YES","https://thesamachardaily.in/articles/tech/rayneo-io-smart-glasses-set-to-launch-sept-4-blending-ai-with-everyday-functionality/","SELF_CANONICAL","NO",0,"THIN_CONTENT_CRAWLED_AT_RISK","YES"
"https://thesamachardaily.in/articles/tech/rbi-deputy-governor-urges-lenders-to-deploy-aiml-for-early-borrower-stress-detection/","article",200,"index,follow","YES","https://thesamachardaily.in/articles/tech/rbi-deputy-governor-urges-lenders-to-deploy-aiml-for-early-borrower-stress-detection/","SELF_CANONICAL","NO",0,"THIN_CONTENT_CRAWLED_AT_RISK","YES"
"https://thesamachardaily.in/articles/tech/researchers-warn-more-data-does-not-guarantee-better-ai-outcomes/","article",200,"index,follow","YES","https://thesamachardaily.in/articles/tech/researchers-warn-more-data-does-not-guarantee-better-ai-outcomes/","SELF_CANONICAL","YES",0,"THIN_CONTENT_CRAWLED_AT_RISK","YES"
"https://thesamachardaily.in/articles/tech/samsung-expands-free-upgrade-list-adds-millions-of-galaxy-phones-to-one-ui-9-beta/","article",200,"index,follow","YES","https://thesamachardaily.in/articles/tech/samsung-expands-free-upgrade-list-adds-millions-of-galaxy-phones-to-one-ui-9-beta/","SELF_CANONICAL","YES",0,"THIN_CONTENT_CRAWLED_AT_RISK","YES"
"https://thesamachardaily.in/articles/tech/samsung-expands-galaxy-book6-lineup-with-new-800-14-inch-model/","article",200,"index,follow","YES","https://thesamachardaily.in/articles/tech/samsung-expands-galaxy-book6-lineup-with-new-800-14-inch-model/","SELF_CANONICAL","YES",0,"THIN_CONTENT_CRAWLED_AT_RISK","YES"
"https://thesamachardaily.in/articles/tech/samsung-launches-one-ui-90-for-galaxy-s26-series-expands-update-to-s25-and-z7-devices/","article",200,"index,follow","YES","https://thesamachardaily.in/articles/tech/samsung-launches-one-ui-90-for-galaxy-s26-series-expands-update-to-s25-and-z7-devices/","SELF_CANONICAL","YES",0,"THIN_CONTENT_CRAWLED_AT_RISK","YES"
"https://thesamachardaily.in/articles/tech/samsungs-2026-smartphone-lineup-top-picks-across-all-price-tiers/","article",200,"index,follow","YES","https://thesamachardaily.in/articles/tech/samsungs-2026-smartphone-lineup-top-picks-across-all-price-tiers/","SELF_CANONICAL","YES",0,"THIN_CONTENT_CRAWLED_AT_RISK","YES"
"https://thesamachardaily.in/articles/tech/scott-bessent-says-ai-to-drive-us-startup-boom-by-slashing-small-business-headcount/","article",200,"index,follow","YES","https://thesamachardaily.in/articles/tech/scott-bessent-says-ai-to-drive-us-startup-boom-by-slashing-small-business-headcount/","SELF_CANONICAL","YES",0,"THIN_CONTENT_CRAWLED_AT_RISK","YES"
"https://thesamachardaily.in/articles/tech/semiconductors-are-the-backbone-of-iots-shift-to-core-infrastructure/","article",200,"index,follow","YES","https://thesamachardaily.in/articles/tech/semiconductors-are-the-backbone-of-iots-shift-to-core-infrastructure/","SELF_CANONICAL","YES",0,"THIN_CONTENT_CRAWLED_AT_RISK","YES"
"https://thesamachardaily.in/articles/tech/seoul-labs-unveils-seoullabs-pay-to-authenticate-ai-agent-purchases/","article",200,"index,follow","YES","https://thesamachardaily.in/articles/tech/seoul-labs-unveils-seoullabs-pay-to-authenticate-ai-agent-purchases/","SELF_CANONICAL","YES",0,"THIN_CONTENT_CRAWLED_AT_RISK","YES"
"https://thesamachardaily.in/articles/tech/september-5-global-wrap-ai-advances-autonomous-transit-and-geopolitical-shifts-domina/","article",200,"index,follow","YES","https://thesamachardaily.in/articles/tech/september-5-global-wrap-ai-advances-autonomous-transit-and-geopolitical-shifts-domina/","SELF_CANONICAL","YES",0,"THIN_CONTENT_CRAWLED_AT_RISK","YES"
"https://thesamachardaily.in/articles/tech/shift-in-ai-agent-testing-focus-on-schemas-tools-and-outcomes/","article",200,"noindex,follow","NO","https://thesamachardaily.in/articles/tech/shift-in-ai-agent-testing-focus-on-schemas-tools-and-outcomes/","SELF_CANONICAL","YES",0,"EXCLUDED_BY_NOINDEX_LOCAL","NO"
"https://thesamachardaily.in/articles/tech/sridhar-vembu-tells-young-entrepreneurs-success-takes-longer-than-expected/","article",200,"index,follow","YES","https://thesamachardaily.in/articles/tech/sridhar-vembu-tells-young-entrepreneurs-success-takes-longer-than-expected/","SELF_CANONICAL","YES",0,"THIN_CONTENT_CRAWLED_AT_RISK","YES"
"https://thesamachardaily.in/articles/tech/strategy-trumps-tech-in-determining-agentic-ai-success-forbes-says/","article",200,"index,follow","YES","https://thesamachardaily.in/articles/tech/strategy-trumps-tech-in-determining-agentic-ai-success-forbes-says/","SELF_CANONICAL","YES",0,"THIN_CONTENT_CRAWLED_AT_RISK","YES"
"https://thesamachardaily.in/articles/tech/system-tech-days-of-fall-2026-series-boosts-it-ai-cybersecurity-career-pathways/","article",200,"index,follow","YES","https://thesamachardaily.in/articles/tech/system-tech-days-of-fall-2026-series-boosts-it-ai-cybersecurity-career-pathways/","SELF_CANONICAL","YES",0,"THIN_CONTENT_CRAWLED_AT_RISK","YES"
"https://thesamachardaily.in/articles/tech/tata-group-plans-rs-70000-crore-ai-data-centre-mega-project-in-hyderabad/","article",200,"index,follow","YES","https://thesamachardaily.in/articles/tech/tata-group-plans-rs-70000-crore-ai-data-centre-mega-project-in-hyderabad/","SELF_CANONICAL","YES",0,"THIN_CONTENT_CRAWLED_AT_RISK","YES"
"https://thesamachardaily.in/articles/tech/tata-motors-rebranding-tmpv-remains-legal-entity-tata-showroom-new-look-tata-motors-b/","article",200,"index,follow","YES","https://thesamachardaily.in/articles/tech/tata-motors-rebranding-tmpv-remains-legal-entity-tata-showroom-new-look-tata-motors-b/","SELF_CANONICAL","NO",0,"THIN_CONTENT_CRAWLED_AT_RISK","YES"
"https://thesamachardaily.in/articles/tech/tcs-unit-hypervault-secures-264-acres-for-70000-crore-telangana-ai-data-campus/","article",200,"index,follow","YES","https://thesamachardaily.in/articles/tech/tcs-unit-hypervault-secures-264-acres-for-70000-crore-telangana-ai-data-campus/","SELF_CANONICAL","YES",0,"THIN_CONTENT_CRAWLED_AT_RISK","YES"
"https://thesamachardaily.in/articles/tech/tech-mahindra-launches-zero-gravity-telco-architecture-to-speed-ai-native-network-tra/","article",200,"index,follow","YES","https://thesamachardaily.in/articles/tech/tech-mahindra-launches-zero-gravity-telco-architecture-to-speed-ai-native-network-tra/","SELF_CANONICAL","NO",0,"THIN_CONTENT_CRAWLED_AT_RISK","YES"
"https://thesamachardaily.in/articles/tech/tech-week-singapore-2026-opens-with-guest-of-honour-and-tokyo-data-centre-launch/","article",200,"index,follow","YES","https://thesamachardaily.in/articles/tech/tech-week-singapore-2026-opens-with-guest-of-honour-and-tokyo-data-centre-launch/","SELF_CANONICAL","NO",0,"THIN_CONTENT_CRAWLED_AT_RISK","YES"
"https://thesamachardaily.in/articles/tech/tecno-secures-dual-ifa-innovation-awards-for-modular-phone-and-tonino-lamborghini-tau/","article",200,"index,follow","YES","https://thesamachardaily.in/articles/tech/tecno-secures-dual-ifa-innovation-awards-for-modular-phone-and-tonino-lamborghini-tau/","SELF_CANONICAL","NO",0,"THIN_CONTENT_CRAWLED_AT_RISK","YES"
"https://thesamachardaily.in/articles/tech/tecno-spark-go-3-pro-price-in-india-sale-date-specifications-and-features-know-a/","article",200,"index,follow","YES","https://thesamachardaily.in/articles/tech/tecno-spark-go-3-pro-price-in-india-sale-date-specifications-and-features-know-a/","SELF_CANONICAL","YES",0,"THIN_CONTENT_CRAWLED_AT_RISK","YES"
"https://thesamachardaily.in/articles/tech/texas-qb-arch-manning-apologizes-to-holly-rowe-for-laughing-at-aifabricated-slap-vide/","article",200,"index,follow","YES","https://thesamachardaily.in/articles/tech/texas-qb-arch-manning-apologizes-to-holly-rowe-for-laughing-at-aifabricated-slap-vide/","SELF_CANONICAL","NO",0,"THIN_CONTENT_CRAWLED_AT_RISK","YES"
"https://thesamachardaily.in/articles/tech/the-nancy-grace-roman-telescope-begins-its-journey-into-deep-space/","article",200,"index,follow","YES","https://thesamachardaily.in/articles/tech/the-nancy-grace-roman-telescope-begins-its-journey-into-deep-space/","SELF_CANONICAL","YES",0,"THIN_CONTENT_CRAWLED_AT_RISK","YES"
"https://thesamachardaily.in/articles/tech/these-4-things-must-happen-before-rays-stadium-construction-begins/","article",200,"index,follow","YES","https://thesamachardaily.in/articles/tech/these-4-things-must-happen-before-rays-stadium-construction-begins/","SELF_CANONICAL","YES",0,"THIN_CONTENT_CRAWLED_AT_RISK","YES"
"https://thesamachardaily.in/articles/tech/thinkcars-on-device-ai-agent-tyler-converts-100-million-diagnostic-records-into-predi/","article",200,"index,follow","YES","https://thesamachardaily.in/articles/tech/thinkcars-on-device-ai-agent-tyler-converts-100-million-diagnostic-records-into-predi/","SELF_CANONICAL","NO",0,"THIN_CONTENT_CRAWLED_AT_RISK","YES"
"https://thesamachardaily.in/articles/tech/toi-bharat-abroad-179-year-green-card-wait-9-indian-origin-names-shape-ai/","article",200,"index,follow","YES","https://thesamachardaily.in/articles/tech/toi-bharat-abroad-179-year-green-card-wait-9-indian-origin-names-shape-ai/","SELF_CANONICAL","YES",0,"THIN_CONTENT_CRAWLED_AT_RISK","YES"
"https://thesamachardaily.in/articles/tech/torani-vows-no-ai-layoffs-as-101-year-old-brand-maintains-zero-job-cut-legacy/","article",200,"index,follow","YES","https://thesamachardaily.in/articles/tech/torani-vows-no-ai-layoffs-as-101-year-old-brand-maintains-zero-job-cut-legacy/","SELF_CANONICAL","YES",0,"THIN_CONTENT_CRAWLED_AT_RISK","YES"
"https://thesamachardaily.in/articles/tech/tradr-files-for-leveraged-and-inverse-anthropic-etfs-ahead-of-ipo/","article",200,"index,follow","YES","https://thesamachardaily.in/articles/tech/tradr-files-for-leveraged-and-inverse-anthropic-etfs-ahead-of-ipo/","SELF_CANONICAL","NO",0,"THIN_CONTENT_CRAWLED_AT_RISK","YES"
"https://thesamachardaily.in/articles/tech/trump-announces-plans-for-new-ai-force-agency-and-upcoming-ai-czar/","article",200,"index,follow","YES","https://thesamachardaily.in/articles/tech/trump-announces-plans-for-new-ai-force-agency-and-upcoming-ai-czar/","SELF_CANONICAL","YES",0,"THIN_CONTENT_CRAWLED_AT_RISK","YES"
"https://thesamachardaily.in/articles/tech/trump-brands-ai-takeover-warnings-a-hoax-in-rapidfire-truth-social-posts/","article",200,"index,follow","YES","https://thesamachardaily.in/articles/tech/trump-brands-ai-takeover-warnings-a-hoax-in-rapidfire-truth-social-posts/","SELF_CANONICAL","YES",0,"THIN_CONTENT_CRAWLED_AT_RISK","YES"
"https://thesamachardaily.in/articles/tech/trump-creates-a-space-academy-and-honors-the-artemis-astronauts/","article",200,"index,follow","YES","https://thesamachardaily.in/articles/tech/trump-creates-a-space-academy-and-honors-the-artemis-astronauts/","SELF_CANONICAL","YES",0,"THIN_CONTENT_CRAWLED_AT_RISK","YES"
"https://thesamachardaily.in/articles/tech/trump-labels-ai-data-centers-oil-of-next-50-years-blames-google-for-misplaced-project/","article",200,"index,follow","YES","https://thesamachardaily.in/articles/tech/trump-labels-ai-data-centers-oil-of-next-50-years-blames-google-for-misplaced-project/","SELF_CANONICAL","YES",0,"THIN_CONTENT_CRAWLED_AT_RISK","YES"
"https://thesamachardaily.in/articles/tech/two-in-five-us-consumers-hit-by-ai-driven-financial-scams-new-survey-finds/","article",200,"index,follow","YES","https://thesamachardaily.in/articles/tech/two-in-five-us-consumers-hit-by-ai-driven-financial-scams-new-survey-finds/","SELF_CANONICAL","YES",0,"THIN_CONTENT_CRAWLED_AT_RISK","YES"
"https://thesamachardaily.in/articles/tech/uber-drivers-say-waymo-robotaxis-are-driving-down-their-pay/","article",200,"index,follow","YES","https://thesamachardaily.in/articles/tech/uber-drivers-say-waymo-robotaxis-are-driving-down-their-pay/","SELF_CANONICAL","YES",0,"THIN_CONTENT_CRAWLED_AT_RISK","YES"
"https://thesamachardaily.in/articles/tech/untitled-linux-show-271-ai-touches-new-hardware-kernel-wins-and-distro-shifts/","article",200,"index,follow","YES","https://thesamachardaily.in/articles/tech/untitled-linux-show-271-ai-touches-new-hardware-kernel-wins-and-distro-shifts/","SELF_CANONICAL","NO",0,"THIN_CONTENT_CRAWLED_AT_RISK","YES"
"https://thesamachardaily.in/articles/tech/us-china-set-mid-september-ai-safety-talks-focused-on-cyberattack-coordination/","article",200,"index,follow","YES","https://thesamachardaily.in/articles/tech/us-china-set-mid-september-ai-safety-talks-focused-on-cyberattack-coordination/","SELF_CANONICAL","YES",0,"THIN_CONTENT_CRAWLED_AT_RISK","YES"
"https://thesamachardaily.in/articles/tech/us-doj-launches-investigation-into-nvidias-licensing-agreement-with-ai-startup-groq/","article",200,"index,follow","YES","https://thesamachardaily.in/articles/tech/us-doj-launches-investigation-into-nvidias-licensing-agreement-with-ai-startup-groq/","SELF_CANONICAL","NO",0,"THIN_CONTENT_CRAWLED_AT_RISK","YES"
"https://thesamachardaily.in/articles/tech/us-stocks-set-to-open-higher-as-bond-yields-slip-broadcom-nvidia-intel-lead-premarket/","article",200,"index,follow","YES","https://thesamachardaily.in/articles/tech/us-stocks-set-to-open-higher-as-bond-yields-slip-broadcom-nvidia-intel-lead-premarket/","SELF_CANONICAL","YES",0,"THIN_CONTENT_CRAWLED_AT_RISK","YES"
"https://thesamachardaily.in/articles/tech/us-to-get-new-nasa-led-space-academy-trump-signs-order-what-is-it-all-about-explained/","article",200,"index,follow","YES","https://thesamachardaily.in/articles/tech/us-to-get-new-nasa-led-space-academy-trump-signs-order-what-is-it-all-about-explained/","SELF_CANONICAL","YES",0,"THIN_CONTENT_CRAWLED_AT_RISK","YES"
"https://thesamachardaily.in/articles/tech/use-ai-as-research-aid-not-substitute-for-critical-thinking-scholar-tells-phd-supervi/","article",200,"index,follow","YES","https://thesamachardaily.in/articles/tech/use-ai-as-research-aid-not-substitute-for-critical-thinking-scholar-tells-phd-supervi/","SELF_CANONICAL","YES",0,"THIN_CONTENT_CRAWLED_AT_RISK","YES"
"https://thesamachardaily.in/articles/tech/vc-funding-deals-apollo-atomics-fcvc-maxq-medical-atlantic-blue-ventures-pixelgen-tec/","article",200,"index,follow","YES","https://thesamachardaily.in/articles/tech/vc-funding-deals-apollo-atomics-fcvc-maxq-medical-atlantic-blue-ventures-pixelgen-tec/","SELF_CANONICAL","NO",0,"THIN_CONTENT_CRAWLED_AT_RISK","YES"
"https://thesamachardaily.in/articles/tech/vcs-brace-for-early-stage-ai-shakeout-as-valuations-face-scrutiny/","article",200,"index,follow","YES","https://thesamachardaily.in/articles/tech/vcs-brace-for-early-stage-ai-shakeout-as-valuations-face-scrutiny/","SELF_CANONICAL","YES",0,"THIN_CONTENT_CRAWLED_AT_RISK","YES"
"https://thesamachardaily.in/articles/tech/what-we-tell-ai-paint-sticks-the-perfect-catch-up/","article",200,"index,follow","YES","https://thesamachardaily.in/articles/tech/what-we-tell-ai-paint-sticks-the-perfect-catch-up/","SELF_CANONICAL","YES",0,"THIN_CONTENT_CRAWLED_AT_RISK","YES"
"https://thesamachardaily.in/articles/tech/whatsapp-testing-in-app-chat-with-thirdparty-ai-agents-report-says/","article",200,"index,follow","YES","https://thesamachardaily.in/articles/tech/whatsapp-testing-in-app-chat-with-thirdparty-ai-agents-report-says/","SELF_CANONICAL","YES",0,"THIN_CONTENT_CRAWLED_AT_RISK","YES"
"https://thesamachardaily.in/articles/tech/white-house-backs-nyt-in-openai-copyright-suit-first-ai-intervention/","article",200,"index,follow","YES","https://thesamachardaily.in/articles/tech/white-house-backs-nyt-in-openai-copyright-suit-first-ai-intervention/","SELF_CANONICAL","YES",0,"THIN_CONTENT_CRAWLED_AT_RISK","YES"
"https://thesamachardaily.in/articles/tech/white-house-responds-to-viral-ai-image-of-trump-and-aide-natalie-harp/","article",200,"index,follow","YES","https://thesamachardaily.in/articles/tech/white-house-responds-to-viral-ai-image-of-trump-and-aide-natalie-harp/","SELF_CANONICAL","YES",0,"THIN_CONTENT_CRAWLED_AT_RISK","YES"
"https://thesamachardaily.in/articles/tech/world-pharma-today-highlights-challenges-in-aidriven-molecule-design/","article",200,"index,follow","YES","https://thesamachardaily.in/articles/tech/world-pharma-today-highlights-challenges-in-aidriven-molecule-design/","SELF_CANONICAL","YES",0,"THIN_CONTENT_CRAWLED_AT_RISK","YES"
"https://thesamachardaily.in/articles/world/200-year-old-gurdwara-demolished-in-pakistan-shopping-mall-to-come-up-on-site-sg/","article",200,"index,follow","YES","https://thesamachardaily.in/articles/world/200-year-old-gurdwara-demolished-in-pakistan-shopping-mall-to-come-up-on-site-sg/","SELF_CANONICAL","YES",0,"THIN_CONTENT_CRAWLED_AT_RISK","YES"
"https://thesamachardaily.in/articles/world/911-not-a-terrorist-attack-canadian-broadcaster-under-fire-over-secret-memo-to-e/","article",200,"index,follow","YES","https://thesamachardaily.in/articles/world/911-not-a-terrorist-attack-canadian-broadcaster-under-fire-over-secret-memo-to-e/","SELF_CANONICAL","YES",0,"THIN_CONTENT_CRAWLED_AT_RISK","YES"
"https://thesamachardaily.in/articles/world/activate-expands-into-australia-with-first-melbourne-venue-in-early-2027/","article",200,"index,follow","YES","https://thesamachardaily.in/articles/world/activate-expands-into-australia-with-first-melbourne-venue-in-early-2027/","SELF_CANONICAL","YES",0,"THIN_CONTENT_CRAWLED_AT_RISK","YES"
"https://thesamachardaily.in/articles/world/american-rheinmetall-delivers-first-prototype-to-replace-bradley-fighting-vehicle/","article",200,"index,follow","YES","https://thesamachardaily.in/articles/world/american-rheinmetall-delivers-first-prototype-to-replace-bradley-fighting-vehicle/","SELF_CANONICAL","YES",0,"THIN_CONTENT_CRAWLED_AT_RISK","YES"
"https://thesamachardaily.in/articles/world/analysts-warn-supreme-court-ruling-on-boulder-climate-suit-could-reshape-litigation/","article",200,"index,follow","YES","https://thesamachardaily.in/articles/world/analysts-warn-supreme-court-ruling-on-boulder-climate-suit-could-reshape-litigation/","SELF_CANONICAL","YES",0,"THIN_CONTENT_CRAWLED_AT_RISK","YES"
"https://thesamachardaily.in/articles/world/andhra-pradesh-tragedy-woman-rescued-3-missing-after-family-jumps-into-godavari/","article",200,"index,follow","YES","https://thesamachardaily.in/articles/world/andhra-pradesh-tragedy-woman-rescued-3-missing-after-family-jumps-into-godavari/","SELF_CANONICAL","YES",0,"THIN_CONTENT_CRAWLED_AT_RISK","YES"
"https://thesamachardaily.in/articles/world/asia-pacific-media-forum-opens-in-shenzhen-to-foster-cross-border-understanding/","article",200,"index,follow","YES","https://thesamachardaily.in/articles/world/asia-pacific-media-forum-opens-in-shenzhen-to-foster-cross-border-understanding/","SELF_CANONICAL","YES",0,"THIN_CONTENT_CRAWLED_AT_RISK","YES"
"https://thesamachardaily.in/articles/world/astation-debuts-cosmos-mixed-reality-adventure-at-ripleys-aquarium-of-the-smokies/","article",200,"index,follow","YES","https://thesamachardaily.in/articles/world/astation-debuts-cosmos-mixed-reality-adventure-at-ripleys-aquarium-of-the-smokies/","SELF_CANONICAL","NO",0,"THIN_CONTENT_CRAWLED_AT_RISK","YES"
"https://thesamachardaily.in/articles/world/australia-awaits-crucial-gdp-data-as-albanese-heads-to-palau-for-pacific-summit/","article",200,"index,follow","YES","https://thesamachardaily.in/articles/world/australia-awaits-crucial-gdp-data-as-albanese-heads-to-palau-for-pacific-summit/","SELF_CANONICAL","NO",0,"THIN_CONTENT_CRAWLED_AT_RISK","YES"
"https://thesamachardaily.in/articles/world/australian-regulator-warns-after-oesophagus-tear-from-counterfeit-weightloss-peptide/","article",200,"index,follow","YES","https://thesamachardaily.in/articles/world/australian-regulator-warns-after-oesophagus-tear-from-counterfeit-weightloss-peptide/","SELF_CANONICAL","NO",0,"THIN_CONTENT_CRAWLED_AT_RISK","YES"
"https://thesamachardaily.in/articles/world/bad-bunny-wins-first-primetime-emmy-for-super-bowl-lx-halftime-show-performance/","article",200,"index,follow","YES","https://thesamachardaily.in/articles/world/bad-bunny-wins-first-primetime-emmy-for-super-bowl-lx-halftime-show-performance/","SELF_CANONICAL","YES",0,"THIN_CONTENT_CRAWLED_AT_RISK","YES"
"https://thesamachardaily.in/articles/world/bangladesh-measles-surge-kills-three-children-death-toll-tops-1000/","article",200,"index,follow","YES","https://thesamachardaily.in/articles/world/bangladesh-measles-surge-kills-three-children-death-toll-tops-1000/","SELF_CANONICAL","NO",0,"THIN_CONTENT_CRAWLED_AT_RISK","YES"
"https://thesamachardaily.in/articles/world/bbc-breakfast-host-shares-touching-update-on-dolly-parton-minutes-into-show/","article",200,"noindex,follow","NO","https://thesamachardaily.in/articles/world/bbc-breakfast-host-shares-touching-update-on-dolly-parton-minutes-into-show/","SELF_CANONICAL","YES",0,"EXCLUDED_BY_NOINDEX_LOCAL","NO"
"https://thesamachardaily.in/articles/world/before-the-spotlight-15-major-stars-who-cut-their-teeth-on-bbcs-casualty/","article",200,"index,follow","YES","https://thesamachardaily.in/articles/world/before-the-spotlight-15-major-stars-who-cut-their-teeth-on-bbcs-casualty/","SELF_CANONICAL","YES",0,"THIN_CONTENT_CRAWLED_AT_RISK","YES"
"https://thesamachardaily.in/articles/world/boe-survey-shows-cooling-inflation-expectations-as-business-price-outlook-drops-to-38/","article",200,"index,follow","YES","https://thesamachardaily.in/articles/world/boe-survey-shows-cooling-inflation-expectations-as-business-price-outlook-drops-to-38/","SELF_CANONICAL","YES",0,"THIN_CONTENT_CRAWLED_AT_RISK","YES"
"https://thesamachardaily.in/articles/world/bonnie-blue-faces-nspcc-probe-as-social-workers-condemn-newborn-promo-stunt/","article",200,"index,follow","YES","https://thesamachardaily.in/articles/world/bonnie-blue-faces-nspcc-probe-as-social-workers-condemn-newborn-promo-stunt/","SELF_CANONICAL","NO",0,"THIN_CONTENT_CRAWLED_AT_RISK","YES"
"https://thesamachardaily.in/articles/world/braves-edge-phillies-6-5-in-11-inning-thriller-to-open-crucial-nl-east-series/","article",200,"noindex,follow","NO","https://thesamachardaily.in/articles/world/braves-edge-phillies-6-5-in-11-inning-thriller-to-open-crucial-nl-east-series/","SELF_CANONICAL","YES",0,"EXCLUDED_BY_NOINDEX_LOCAL","NO"
"https://thesamachardaily.in/articles/world/britons-warned-to-stay-alert-as-unseasonal-spider-surge-hits-september/","article",200,"index,follow","YES","https://thesamachardaily.in/articles/world/britons-warned-to-stay-alert-as-unseasonal-spider-surge-hits-september/","SELF_CANONICAL","YES",0,"THIN_CONTENT_CRAWLED_AT_RISK","YES"
"https://thesamachardaily.in/articles/world/buckingham-palace-marks-911-25th-anniversary-with-special-guard-ceremony/","article",200,"index,follow","YES","https://thesamachardaily.in/articles/world/buckingham-palace-marks-911-25th-anniversary-with-special-guard-ceremony/","SELF_CANONICAL","YES",0,"THIN_CONTENT_CRAWLED_AT_RISK","YES"
"https://thesamachardaily.in/articles/world/china-removes-ex-top-general-zhang-youxia-from-central-military-commission-after/","article",200,"index,follow","YES","https://thesamachardaily.in/articles/world/china-removes-ex-top-general-zhang-youxia-from-central-military-commission-after/","SELF_CANONICAL","YES",0,"THIN_CONTENT_CRAWLED_AT_RISK","YES"
"https://thesamachardaily.in/articles/world/china-reopens-sole-gyirong-road-to-nepal-as-search-operations-intensify/","article",200,"index,follow","YES","https://thesamachardaily.in/articles/world/china-reopens-sole-gyirong-road-to-nepal-as-search-operations-intensify/","SELF_CANONICAL","YES",0,"THIN_CONTENT_CRAWLED_AT_RISK","YES"
"https://thesamachardaily.in/articles/world/chinas-passenger-car-exports-top-2023-total-within-first-eight-months-as-ev-shipments/","article",200,"index,follow","YES","https://thesamachardaily.in/articles/world/chinas-passenger-car-exports-top-2023-total-within-first-eight-months-as-ev-shipments/","SELF_CANONICAL","YES",0,"THIN_CONTENT_CRAWLED_AT_RISK","YES"
"https://thesamachardaily.in/articles/world/conservative-commentator-pete-hegseth-sparks-fresh-outrage-in-canada-after-mocking-ca/","article",200,"index,follow","YES","https://thesamachardaily.in/articles/world/conservative-commentator-pete-hegseth-sparks-fresh-outrage-in-canada-after-mocking-ca/","SELF_CANONICAL","YES",0,"THIN_CONTENT_CRAWLED_AT_RISK","YES"
"https://thesamachardaily.in/articles/world/coronation-streets-ellie-leach-urges-action-after-cancer-scare/","article",200,"noindex,follow","NO","https://thesamachardaily.in/articles/world/coronation-streets-ellie-leach-urges-action-after-cancer-scare/","SELF_CANONICAL","NO",0,"EXCLUDED_BY_NOINDEX_LOCAL","NO"
"https://thesamachardaily.in/articles/world/dark-matter-taps-salvatore-piccola-gil-valera-for-product-strategy-services-leadershi/","article",200,"index,follow","YES","https://thesamachardaily.in/articles/world/dark-matter-taps-salvatore-piccola-gil-valera-for-product-strategy-services-leadershi/","SELF_CANONICAL","YES",0,"THIN_CONTENT_CRAWLED_AT_RISK","YES"
"https://thesamachardaily.in/articles/world/defense-secretary-hegseth-welcomes-paul-brothers-for-pentagon-tour-with-troops/","article",200,"index,follow","YES","https://thesamachardaily.in/articles/world/defense-secretary-hegseth-welcomes-paul-brothers-for-pentagon-tour-with-troops/","SELF_CANONICAL","NO",0,"THIN_CONTENT_CRAWLED_AT_RISK","YES"
"https://thesamachardaily.in/articles/world/divines-calling-new-piano-work-merges-chinese-classical-spirit-with-western-sound/","article",200,"index,follow","YES","https://thesamachardaily.in/articles/world/divines-calling-new-piano-work-merges-chinese-classical-spirit-with-western-sound/","SELF_CANONICAL","YES",0,"THIN_CONTENT_CRAWLED_AT_RISK","YES"
"https://thesamachardaily.in/articles/world/donyell-malen-hits-prolific-scoring-run-at-roma-after-aston-villa-loan-move/","article",200,"index,follow","YES","https://thesamachardaily.in/articles/world/donyell-malen-hits-prolific-scoring-run-at-roma-after-aston-villa-loan-move/","SELF_CANONICAL","YES",0,"THIN_CONTENT_CRAWLED_AT_RISK","YES"
"https://thesamachardaily.in/articles/world/eaters-song-by-young-thug-featuring-travis-scott-future-yeat-tezzus/","article",200,"index,follow","YES","https://thesamachardaily.in/articles/world/eaters-song-by-young-thug-featuring-travis-scott-future-yeat-tezzus/","SELF_CANONICAL","YES",0,"THIN_CONTENT_CRAWLED_AT_RISK","YES"
"https://thesamachardaily.in/articles/world/ecuador-finds-ex-president-moreno-guilty-in-hydro-plant-bribery-case/","article",200,"index,follow","YES","https://thesamachardaily.in/articles/world/ecuador-finds-ex-president-moreno-guilty-in-hydro-plant-bribery-case/","SELF_CANONICAL","YES",0,"THIN_CONTENT_CRAWLED_AT_RISK","YES"
"https://thesamachardaily.in/articles/world/editor-daily-rundown-breaking-overnight-obama-judge-orders-postal-service-to-lea/","article",200,"index,follow","YES","https://thesamachardaily.in/articles/world/editor-daily-rundown-breaking-overnight-obama-judge-orders-postal-service-to-lea/","SELF_CANONICAL","YES",0,"THIN_CONTENT_CRAWLED_AT_RISK","YES"
"https://thesamachardaily.in/articles/world/elon-musk-targets-billie-eilishs-hypocrisy-over-capitalism-luxury-lifestyle-asks-grok/","article",200,"index,follow","YES","https://thesamachardaily.in/articles/world/elon-musk-targets-billie-eilishs-hypocrisy-over-capitalism-luxury-lifestyle-asks-grok/","SELF_CANONICAL","YES",0,"THIN_CONTENT_CRAWLED_AT_RISK","YES"
"https://thesamachardaily.in/articles/world/families-sue-amazon-21-air-and-leasing-firms-over-miami-cargo-jet-crash/","article",200,"index,follow","YES","https://thesamachardaily.in/articles/world/families-sue-amazon-21-air-and-leasing-firms-over-miami-cargo-jet-crash/","SELF_CANONICAL","YES",0,"THIN_CONTENT_CRAWLED_AT_RISK","YES"
"https://thesamachardaily.in/articles/world/fbi-wanted-fraud-accused-held-in-jalandhar-over-alleged-600000-scam/","article",200,"index,follow","YES","https://thesamachardaily.in/articles/world/fbi-wanted-fraud-accused-held-in-jalandhar-over-alleged-600000-scam/","SELF_CANONICAL","NO",0,"THIN_CONTENT_CRAWLED_AT_RISK","YES"
"https://thesamachardaily.in/articles/world/five-cleaning-crew-members-killed-when-amazon-cargo-jet-collides-with-van-at-miami-ai/","article",200,"index,follow","YES","https://thesamachardaily.in/articles/world/five-cleaning-crew-members-killed-when-amazon-cargo-jet-collides-with-van-at-miami-ai/","SELF_CANONICAL","YES",0,"THIN_CONTENT_CRAWLED_AT_RISK","YES"
"https://thesamachardaily.in/articles/world/football-fans-to-pay-respects-to-officers-killed-in-a66-crash/","article",200,"index,follow","YES","https://thesamachardaily.in/articles/world/football-fans-to-pay-respects-to-officers-killed-in-a66-crash/","SELF_CANONICAL","YES",0,"THIN_CONTENT_CRAWLED_AT_RISK","YES"
"https://thesamachardaily.in/articles/world/former-cuban-president-ral-castro-reappears-at-military-event/","article",200,"index,follow","YES","https://thesamachardaily.in/articles/world/former-cuban-president-ral-castro-reappears-at-military-event/","SELF_CANONICAL","YES",0,"THIN_CONTENT_CRAWLED_AT_RISK","YES"
"https://thesamachardaily.in/articles/world/former-espn-reporter-britt-mchenry-appointed-as-state-department-communications-advis/","article",200,"index,follow","YES","https://thesamachardaily.in/articles/world/former-espn-reporter-britt-mchenry-appointed-as-state-department-communications-advis/","SELF_CANONICAL","NO",0,"THIN_CONTENT_CRAWLED_AT_RISK","YES"
"https://thesamachardaily.in/articles/world/fox-friends-weekend-urges-trump-to-comment-on-michigans-controversial-win/","article",200,"index,follow","YES","https://thesamachardaily.in/articles/world/fox-friends-weekend-urges-trump-to-comment-on-michigans-controversial-win/","SELF_CANONICAL","YES",0,"THIN_CONTENT_CRAWLED_AT_RISK","YES"
"https://thesamachardaily.in/articles/world/fox-news-audience-rebukes-trump-after-he-calls-strait-of-hormuz-rename-ridiculous/","article",200,"index,follow","YES","https://thesamachardaily.in/articles/world/fox-news-audience-rebukes-trump-after-he-calls-strait-of-hormuz-rename-ridiculous/","SELF_CANONICAL","YES",0,"THIN_CONTENT_CRAWLED_AT_RISK","YES"
"https://thesamachardaily.in/articles/world/foxs-campos-duffy-questions-trumps-motivations-in-on-air-critique-of-inner-circle/","article",200,"index,follow","YES","https://thesamachardaily.in/articles/world/foxs-campos-duffy-questions-trumps-motivations-in-on-air-critique-of-inner-circle/","SELF_CANONICAL","YES",0,"THIN_CONTENT_CRAWLED_AT_RISK","YES"
"https://thesamachardaily.in/articles/world/from-xis-400-officials-to-putin-full-list-of-world-leaders-attending-brics-summi/","article",200,"index,follow","YES","https://thesamachardaily.in/articles/world/from-xis-400-officials-to-putin-full-list-of-world-leaders-attending-brics-summi/","SELF_CANONICAL","YES",0,"THIN_CONTENT_CRAWLED_AT_RISK","YES"
"https://thesamachardaily.in/articles/world/fuel-tanker-explosion-kills-at-least-10-on-western-iran-highway/","article",200,"index,follow","YES","https://thesamachardaily.in/articles/world/fuel-tanker-explosion-kills-at-least-10-on-western-iran-highway/","SELF_CANONICAL","YES",0,"THIN_CONTENT_CRAWLED_AT_RISK","YES"
"https://thesamachardaily.in/articles/world/fxs-far-cry-tv-series-announces-star-studded-first-season-cast-including-caplan-busce/","article",200,"index,follow","YES","https://thesamachardaily.in/articles/world/fxs-far-cry-tv-series-announces-star-studded-first-season-cast-including-caplan-busce/","SELF_CANONICAL","YES",0,"THIN_CONTENT_CRAWLED_AT_RISK","YES"
"https://thesamachardaily.in/articles/world/gang-leader-threatens-to-execute-more-than-50-hostages-days-after-47-killed-in-h/","article",200,"index,follow","YES","https://thesamachardaily.in/articles/world/gang-leader-threatens-to-execute-more-than-50-hostages-days-after-47-killed-in-h/","SELF_CANONICAL","YES",0,"THIN_CONTENT_CRAWLED_AT_RISK","YES"
"https://thesamachardaily.in/articles/world/gb-news-suspends-regular-schedule-for-trump-interview-viewers-decry-his-remarks/","article",200,"index,follow","YES","https://thesamachardaily.in/articles/world/gb-news-suspends-regular-schedule-for-trump-interview-viewers-decry-his-remarks/","SELF_CANONICAL","YES",0,"THIN_CONTENT_CRAWLED_AT_RISK","YES"
"https://thesamachardaily.in/articles/world/global-roundup-isro-prepares-eos-05-launch-as-south-korea-unveils-hormuz-strategy/","article",200,"index,follow","YES","https://thesamachardaily.in/articles/world/global-roundup-isro-prepares-eos-05-launch-as-south-korea-unveils-hormuz-strategy/","SELF_CANONICAL","NO",0,"THIN_CONTENT_CRAWLED_AT_RISK","YES"
"https://thesamachardaily.in/articles/world/goas-hidden-gems-inland-heritage-sites-from-fontainhas-to-dudhsagar-falls/","article",200,"index,follow","YES","https://thesamachardaily.in/articles/world/goas-hidden-gems-inland-heritage-sites-from-fontainhas-to-dudhsagar-falls/","SELF_CANONICAL","YES",0,"THIN_CONTENT_CRAWLED_AT_RISK","YES"
"https://thesamachardaily.in/articles/world/hawkins-overton-power-virginia-tech-to-73-3-win-in-franklin-debut/","article",200,"index,follow","YES","https://thesamachardaily.in/articles/world/hawkins-overton-power-virginia-tech-to-73-3-win-in-franklin-debut/","SELF_CANONICAL","YES",0,"THIN_CONTENT_CRAWLED_AT_RISK","YES"
"https://thesamachardaily.in/articles/world/henderson-hits-2-homers-orioles-score-7-unanswered-runs-to-rally-past-athletics-8-5/","article",200,"index,follow","YES","https://thesamachardaily.in/articles/world/henderson-hits-2-homers-orioles-score-7-unanswered-runs-to-rally-past-athletics-8-5/","SELF_CANONICAL","YES",0,"THIN_CONTENT_CRAWLED_AT_RISK","YES"
"https://thesamachardaily.in/articles/world/historic-schooners-sunk-near-brooklyn-canal-owner-uncertain-about-future-plans/","article",200,"index,follow","YES","https://thesamachardaily.in/articles/world/historic-schooners-sunk-near-brooklyn-canal-owner-uncertain-about-future-plans/","SELF_CANONICAL","NO",0,"THIN_CONTENT_CRAWLED_AT_RISK","YES"
"https://thesamachardaily.in/articles/world/house-clears-russia-sanctions-bill-overcoming-democratic-opposition/","article",200,"index,follow","YES","https://thesamachardaily.in/articles/world/house-clears-russia-sanctions-bill-overcoming-democratic-opposition/","SELF_CANONICAL","YES",0,"THIN_CONTENT_CRAWLED_AT_RISK","YES"
"https://thesamachardaily.in/articles/world/huawei-charged-in-us-criminal-court-ahead-of-trumpxi-summit/","article",200,"index,follow","YES","https://thesamachardaily.in/articles/world/huawei-charged-in-us-criminal-court-ahead-of-trumpxi-summit/","SELF_CANONICAL","YES",0,"THIN_CONTENT_CRAWLED_AT_RISK","YES"
"https://thesamachardaily.in/articles/world/hundreds-deported-to-haiti-face-poverty-and-insecurity-advocates-say/","article",200,"index,follow","YES","https://thesamachardaily.in/articles/world/hundreds-deported-to-haiti-face-poverty-and-insecurity-advocates-say/","SELF_CANONICAL","YES",0,"THIN_CONTENT_CRAWLED_AT_RISK","YES"
"https://thesamachardaily.in/articles/world/hungarys-pm-pledges-to-repeal-2020-ban-on-gay-and-lesbian-adoption/","article",200,"index,follow","YES","https://thesamachardaily.in/articles/world/hungarys-pm-pledges-to-repeal-2020-ban-on-gay-and-lesbian-adoption/","SELF_CANONICAL","YES",0,"THIN_CONTENT_CRAWLED_AT_RISK","YES"
"https://thesamachardaily.in/articles/world/iaea-refers-iran-to-security-council-as-oman-prepares-strait-of-hormuz-talks/","article",200,"index,follow","YES","https://thesamachardaily.in/articles/world/iaea-refers-iran-to-security-council-as-oman-prepares-strait-of-hormuz-talks/","SELF_CANONICAL","NO",0,"THIN_CONTENT_CRAWLED_AT_RISK","YES"
"https://thesamachardaily.in/articles/world/iran-announces-plans-for-new-exclusion-zone-near-strait-of-hormuz/","article",200,"index,follow","YES","https://thesamachardaily.in/articles/world/iran-announces-plans-for-new-exclusion-zone-near-strait-of-hormuz/","SELF_CANONICAL","YES",0,"THIN_CONTENT_CRAWLED_AT_RISK","YES"
"https://thesamachardaily.in/articles/world/iran-urges-us-to-honor-pakistanibrokered-june-framework-deal-says-interior-ministry/","article",200,"index,follow","YES","https://thesamachardaily.in/articles/world/iran-urges-us-to-honor-pakistanibrokered-june-framework-deal-says-interior-ministry/","SELF_CANONICAL","NO",0,"THIN_CONTENT_CRAWLED_AT_RISK","YES"
"https://thesamachardaily.in/articles/world/iran-vows-faster-harsher-retaliation-if-us-strikes-more-oil-tankers/","article",200,"index,follow","YES","https://thesamachardaily.in/articles/world/iran-vows-faster-harsher-retaliation-if-us-strikes-more-oil-tankers/","SELF_CANONICAL","YES",0,"THIN_CONTENT_CRAWLED_AT_RISK","YES"
"https://thesamachardaily.in/articles/world/iran-vp-says-he-would-have-stopped-enrichment-if-he-knew-us-would-kill-supreme-l/","article",200,"index,follow","YES","https://thesamachardaily.in/articles/world/iran-vp-says-he-would-have-stopped-enrichment-if-he-knew-us-would-kill-supreme-l/","SELF_CANONICAL","YES",0,"THIN_CONTENT_CRAWLED_AT_RISK","YES"
"https://thesamachardaily.in/articles/world/iraq-scrambles-to-contain-fallout-after-iranbacked-militias-hit-saudi-pipeline/","article",200,"index,follow","YES","https://thesamachardaily.in/articles/world/iraq-scrambles-to-contain-fallout-after-iranbacked-militias-hit-saudi-pipeline/","SELF_CANONICAL","YES",0,"THIN_CONTENT_CRAWLED_AT_RISK","YES"
"https://thesamachardaily.in/articles/world/israel-launches-airstrike-in-southern-lebanon-after-hezbollah-drone-attempt/","article",200,"index,follow","YES","https://thesamachardaily.in/articles/world/israel-launches-airstrike-in-southern-lebanon-after-hezbollah-drone-attempt/","SELF_CANONICAL","YES",0,"THIN_CONTENT_CRAWLED_AT_RISK","YES"
"https://thesamachardaily.in/articles/world/israel-places-banat-yaqub-shrine-under-its-authority-palestine-urges-urgent-action/","article",200,"index,follow","YES","https://thesamachardaily.in/articles/world/israel-places-banat-yaqub-shrine-under-its-authority-palestine-urges-urgent-action/","SELF_CANONICAL","NO",0,"THIN_CONTENT_CRAWLED_AT_RISK","YES"
"https://thesamachardaily.in/articles/world/israeli-army-chief-declares-hamas-defeated-says-conflict-essentially-over/","article",200,"index,follow","YES","https://thesamachardaily.in/articles/world/israeli-army-chief-declares-hamas-defeated-says-conflict-essentially-over/","SELF_CANONICAL","YES",0,"THIN_CONTENT_CRAWLED_AT_RISK","YES"
"https://thesamachardaily.in/articles/world/israeli-pm-threatens-citizenship-loss-for-those-who-defame-army-after-naza-documentar/","article",200,"index,follow","YES","https://thesamachardaily.in/articles/world/israeli-pm-threatens-citizenship-loss-for-those-who-defame-army-after-naza-documentar/","SELF_CANONICAL","NO",0,"THIN_CONTENT_CRAWLED_AT_RISK","YES"
"https://thesamachardaily.in/articles/world/italian-opposition-condemns-government-for-refusing-sanctions-on-west-bank-settlement/","article",200,"index,follow","YES","https://thesamachardaily.in/articles/world/italian-opposition-condemns-government-for-refusing-sanctions-on-west-bank-settlement/","SELF_CANONICAL","YES",0,"THIN_CONTENT_CRAWLED_AT_RISK","YES"
"https://thesamachardaily.in/articles/world/itv-presenter-discloses-cancer-diagnosis-cancels-upcoming-gigs-for-surgery/","article",200,"index,follow","YES","https://thesamachardaily.in/articles/world/itv-presenter-discloses-cancer-diagnosis-cancels-upcoming-gigs-for-surgery/","SELF_CANONICAL","YES",0,"THIN_CONTENT_CRAWLED_AT_RISK","YES"
"https://thesamachardaily.in/articles/world/jaylen-raynor-scores-4-touchdowns-as-iowa-state-beats-southeast-missouri-state-38-10/","article",200,"index,follow","YES","https://thesamachardaily.in/articles/world/jaylen-raynor-scores-4-touchdowns-as-iowa-state-beats-southeast-missouri-state-38-10/","SELF_CANONICAL","YES",0,"THIN_CONTENT_CRAWLED_AT_RISK","YES"
"https://thesamachardaily.in/articles/world/john-malkovich-cancels-tel-aviv-show-after-fabricated-quote-sparks-controversy/","article",200,"index,follow","YES","https://thesamachardaily.in/articles/world/john-malkovich-cancels-tel-aviv-show-after-fabricated-quote-sparks-controversy/","SELF_CANONICAL","NO",0,"THIN_CONTENT_CRAWLED_AT_RISK","YES"
"https://thesamachardaily.in/articles/world/juan-soto-returns-to-help-the-mets-beat-the-astros-6-2/","article",200,"index,follow","YES","https://thesamachardaily.in/articles/world/juan-soto-returns-to-help-the-mets-beat-the-astros-6-2/","SELF_CANONICAL","YES",0,"THIN_CONTENT_CRAWLED_AT_RISK","YES"
"https://thesamachardaily.in/articles/world/julia-roberts-will-never-forget-dolly-partons-response-to-her-complaining-on-steel-ma/","article",200,"index,follow","YES","https://thesamachardaily.in/articles/world/julia-roberts-will-never-forget-dolly-partons-response-to-her-complaining-on-steel-ma/","SELF_CANONICAL","YES",0,"THIN_CONTENT_CRAWLED_AT_RISK","YES"
"https://thesamachardaily.in/articles/world/kansas-senate-race-megachurch-pastor-adam-hamilton-seeks-historic-democratic-win/","article",200,"index,follow","YES","https://thesamachardaily.in/articles/world/kansas-senate-race-megachurch-pastor-adam-hamilton-seeks-historic-democratic-win/","SELF_CANONICAL","YES",0,"THIN_CONTENT_CRAWLED_AT_RISK","YES"
"https://thesamachardaily.in/articles/world/kddi-gets-robot-job-with-osaka-metro/","article",200,"index,follow","YES","https://thesamachardaily.in/articles/world/kddi-gets-robot-job-with-osaka-metro/","SELF_CANONICAL","NO",0,"THIN_CONTENT_CRAWLED_AT_RISK","YES"
"https://thesamachardaily.in/articles/world/keith-olbermann-announces-return-of-podcast-after-surgery-to-address-atrial-fibrillat/","article",200,"index,follow","YES","https://thesamachardaily.in/articles/world/keith-olbermann-announces-return-of-podcast-after-surgery-to-address-atrial-fibrillat/","SELF_CANONICAL","NO",0,"THIN_CONTENT_CRAWLED_AT_RISK","YES"
"https://thesamachardaily.in/articles/world/kennedy-center-begins-removal-of-outdoor-blue-sculpture-amid-trump-takeover-battle/","article",200,"index,follow","YES","https://thesamachardaily.in/articles/world/kennedy-center-begins-removal-of-outdoor-blue-sculpture-amid-trump-takeover-battle/","SELF_CANONICAL","YES",0,"THIN_CONTENT_CRAWLED_AT_RISK","YES"
"https://thesamachardaily.in/articles/world/ketel-marte-returns-to-diamondbacks-lineup-after-twoweek-absence/","article",200,"index,follow","YES","https://thesamachardaily.in/articles/world/ketel-marte-returns-to-diamondbacks-lineup-after-twoweek-absence/","SELF_CANONICAL","YES",0,"THIN_CONTENT_CRAWLED_AT_RISK","YES"
"https://thesamachardaily.in/articles/world/kyrgyzstan-hosts-world-nomad-games-showcasing-ancient-nomadic-sports-in-kyrchyn-gorge/","article",200,"index,follow","YES","https://thesamachardaily.in/articles/world/kyrgyzstan-hosts-world-nomad-games-showcasing-ancient-nomadic-sports-in-kyrchyn-gorge/","SELF_CANONICAL","YES",0,"THIN_CONTENT_CRAWLED_AT_RISK","YES"
"https://thesamachardaily.in/articles/world/labor-day-2026-school-holiday-status-check-whether-classrooms-stay-open-across-states/","article",200,"index,follow","YES","https://thesamachardaily.in/articles/world/labor-day-2026-school-holiday-status-check-whether-classrooms-stay-open-across-states/","SELF_CANONICAL","YES",0,"THIN_CONTENT_CRAWLED_AT_RISK","YES"
"https://thesamachardaily.in/articles/world/leopardclad-acrobats-turn-nairobi-rushhour-gridlock-into-impromptu-street-show/","article",200,"index,follow","YES","https://thesamachardaily.in/articles/world/leopardclad-acrobats-turn-nairobi-rushhour-gridlock-into-impromptu-street-show/","SELF_CANONICAL","NO",0,"THIN_CONTENT_CRAWLED_AT_RISK","YES"
"https://thesamachardaily.in/articles/world/lisbon-streetcar-crash-memorial-unveiled-service-not-yet-restored/","article",200,"index,follow","YES","https://thesamachardaily.in/articles/world/lisbon-streetcar-crash-memorial-unveiled-service-not-yet-restored/","SELF_CANONICAL","YES",0,"THIN_CONTENT_CRAWLED_AT_RISK","YES"
"https://thesamachardaily.in/articles/world/lot-polish-airlines-southwest-launch-new-us-europe-interline-agreement/","article",200,"index,follow","YES","https://thesamachardaily.in/articles/world/lot-polish-airlines-southwest-launch-new-us-europe-interline-agreement/","SELF_CANONICAL","YES",0,"THIN_CONTENT_CRAWLED_AT_RISK","YES"
"https://thesamachardaily.in/articles/world/manga-legend-masami-kurumada-sues-former-manager-over-46-billion-embezzlement/","article",200,"index,follow","YES","https://thesamachardaily.in/articles/world/manga-legend-masami-kurumada-sues-former-manager-over-46-billion-embezzlement/","SELF_CANONICAL","YES",0,"THIN_CONTENT_CRAWLED_AT_RISK","YES"
"https://thesamachardaily.in/articles/world/marco-bechis-returns-after-decade-with-back-to-buenos-aires-review-finds-mixed-effect/","article",200,"index,follow","YES","https://thesamachardaily.in/articles/world/marco-bechis-returns-after-decade-with-back-to-buenos-aires-review-finds-mixed-effect/","SELF_CANONICAL","NO",0,"THIN_CONTENT_CRAWLED_AT_RISK","YES"
"https://thesamachardaily.in/articles/world/meghan-markle-posts-first-uk-family-video-showing-harry-kids-fishing-and-mud-play/","article",200,"index,follow","YES","https://thesamachardaily.in/articles/world/meghan-markle-posts-first-uk-family-video-showing-harry-kids-fishing-and-mud-play/","SELF_CANONICAL","YES",0,"THIN_CONTENT_CRAWLED_AT_RISK","YES"
"https://thesamachardaily.in/articles/world/met-museum-cancels-met-gala-exhibition-on-controversial-designer-john-galliano/","article",200,"index,follow","YES","https://thesamachardaily.in/articles/world/met-museum-cancels-met-gala-exhibition-on-controversial-designer-john-galliano/","SELF_CANONICAL","YES",0,"THIN_CONTENT_CRAWLED_AT_RISK","YES"
"https://thesamachardaily.in/articles/world/mississippi-police-detain-suspect-in-hanging-death-of-black-woman-tasia-fortune/","article",200,"noindex,follow","NO","https://thesamachardaily.in/articles/world/mississippi-police-detain-suspect-in-hanging-death-of-black-woman-tasia-fortune/","SELF_CANONICAL","NO",0,"EXCLUDED_BY_NOINDEX_LOCAL","NO"
"https://thesamachardaily.in/articles/world/motilal-oswal-alternates-backs-karam-safety-with-rs-600-crore-to-drive-acquisitions-a/","article",200,"index,follow","YES","https://thesamachardaily.in/articles/world/motilal-oswal-alternates-backs-karam-safety-with-rs-600-crore-to-drive-acquisitions-a/","SELF_CANONICAL","NO",0,"THIN_CONTENT_CRAWLED_AT_RISK","YES"
"https://thesamachardaily.in/articles/world/music-is-perhaps-the-purest-way-to-express-my-love-and-respect-for-zubeen-babul-supri/","article",200,"index,follow","YES","https://thesamachardaily.in/articles/world/music-is-perhaps-the-purest-way-to-express-my-love-and-respect-for-zubeen-babul-supri/","SELF_CANONICAL","YES",0,"THIN_CONTENT_CRAWLED_AT_RISK","YES"
"https://thesamachardaily.in/articles/world/neeraj-chopra-qualifies-for-diamond-league-final-2026-set-to-face-sri-lankas-rum/","article",200,"index,follow","YES","https://thesamachardaily.in/articles/world/neeraj-chopra-qualifies-for-diamond-league-final-2026-set-to-face-sri-lankas-rum/","SELF_CANONICAL","YES",0,"THIN_CONTENT_CRAWLED_AT_RISK","YES"
"https://thesamachardaily.in/articles/world/neil-patrick-harris-marks-12-year-wedding-anniversary-with-david-burtka/","article",200,"index,follow","YES","https://thesamachardaily.in/articles/world/neil-patrick-harris-marks-12-year-wedding-anniversary-with-david-burtka/","SELF_CANONICAL","YES",0,"THIN_CONTENT_CRAWLED_AT_RISK","YES"
"https://thesamachardaily.in/articles/world/nepal-flash-floods-1924-people-still-missing-india-steps-up-humanitarian-assistance-t/","article",200,"index,follow","YES","https://thesamachardaily.in/articles/world/nepal-flash-floods-1924-people-still-missing-india-steps-up-humanitarian-assistance-t/","SELF_CANONICAL","NO",0,"THIN_CONTENT_CRAWLED_AT_RISK","YES"
"https://thesamachardaily.in/articles/world/nepal-flash-floods-320-indian-nationals-still-missing-21-rescued-tamil-nadu-tour/","article",200,"index,follow","YES","https://thesamachardaily.in/articles/world/nepal-flash-floods-320-indian-nationals-still-missing-21-rescued-tamil-nadu-tour/","SELF_CANONICAL","YES",0,"THIN_CONTENT_CRAWLED_AT_RISK","YES"
"https://thesamachardaily.in/articles/world/nepal-flash-floods-death-toll-climbs-to-1252-as-more-bodies-recovered-in-chitwan/","article",200,"index,follow","YES","https://thesamachardaily.in/articles/world/nepal-flash-floods-death-toll-climbs-to-1252-as-more-bodies-recovered-in-chitwan/","SELF_CANONICAL","YES",0,"THIN_CONTENT_CRAWLED_AT_RISK","YES"
"https://thesamachardaily.in/articles/world/nepal-rescue-teams-wade-through-debris-swamps-in-rasuwa-10-15-bodies-found-in-single/","article",200,"index,follow","YES","https://thesamachardaily.in/articles/world/nepal-rescue-teams-wade-through-debris-swamps-in-rasuwa-10-15-bodies-found-in-single/","SELF_CANONICAL","YES",0,"THIN_CONTENT_CRAWLED_AT_RISK","YES"
"https://thesamachardaily.in/articles/world/nepal-tunnel-rescue-operations-stalled-as-drones-find-no-hollow-space/","article",200,"index,follow","YES","https://thesamachardaily.in/articles/world/nepal-tunnel-rescue-operations-stalled-as-drones-find-no-hollow-space/","SELF_CANONICAL","YES",0,"THIN_CONTENT_CRAWLED_AT_RISK","YES"
"https://thesamachardaily.in/articles/world/nepali-flood-survivors-face-profound-loss-pressing-needs-and-murky-futures/","article",200,"index,follow","YES","https://thesamachardaily.in/articles/world/nepali-flood-survivors-face-profound-loss-pressing-needs-and-murky-futures/","SELF_CANONICAL","YES",0,"THIN_CONTENT_CRAWLED_AT_RISK","YES"
"https://thesamachardaily.in/articles/world/norways-leknessund-solos-to-vuelta-stage-seven-win-pogacar-extends-lead/","article",200,"index,follow","YES","https://thesamachardaily.in/articles/world/norways-leknessund-solos-to-vuelta-stage-seven-win-pogacar-extends-lead/","SELF_CANONICAL","NO",0,"THIN_CONTENT_CRAWLED_AT_RISK","YES"
"https://thesamachardaily.in/articles/world/norways-princess-astrid-94-dies-two-days-after-brother-king-haralds-funeral/","article",200,"noindex,follow","NO","https://thesamachardaily.in/articles/world/norways-princess-astrid-94-dies-two-days-after-brother-king-haralds-funeral/","SELF_CANONICAL","YES",0,"EXCLUDED_BY_NOINDEX_LOCAL","NO"
"https://thesamachardaily.in/articles/world/ntd-names-semifinalists-in-8th-international-piano-competition-after-two-day-prelimin/","article",200,"index,follow","YES","https://thesamachardaily.in/articles/world/ntd-names-semifinalists-in-8th-international-piano-competition-after-two-day-prelimin/","SELF_CANONICAL","YES",0,"THIN_CONTENT_CRAWLED_AT_RISK","YES"
"https://thesamachardaily.in/articles/world/odisha-secures-242-trillion-uae-investment-proposals-618000-jobs-targeted/","article",200,"index,follow","YES","https://thesamachardaily.in/articles/world/odisha-secures-242-trillion-uae-investment-proposals-618000-jobs-targeted/","SELF_CANONICAL","YES",0,"THIN_CONTENT_CRAWLED_AT_RISK","YES"
"https://thesamachardaily.in/articles/world/one-suspect-injured-in-northern-israel-as-idf-responds-to-stone-throwing-incident/","article",200,"index,follow","YES","https://thesamachardaily.in/articles/world/one-suspect-injured-in-northern-israel-as-idf-responds-to-stone-throwing-incident/","SELF_CANONICAL","YES",0,"THIN_CONTENT_CRAWLED_AT_RISK","YES"
"https://thesamachardaily.in/articles/world/oscar-winning-the-last-emperor-uk-producer-jeremy-thomas-passes-away-at-77/","article",200,"index,follow","YES","https://thesamachardaily.in/articles/world/oscar-winning-the-last-emperor-uk-producer-jeremy-thomas-passes-away-at-77/","SELF_CANONICAL","NO",0,"THIN_CONTENT_CRAWLED_AT_RISK","YES"
"https://thesamachardaily.in/articles/world/pakistan-blast-1-killed-9-injured-in-south-waziristan-explosion/","article",200,"index,follow","YES","https://thesamachardaily.in/articles/world/pakistan-blast-1-killed-9-injured-in-south-waziristan-explosion/","SELF_CANONICAL","YES",0,"THIN_CONTENT_CRAWLED_AT_RISK","YES"
"https://thesamachardaily.in/articles/world/patrick-osborn-maine-meteorologist-goes-viral-after-uncontrollable-laughter-on-a/","article",200,"index,follow","YES","https://thesamachardaily.in/articles/world/patrick-osborn-maine-meteorologist-goes-viral-after-uncontrollable-laughter-on-a/","SELF_CANONICAL","YES",0,"THIN_CONTENT_CRAWLED_AT_RISK","YES"
"https://thesamachardaily.in/articles/world/pm-modi-mourns-norways-king-harald-v-recalls-may-visit/","article",200,"index,follow","YES","https://thesamachardaily.in/articles/world/pm-modi-mourns-norways-king-harald-v-recalls-may-visit/","SELF_CANONICAL","YES",0,"THIN_CONTENT_CRAWLED_AT_RISK","YES"
"https://thesamachardaily.in/articles/world/podcast-by-jasim-al-azzawi-with-max-blumenthal-the-grayzone-david-vs-the-empire/","article",200,"index,follow","YES","https://thesamachardaily.in/articles/world/podcast-by-jasim-al-azzawi-with-max-blumenthal-the-grayzone-david-vs-the-empire/","SELF_CANONICAL","YES",0,"THIN_CONTENT_CRAWLED_AT_RISK","YES"
"https://thesamachardaily.in/articles/world/private-papers-reveal-muhammad-ali-jinnahs-tumultuous-life-beyond-politics/","article",200,"index,follow","YES","https://thesamachardaily.in/articles/world/private-papers-reveal-muhammad-ali-jinnahs-tumultuous-life-beyond-politics/","SELF_CANONICAL","YES",0,"THIN_CONTENT_CRAWLED_AT_RISK","YES"
"https://thesamachardaily.in/articles/world/putin-confirms-expanded-military-operations-in-ukraine-amid-heightened-tensions/","article",200,"index,follow","YES","https://thesamachardaily.in/articles/world/putin-confirms-expanded-military-operations-in-ukraine-amid-heightened-tensions/","SELF_CANONICAL","YES",0,"THIN_CONTENT_CRAWLED_AT_RISK","YES"
"https://thesamachardaily.in/articles/world/queenslands-fasttracked-reportable-conduct-scheme-boosts-child-safeguards/","article",200,"index,follow","YES","https://thesamachardaily.in/articles/world/queenslands-fasttracked-reportable-conduct-scheme-boosts-child-safeguards/","SELF_CANONICAL","YES",0,"THIN_CONTENT_CRAWLED_AT_RISK","YES"
"https://thesamachardaily.in/articles/world/rajnath-singh-to-embark-on-three-day-sri-lanka-visit-from-september-8/","article",200,"index,follow","YES","https://thesamachardaily.in/articles/world/rajnath-singh-to-embark-on-three-day-sri-lanka-visit-from-september-8/","SELF_CANONICAL","YES",0,"THIN_CONTENT_CRAWLED_AT_RISK","YES"
"https://thesamachardaily.in/articles/world/reading-festival-review-fontaines-dc-on-brilliant-form/","article",200,"index,follow","YES","https://thesamachardaily.in/articles/world/reading-festival-review-fontaines-dc-on-brilliant-form/","SELF_CANONICAL","YES",0,"THIN_CONTENT_CRAWLED_AT_RISK","YES"
"https://thesamachardaily.in/articles/world/renee-fleming-opens-piedmont-operas-50th-anniversary-season/","article",200,"index,follow","YES","https://thesamachardaily.in/articles/world/renee-fleming-opens-piedmont-operas-50th-anniversary-season/","SELF_CANONICAL","NO",0,"THIN_CONTENT_CRAWLED_AT_RISK","YES"
"https://thesamachardaily.in/articles/world/sda-awaits-faa-nod-to-test-spacebased-link-16-in-us-overseas-trials-ongoing/","article",200,"index,follow","YES","https://thesamachardaily.in/articles/world/sda-awaits-faa-nod-to-test-spacebased-link-16-in-us-overseas-trials-ongoing/","SELF_CANONICAL","NO",0,"THIN_CONTENT_CRAWLED_AT_RISK","YES"
"https://thesamachardaily.in/articles/world/sec-presidents-meet-via-video-call-but-defer-vote-on-lsu-membership-status/","article",200,"index,follow","YES","https://thesamachardaily.in/articles/world/sec-presidents-meet-via-video-call-but-defer-vote-on-lsu-membership-status/","SELF_CANONICAL","YES",0,"THIN_CONTENT_CRAWLED_AT_RISK","YES"
"https://thesamachardaily.in/articles/world/singapore-police-probe-five-suspects-over-racist-remarks-linking-nepal-floods-to-air/","article",200,"index,follow","YES","https://thesamachardaily.in/articles/world/singapore-police-probe-five-suspects-over-racist-remarks-linking-nepal-floods-to-air/","SELF_CANONICAL","YES",0,"THIN_CONTENT_CRAWLED_AT_RISK","YES"
"https://thesamachardaily.in/articles/world/south-korea-to-open-sejong-presidential-office-by-2029-shifting-350-agencies-from-seo/","article",200,"index,follow","YES","https://thesamachardaily.in/articles/world/south-korea-to-open-sejong-presidential-office-by-2029-shifting-350-agencies-from-seo/","SELF_CANONICAL","YES",0,"THIN_CONTENT_CRAWLED_AT_RISK","YES"
"https://thesamachardaily.in/articles/world/south-park-rebrands-as-south-america-with-naked-trump-in-viral-season-29-intro/","article",200,"index,follow","YES","https://thesamachardaily.in/articles/world/south-park-rebrands-as-south-america-with-naked-trump-in-viral-season-29-intro/","SELF_CANONICAL","YES",0,"THIN_CONTENT_CRAWLED_AT_RISK","YES"
"https://thesamachardaily.in/articles/world/south-park-slams-trumps-geographic-renaming-in-season29-premiere/","article",200,"index,follow","YES","https://thesamachardaily.in/articles/world/south-park-slams-trumps-geographic-renaming-in-season29-premiere/","SELF_CANONICAL","YES",0,"THIN_CONTENT_CRAWLED_AT_RISK","YES"
"https://thesamachardaily.in/articles/world/square-enix-unveils-updated-tifa-look-in-final-fantasy-7-revelation-demo-at-tgs-2026/","article",200,"index,follow","YES","https://thesamachardaily.in/articles/world/square-enix-unveils-updated-tifa-look-in-final-fantasy-7-revelation-demo-at-tgs-2026/","SELF_CANONICAL","YES",0,"THIN_CONTENT_CRAWLED_AT_RISK","YES"
"https://thesamachardaily.in/articles/world/sri-lankan-model-actress-chula-padmendra-found-dead-at-businessmans-home-hours-after/","article",200,"index,follow","YES","https://thesamachardaily.in/articles/world/sri-lankan-model-actress-chula-padmendra-found-dead-at-businessmans-home-hours-after/","SELF_CANONICAL","YES",0,"THIN_CONTENT_CRAWLED_AT_RISK","YES"
"https://thesamachardaily.in/articles/world/st-louis-city-draws-2-2-with-portland-timbers-extends-unbeaten-run-to-15-games/","article",200,"index,follow","YES","https://thesamachardaily.in/articles/world/st-louis-city-draws-2-2-with-portland-timbers-extends-unbeaten-run-to-15-games/","SELF_CANONICAL","YES",0,"THIN_CONTENT_CRAWLED_AT_RISK","YES"
"https://thesamachardaily.in/articles/world/students-for-trump-cofounder-ryan-fournier-charged-in-sevencount-assault-indictment/","article",200,"index,follow","YES","https://thesamachardaily.in/articles/world/students-for-trump-cofounder-ryan-fournier-charged-in-sevencount-assault-indictment/","SELF_CANONICAL","YES",0,"THIN_CONTENT_CRAWLED_AT_RISK","YES"
"https://thesamachardaily.in/articles/world/that-sucker-is-open-trump-says-strait-of-hormuz-open-as-tanker-traffic-resumes/","article",200,"index,follow","YES","https://thesamachardaily.in/articles/world/that-sucker-is-open-trump-says-strait-of-hormuz-open-as-tanker-traffic-resumes/","SELF_CANONICAL","YES",0,"THIN_CONTENT_CRAWLED_AT_RISK","YES"
"https://thesamachardaily.in/articles/world/the-highest-rated-disaster-movie-of-the-21st-century-sweeps-away-streaming-competitio/","article",200,"index,follow","YES","https://thesamachardaily.in/articles/world/the-highest-rated-disaster-movie-of-the-21st-century-sweeps-away-streaming-competitio/","SELF_CANONICAL","YES",0,"THIN_CONTENT_CRAWLED_AT_RISK","YES"
"https://thesamachardaily.in/articles/world/the-rookie-showrunner-alexi-hawley-secures-future-with-major-franchise-deal/","article",200,"index,follow","YES","https://thesamachardaily.in/articles/world/the-rookie-showrunner-alexi-hawley-secures-future-with-major-franchise-deal/","SELF_CANONICAL","YES",0,"THIN_CONTENT_CRAWLED_AT_RISK","YES"
"https://thesamachardaily.in/articles/world/the-shards-actress-discusses-first-season-of-ryan-murphy-teen-thriller-now-streaming/","article",200,"index,follow","YES","https://thesamachardaily.in/articles/world/the-shards-actress-discusses-first-season-of-ryan-murphy-teen-thriller-now-streaming/","SELF_CANONICAL","YES",0,"THIN_CONTENT_CRAWLED_AT_RISK","YES"
"https://thesamachardaily.in/articles/world/the-witcher-4-will-have-a-physical-edition-even-if-discs-go-away-cd-projekt-red-confi/","article",200,"index,follow","YES","https://thesamachardaily.in/articles/world/the-witcher-4-will-have-a-physical-edition-even-if-discs-go-away-cd-projekt-red-confi/","SELF_CANONICAL","YES",0,"THIN_CONTENT_CRAWLED_AT_RISK","YES"
"https://thesamachardaily.in/articles/world/thousands-rally-in-ljubljana-as-slovenia-opens-israel-embassy-sparking-impeachment-bi/","article",200,"index,follow","YES","https://thesamachardaily.in/articles/world/thousands-rally-in-ljubljana-as-slovenia-opens-israel-embassy-sparking-impeachment-bi/","SELF_CANONICAL","YES",0,"THIN_CONTENT_CRAWLED_AT_RISK","YES"
"https://thesamachardaily.in/articles/world/tim-mcgraw-falls-flat-on-his-back-during-cincinnati-concert-after-boot-gets-caught-in/","article",200,"index,follow","YES","https://thesamachardaily.in/articles/world/tim-mcgraw-falls-flat-on-his-back-during-cincinnati-concert-after-boot-gets-caught-in/","SELF_CANONICAL","YES",0,"THIN_CONTENT_CRAWLED_AT_RISK","YES"
"https://thesamachardaily.in/articles/world/times-square-attacker-shot-dead-by-police-after-fatal-stabbing-spree/","article",200,"index,follow","YES","https://thesamachardaily.in/articles/world/times-square-attacker-shot-dead-by-police-after-fatal-stabbing-spree/","SELF_CANONICAL","YES",0,"THIN_CONTENT_CRAWLED_AT_RISK","YES"
"https://thesamachardaily.in/articles/world/treenod-to-debut-new-game-poko-merge-at-tokyo-game-show-2026/","article",200,"index,follow","YES","https://thesamachardaily.in/articles/world/treenod-to-debut-new-game-poko-merge-at-tokyo-game-show-2026/","SELF_CANONICAL","NO",0,"THIN_CONTENT_CRAWLED_AT_RISK","YES"
"https://thesamachardaily.in/articles/world/tribunal-do-equador-declara-culpado-ex-presidente-lenin-moreno-em-caso-de-corrup/","article",200,"index,follow","YES","https://thesamachardaily.in/articles/world/tribunal-do-equador-declara-culpado-ex-presidente-lenin-moreno-em-caso-de-corrup/","SELF_CANONICAL","YES",0,"THIN_CONTENT_CRAWLED_AT_RISK","YES"
"https://thesamachardaily.in/articles/world/trump-appears-agitated-as-marine-one-lands-in-morristown-gestures-sharply-at-crew/","article",200,"index,follow","YES","https://thesamachardaily.in/articles/world/trump-appears-agitated-as-marine-one-lands-in-morristown-gestures-sharply-at-crew/","SELF_CANONICAL","YES",0,"THIN_CONTENT_CRAWLED_AT_RISK","YES"
"https://thesamachardaily.in/articles/world/trump-bars-cnn-msnow-politico-from-white-house-labels-them-fake-news/","article",200,"index,follow","YES","https://thesamachardaily.in/articles/world/trump-bars-cnn-msnow-politico-from-white-house-labels-them-fake-news/","SELF_CANONICAL","YES",0,"THIN_CONTENT_CRAWLED_AT_RISK","YES"
"https://thesamachardaily.in/articles/world/trump-hails-syrias-pitch-as-overland-alternative-to-strait-of-hormuz/","article",200,"index,follow","YES","https://thesamachardaily.in/articles/world/trump-hails-syrias-pitch-as-overland-alternative-to-strait-of-hormuz/","SELF_CANONICAL","YES",0,"THIN_CONTENT_CRAWLED_AT_RISK","YES"
"https://thesamachardaily.in/articles/world/trump-loses-bid-to-move-ny-hush-money-case-to-federal-court/","article",200,"index,follow","YES","https://thesamachardaily.in/articles/world/trump-loses-bid-to-move-ny-hush-money-case-to-federal-court/","SELF_CANONICAL","YES",0,"THIN_CONTENT_CRAWLED_AT_RISK","YES"
"https://thesamachardaily.in/articles/world/trump-mocked-nonvoters-at-gops-first-midterm-convention-in-dallas-sparking-fox-viewer/","article",200,"index,follow","YES","https://thesamachardaily.in/articles/world/trump-mocked-nonvoters-at-gops-first-midterm-convention-in-dallas-sparking-fox-viewer/","SELF_CANONICAL","YES",0,"THIN_CONTENT_CRAWLED_AT_RISK","YES"
"https://thesamachardaily.in/articles/world/trump-ruled-loss-on-mail-voting-case-supreme-court-examines-executive-order/","article",200,"index,follow","YES","https://thesamachardaily.in/articles/world/trump-ruled-loss-on-mail-voting-case-supreme-court-examines-executive-order/","SELF_CANONICAL","YES",0,"THIN_CONTENT_CRAWLED_AT_RISK","YES"
"https://thesamachardaily.in/articles/world/trump-says-hes-happy-as-prince-harry-meghan-return-to-britain-with-children/","article",200,"index,follow","YES","https://thesamachardaily.in/articles/world/trump-says-hes-happy-as-prince-harry-meghan-return-to-britain-with-children/","SELF_CANONICAL","YES",0,"THIN_CONTENT_CRAWLED_AT_RISK","YES"
"https://thesamachardaily.in/articles/world/trump-says-us-has-entered-deal-with-venezuela-to-take-control-of-65-billion-barrels-o/","article",200,"index,follow","YES","https://thesamachardaily.in/articles/world/trump-says-us-has-entered-deal-with-venezuela-to-take-control-of-65-billion-barrels-o/","SELF_CANONICAL","YES",0,"THIN_CONTENT_CRAWLED_AT_RISK","YES"
"https://thesamachardaily.in/articles/world/typhoon-dujuan-kills-two-cuts-power-to-46000-homes-as-record-rain-hits-tokyo/","article",200,"index,follow","YES","https://thesamachardaily.in/articles/world/typhoon-dujuan-kills-two-cuts-power-to-46000-homes-as-record-rain-hits-tokyo/","SELF_CANONICAL","YES",0,"THIN_CONTENT_CRAWLED_AT_RISK","YES"
"https://thesamachardaily.in/articles/world/uk-mi5-chief-warns-next-major-shock-could-be-planned-in-unexpected-locations/","article",200,"noindex,follow","NO","https://thesamachardaily.in/articles/world/uk-mi5-chief-warns-next-major-shock-could-be-planned-in-unexpected-locations/","SELF_CANONICAL","YES",0,"EXCLUDED_BY_NOINDEX_LOCAL","NO"
"https://thesamachardaily.in/articles/world/unity-and-diversity-in-indias-dna-rss-chief-mohan-bhagwat-at-new-york-event/","article",200,"index,follow","YES","https://thesamachardaily.in/articles/world/unity-and-diversity-in-indias-dna-rss-chief-mohan-bhagwat-at-new-york-event/","SELF_CANONICAL","YES",0,"THIN_CONTENT_CRAWLED_AT_RISK","YES"
"https://thesamachardaily.in/articles/world/us-diesel-prices-hit-record-high-as-iran-war-drives-fuel-costs-past-2022-peak/","article",200,"index,follow","YES","https://thesamachardaily.in/articles/world/us-diesel-prices-hit-record-high-as-iran-war-drives-fuel-costs-past-2022-peak/","SELF_CANONICAL","YES",0,"THIN_CONTENT_CRAWLED_AT_RISK","YES"
"https://thesamachardaily.in/articles/world/us-forces-intercept-and-sink-narco-refueling-vessel-in-eastern-pacific/","article",200,"index,follow","YES","https://thesamachardaily.in/articles/world/us-forces-intercept-and-sink-narco-refueling-vessel-in-eastern-pacific/","SELF_CANONICAL","YES",0,"THIN_CONTENT_CRAWLED_AT_RISK","YES"
"https://thesamachardaily.in/articles/world/us-iran-exchange-fire-in-flare-up-bessent-signals-more-sanctions/","article",200,"index,follow","YES","https://thesamachardaily.in/articles/world/us-iran-exchange-fire-in-flare-up-bessent-signals-more-sanctions/","SELF_CANONICAL","YES",0,"THIN_CONTENT_CRAWLED_AT_RISK","YES"
"https://thesamachardaily.in/articles/world/us-judge-wont-immediately-block-trumps-new-birthright-citizenship-order/","article",200,"index,follow","YES","https://thesamachardaily.in/articles/world/us-judge-wont-immediately-block-trumps-new-birthright-citizenship-order/","SELF_CANONICAL","YES",0,"THIN_CONTENT_CRAWLED_AT_RISK","YES"
"https://thesamachardaily.in/articles/world/us-treasury-adds-iran-linked-individual-hong-kong-based-company-to-sanctions-lis/","article",200,"index,follow","YES","https://thesamachardaily.in/articles/world/us-treasury-adds-iran-linked-individual-hong-kong-based-company-to-sanctions-lis/","SELF_CANONICAL","YES",0,"THIN_CONTENT_CRAWLED_AT_RISK","YES"
"https://thesamachardaily.in/articles/world/us-vice-president-jd-vance-says-irans-control-of-strait-of-hormuz-is-gone/","article",200,"index,follow","YES","https://thesamachardaily.in/articles/world/us-vice-president-jd-vance-says-irans-control-of-strait-of-hormuz-is-gone/","SELF_CANONICAL","YES",0,"THIN_CONTENT_CRAWLED_AT_RISK","YES"
"https://thesamachardaily.in/articles/world/uss-abraham-lincoln-arrives-in-thailand-after-months-long-middle-east-deployment/","article",200,"index,follow","YES","https://thesamachardaily.in/articles/world/uss-abraham-lincoln-arrives-in-thailand-after-months-long-middle-east-deployment/","SELF_CANONICAL","YES",0,"THIN_CONTENT_CRAWLED_AT_RISK","YES"
"https://thesamachardaily.in/articles/world/venomous-views-money-for-jam-and-a-shock-guest-star-five-things-we-learnt-from-week-f/","article",200,"index,follow","YES","https://thesamachardaily.in/articles/world/venomous-views-money-for-jam-and-a-shock-guest-star-five-things-we-learnt-from-week-f/","SELF_CANONICAL","YES",0,"THIN_CONTENT_CRAWLED_AT_RISK","YES"
"https://thesamachardaily.in/articles/world/violence-erupts-in-kurdish-syrian-town-after-former-fighter-killing-state-media-repor/","article",200,"noindex,follow","NO","https://thesamachardaily.in/articles/world/violence-erupts-in-kurdish-syrian-town-after-former-fighter-killing-state-media-repor/","SELF_CANONICAL","YES",0,"EXCLUDED_BY_NOINDEX_LOCAL","NO"
"https://thesamachardaily.in/articles/world/warsh-calls-for-a-quieter-fed-focused-on-reducing-inflation-national/","article",200,"index,follow","YES","https://thesamachardaily.in/articles/world/warsh-calls-for-a-quieter-fed-focused-on-reducing-inflation-national/","SELF_CANONICAL","YES",0,"THIN_CONTENT_CRAWLED_AT_RISK","YES"
"https://thesamachardaily.in/articles/world/watch-sebastian-bach-play-his-first-show-with-sebastian-bach/","article",200,"index,follow","YES","https://thesamachardaily.in/articles/world/watch-sebastian-bach-play-his-first-show-with-sebastian-bach/","SELF_CANONICAL","YES",0,"THIN_CONTENT_CRAWLED_AT_RISK","YES"
"https://thesamachardaily.in/articles/world/when-rakhi-unified-bengal-the-story-of-rabindranath-tagores-1905-anti-partition-/","article",200,"index,follow","YES","https://thesamachardaily.in/articles/world/when-rakhi-unified-bengal-the-story-of-rabindranath-tagores-1905-anti-partition-/","SELF_CANONICAL","YES",0,"THIN_CONTENT_CRAWLED_AT_RISK","YES"
"https://thesamachardaily.in/articles/world/white-house-push-to-keep-us-firms-from-french-space-summit-draws-insider-criticism/","article",200,"index,follow","YES","https://thesamachardaily.in/articles/world/white-house-push-to-keep-us-firms-from-french-space-summit-draws-insider-criticism/","SELF_CANONICAL","YES",0,"THIN_CONTENT_CRAWLED_AT_RISK","YES"
"https://thesamachardaily.in/articles/world/will-paris-is-always-a-good-idea-get-a-season-2-one-hallmark-star-has-strong-feelings/","article",200,"index,follow","YES","https://thesamachardaily.in/articles/world/will-paris-is-always-a-good-idea-get-a-season-2-one-hallmark-star-has-strong-feelings/","SELF_CANONICAL","YES",0,"THIN_CONTENT_CRAWLED_AT_RISK","YES"
"https://thesamachardaily.in/articles/world/witkoff-and-kushner-arrive-in-moscow-as-zelenskyy-demands-air-pause/","article",200,"index,follow","YES","https://thesamachardaily.in/articles/world/witkoff-and-kushner-arrive-in-moscow-as-zelenskyy-demands-air-pause/","SELF_CANONICAL","YES",0,"THIN_CONTENT_CRAWLED_AT_RISK","YES"
"https://thesamachardaily.in/business/2/","pagination",200,"index,follow","NO","https://thesamachardaily.in/business/2/","SELF_CANONICAL","NO",0,"INDEXABLE_CLEAN","NO"
"https://thesamachardaily.in/business/3/","pagination",200,"index,follow","NO","https://thesamachardaily.in/business/3/","SELF_CANONICAL","NO",0,"INDEXABLE_CLEAN","NO"
"https://thesamachardaily.in/business/","category",200,"index,follow","YES","https://thesamachardaily.in/business/","SELF_CANONICAL","NO",0,"INDEXABLE_CLEAN","NO"
"https://thesamachardaily.in/contact/","static",200,"index,follow","YES","https://thesamachardaily.in/contact/","SELF_CANONICAL","NO",0,"INDEXABLE_CLEAN","NO"
"https://thesamachardaily.in/editorial/","static",200,"index,follow","YES","https://thesamachardaily.in/editorial/","SELF_CANONICAL","NO",0,"INDEXABLE_CLEAN","NO"
"https://thesamachardaily.in/","home",200,"index,follow","YES","https://thesamachardaily.in/","SELF_CANONICAL","YES",0,"MISSING_VIDEOOBJECT_SCHEMA","YES"
"https://thesamachardaily.in/india/2/","pagination",200,"index,follow","NO","https://thesamachardaily.in/india/2/","SELF_CANONICAL","NO",0,"INDEXABLE_CLEAN","NO"
"https://thesamachardaily.in/india/3/","pagination",200,"index,follow","NO","https://thesamachardaily.in/india/3/","SELF_CANONICAL","NO",0,"INDEXABLE_CLEAN","NO"
"https://thesamachardaily.in/india/4/","pagination",200,"index,follow","NO","https://thesamachardaily.in/india/4/","SELF_CANONICAL","NO",0,"INDEXABLE_CLEAN","NO"
"https://thesamachardaily.in/india/5/","pagination",200,"index,follow","NO","https://thesamachardaily.in/india/5/","SELF_CANONICAL","NO",0,"INDEXABLE_CLEAN","NO"
"https://thesamachardaily.in/india/","category",200,"index,follow","YES","https://thesamachardaily.in/india/","SELF_CANONICAL","NO",0,"INDEXABLE_CLEAN","NO"
"https://thesamachardaily.in/privacy/","static",200,"index,follow","YES","https://thesamachardaily.in/privacy/","SELF_CANONICAL","NO",0,"INDEXABLE_CLEAN","NO"
"https://thesamachardaily.in/search/","static",200,"noindex,follow","NO","https://thesamachardaily.in/search/","SELF_CANONICAL","NO",0,"EXCLUDED_BY_NOINDEX_LOCAL","NO"
"https://thesamachardaily.in/sports/2/","pagination",200,"index,follow","NO","https://thesamachardaily.in/sports/2/","SELF_CANONICAL","NO",0,"INDEXABLE_CLEAN","NO"
"https://thesamachardaily.in/sports/3/","pagination",200,"index,follow","NO","https://thesamachardaily.in/sports/3/","SELF_CANONICAL","NO",0,"INDEXABLE_CLEAN","NO"
"https://thesamachardaily.in/sports/","category",200,"index,follow","YES","https://thesamachardaily.in/sports/","SELF_CANONICAL","NO",0,"INDEXABLE_CLEAN","NO"
"https://thesamachardaily.in/tech/2/","pagination",200,"index,follow","NO","https://thesamachardaily.in/tech/2/","SELF_CANONICAL","NO",0,"INDEXABLE_CLEAN","NO"
"https://thesamachardaily.in/tech/3/","pagination",200,"index,follow","NO","https://thesamachardaily.in/tech/3/","SELF_CANONICAL","NO",0,"INDEXABLE_CLEAN","NO"
"https://thesamachardaily.in/tech/","category",200,"index,follow","YES","https://thesamachardaily.in/tech/","SELF_CANONICAL","NO",0,"INDEXABLE_CLEAN","NO"
"https://thesamachardaily.in/terms/","static",200,"index,follow","YES","https://thesamachardaily.in/terms/","SELF_CANONICAL","NO",0,"INDEXABLE_CLEAN","NO"
"https://thesamachardaily.in/world/2/","pagination",200,"index,follow","NO","https://thesamachardaily.in/world/2/","SELF_CANONICAL","NO",0,"INDEXABLE_CLEAN","NO"
"https://thesamachardaily.in/world/3/","pagination",200,"index,follow","NO","https://thesamachardaily.in/world/3/","SELF_CANONICAL","NO",0,"INDEXABLE_CLEAN","NO"
"https://thesamachardaily.in/world/","category",200,"index,follow","YES","https://thesamachardaily.in/world/","SELF_CANONICAL","NO",0,"INDEXABLE_CLEAN","NO"